{"type":"FeatureCollection","features":[{"type":"Feature","properties":{"name":"津巴布韦","full_name":"津巴布韦共和国","iso_a2":"ZW","iso_a3":"ZWE","iso_n3":"716","NAME_ZH":"津巴布韦","ADM0_A3":"ZWE"},"geometry":{"type":"MultiPolygon","coordinates":[[[[25.258789,-17.793555],[26.168066,-19.538281],[27.178223,-20.100977],[27.280762,-20.478711],[27.679297,-20.503027],[27.669434,-21.064258],[28.014063,-21.554199],[29.025586,-21.796875],[29.364844,-22.193945],[31.287891,-22.402051],[32.429785,-21.29707],[32.492383,-20.659766],[32.992773,-19.984863],[32.699707,-18.940918],[32.993066,-18.35957],[32.948047,-16.712305],[31.23623,-16.023633],[30.437793,-15.995313],[30.396094,-15.643066],[29.487305,-15.696777],[28.913086,-15.987793],[28.760547,-16.532129],[27.932227,-16.896191],[27.020801,-17.958398],[25.258789,-17.793555]]]]}},{"type":"Feature","properties":{"name":"赞比亚","full_name":"赞比亚共和国","iso_a2":"ZM","iso_a3":"ZMB","iso_n3":"894","NAME_ZH":"赞比亚","ADM0_A3":"ZMB"},"geometry":{"type":"MultiPolygon","coordinates":[[[[21.978906,-13.000977],[22.040234,-16.262793],[23.380664,-17.640625],[24.73291,-17.517773],[25.258789,-17.793555],[27.020801,-17.958398],[27.932227,-16.896191],[28.760547,-16.532129],[28.913086,-15.987793],[29.487305,-15.696777],[30.396094,-15.643066],[30.231836,-14.990332],[33.201758,-14.013379],[32.67041,-13.59043],[33.021582,-12.630469],[33.512305,-12.347754],[33.252344,-12.112598],[33.261328,-10.893359],[33.661523,-10.553125],[32.919922,-9.407422],[31.033398,-8.597656],[30.751172,-8.193652],[28.898145,-8.485449],[28.400684,-9.224805],[28.645508,-10.550195],[28.383398,-11.566699],[29.064355,-12.348828],[29.485547,-12.418457],[29.795117,-12.155469],[29.775195,-13.438086],[29.554199,-13.248926],[29.014258,-13.368848],[28.412891,-12.518066],[27.573828,-12.227051],[27.15918,-11.579199],[26.824023,-11.965234],[26.025977,-11.890137],[25.349414,-11.623047],[25.28877,-11.212402],[24.37793,-11.41709],[24.365723,-11.129883],[23.966504,-10.871777],[23.962988,-12.988477],[21.978906,-13.000977]]]]}},{"type":"Feature","properties":{"name":"也门","full_name":"也门共和国","iso_a2":"YE","iso_a3":"YEM","iso_n3":"887","NAME_ZH":"也门","ADM0_A3":"YEM"},"geometry":{"type":"MultiPolygon","coordinates":[[[[42.657812,15.232812],[42.936426,14.938574],[43.231934,13.26709],[43.487598,12.698828],[44.005859,12.607666],[45.038672,12.815869],[45.657324,13.338721],[46.788867,13.465576],[47.989941,14.048096],[48.668359,14.050146],[49.349902,14.637793],[52.21748,15.655518],[52.327734,16.293555],[53.085645,16.648389],[51.977637,18.996143],[49.041992,18.581787],[48.172168,18.156934],[47.143555,16.94668],[46.727637,17.265576],[43.916992,17.324707],[43.417969,17.51626],[43.190918,17.359375],[43.165039,16.689404],[42.799316,16.371777],[42.657812,15.232812]]],[[[53.31582,12.533154],[53.718848,12.318994],[54.511133,12.552783],[53.763184,12.636816],[53.31582,12.533154]]]]}},{"type":"Feature","properties":{"name":"越南","full_name":"越南社会主义共和国","iso_a2":"VN","iso_a3":"VNM","iso_n3":"704","NAME_ZH":"越南","ADM0_A3":"VNM"},"geometry":{"type":"MultiPolygon","coordinates":[[[[102.127441,22.379199],[102.662012,21.676025],[102.949609,21.681348],[102.851172,21.265918],[103.104492,20.89165],[103.635059,20.69707],[104.101367,20.945508],[104.583203,20.64668],[104.367773,20.441406],[104.92793,20.018115],[104.587891,19.61875],[104.032031,19.675146],[103.891602,19.30498],[105.146484,18.650977],[105.114551,18.405273],[106.502246,16.954102],[106.656445,16.492627],[107.396387,16.043018],[107.165918,15.80249],[107.653125,15.255225],[107.519434,14.705078],[107.331445,14.126611],[107.605469,13.437793],[107.506445,12.364551],[106.413867,11.948438],[106.399219,11.687012],[105.851465,11.63501],[106.163965,10.794922],[105.755078,10.98999],[105.045703,10.911377],[104.850586,10.534473],[104.426367,10.41123],[105.084473,9.995703],[104.77041,8.597656],[105.114355,8.629199],[106.168359,9.396729],[105.830957,10.000732],[106.484082,9.559424],[106.136426,10.22168],[106.595605,9.859863],[106.785254,10.116455],[106.464063,10.298291],[106.757422,10.295801],[106.605859,10.464941],[106.947461,10.400342],[107.006641,10.660547],[107.261523,10.398389],[108.001367,10.720361],[108.986719,11.336377],[109.198633,11.724854],[109.423926,12.955957],[108.821289,15.37793],[106.370508,17.746875],[106.499023,17.946436],[105.621777,18.966309],[105.984082,19.939062],[106.572852,20.392188],[106.683398,21.000293],[107.164746,20.94873],[107.972656,21.507959],[107.68453762799923,21.611610629873944],[107.603219,21.597579],[107.584741,21.614828],[107.547168,21.58645],[107.486806,21.59591],[107.500973,21.613715],[107.477567,21.659888],[107.431372,21.642088],[107.388256,21.594241],[107.363619,21.602031],[107.356843,21.667674],[107.310648,21.733844],[107.271844,21.727173],[107.242279,21.703265],[107.199163,21.718833],[107.194851,21.736624],[107.148656,21.758858],[107.093837,21.803317],[107.018077,21.81943],[107.01856623701225,21.851196254511017],[106.70252414542466,21.964893543838116],[106.698404,21.959925],[106.69551799467835,21.967414031993574],[106.663574,21.978906],[106.58481950967278,22.34244248313659],[106.562897,22.345706],[106.57999246798981,22.364724460330375],[106.550391,22.501367],[106.60010199682416,22.561383618733007],[106.61402,22.602303],[106.62637238956252,22.593100145169224],[106.780273,22.778906],[105.87945567579416,22.91720148417722],[105.879205,22.916865],[105.87897186024333,22.917275760619354],[105.842969,22.922803],[105.64032510878069,23.073617886020486],[105.625438,23.064513],[105.574931,23.066165],[105.56592594138675,23.12898842733323],[105.28099175706679,23.34104671477031],[105.260186,23.31811],[105.238012,23.26424],[105.181962,23.279084],[105.122215,23.247745],[105.11748261986668,23.249902353297845],[104.81368123733272,23.06652947709812],[104.821021,23.032022],[104.860441,22.970874],[104.846275,22.926235],[104.772362,22.893711],[104.760659,22.862282],[104.732942,22.852356],[104.737869,22.825882],[104.674428,22.817056],[104.596203,22.846289],[104.527834,22.814298],[104.498885,22.774574],[104.422508,22.734838],[104.375697,22.690122],[104.323342,22.728767],[104.272835,22.73815],[104.27214881566151,22.73966342767799],[104.01631938567617,22.585246163340145],[104.009213,22.575228],[104.009213,22.517745],[103.964865,22.502265],[103.90761921054762,22.552746325745954],[103.57699497213306,22.676257475645322],[103.580519,22.66693],[103.529396,22.59291],[103.50907,22.601198],[103.457947,22.658646],[103.436389,22.6973],[103.43908292539787,22.727777217691216],[103.32666,22.769775],[103.29316387289681,22.738532476268485],[103.288564,22.732078],[103.283021,22.678526],[103.220195,22.643734],[103.19615089114168,22.64804648141265],[103.19467522358838,22.646670096064817],[103.161065,22.590147],[103.183238,22.558649],[103.071753,22.488441],[103.081608,22.454154],[103.030485,22.441432],[103.00101039693476,22.46603494609523],[102.981934,22.448242],[102.470898,22.750928],[102.44519232131539,22.723106333148674],[102.43672,22.699508],[102.41618567619625,22.691711977571444],[102.39070303843624,22.66413171147732],[102.404691,22.629925],[102.356648,22.563623],[102.322771,22.554227],[102.25625,22.457473],[102.270416,22.419858],[102.179257,22.430369],[102.145381,22.397727],[102.14512154445545,22.398334935822767],[102.127441,22.379199]]],[[[103.849512,10.371094],[104.018457,10.029199],[104.063965,10.39082],[103.849512,10.371094]]]]}},{"type":"Feature","properties":{"name":"委内瑞拉","full_name":"委内瑞拉玻利瓦尔共和国","iso_a2":"VE","iso_a3":"VEN","iso_n3":"862","NAME_ZH":"委内瑞拉","ADM0_A3":"VEN"},"geometry":{"type":"MultiPolygon","coordinates":[[[[-73.366211,9.194141],[-72.796387,9.108984],[-72.390332,8.287061],[-72.471973,7.524268],[-72.006641,7.032617],[-70.129199,6.953613],[-69.427148,6.123975],[-67.481982,6.180273],[-67.855273,4.506885],[-67.311133,3.415869],[-67.859082,2.793604],[-67.21084,2.390137],[-66.876025,1.223047],[-66.347119,0.767188],[-65.681445,0.983447],[-65.473389,0.69126],[-64.205029,1.529492],[-64.008496,1.931592],[-63.43252,2.155566],[-63.389258,2.411914],[-64.046582,2.502393],[-64.221094,3.587402],[-64.788672,4.276025],[-64.021484,3.929102],[-63.338672,3.943896],[-62.856982,3.593457],[-62.712109,4.01792],[-61.002832,4.535254],[-60.603857,4.949365],[-60.742139,5.202051],[-61.39082,5.93877],[-61.128711,6.214307],[-61.145605,6.694531],[-60.3521,7.002881],[-60.718652,7.535937],[-59.849072,8.248682],[-60.017529,8.549316],[-61.304004,8.4104],[-61.618701,8.597461],[-61.247266,8.600342],[-60.79248,9.360742],[-61.588867,9.894531],[-61.735938,9.631201],[-62.0771,9.975049],[-62.32041,9.783057],[-62.550342,10.200439],[-62.740576,10.056152],[-62.913574,10.531494],[-61.879492,10.741016],[-64.298193,10.635156],[-63.731885,10.503418],[-65.129102,10.070068],[-65.851758,10.257764],[-66.247217,10.632227],[-68.139941,10.492725],[-68.398633,11.160986],[-68.827979,11.431738],[-69.631592,11.479932],[-70.003955,12.177881],[-70.286523,11.886035],[-69.804785,11.474219],[-71.469531,10.96416],[-71.494238,10.533203],[-71.052686,9.705811],[-71.241406,9.160449],[-71.619531,9.047949],[-72.112842,9.815576],[-71.594336,10.657373],[-71.956934,11.569922],[-71.319727,11.861914],[-71.958105,11.666406],[-72.690088,10.83584],[-73.366211,9.194141]]],[[[-64.402344,10.981592],[-63.917627,10.887549],[-63.849365,11.131006],[-64.402344,10.981592]]]]}},{"type":"Feature","properties":{"name":"梵蒂冈","full_name":"梵蒂冈城国","iso_a2":"VA","iso_a3":"VAT","iso_n3":"336","NAME_ZH":"梵蒂冈","ADM0_A3":"VAT"},"geometry":{"type":"MultiPolygon","coordinates":[[[[12.430566,41.897559],[12.43916,41.898389],[12.430566,41.905469],[12.430566,41.897559]]]]}},{"type":"Feature","properties":{"name":"瓦努阿图","full_name":"瓦努阿图共和国","iso_a2":"VU","iso_a3":"VUT","iso_n3":"548","NAME_ZH":"瓦努阿图","ADM0_A3":"VUT"},"geometry":{"type":"MultiPolygon","coordinates":[[[[166.567383,-14.641797],[166.631055,-15.406055],[166.758301,-15.631152],[167.093945,-15.580859],[167.075586,-14.935645],[166.810156,-15.157422],[166.745801,-14.826855],[166.567383,-14.641797]]],[[[167.199512,-15.885059],[167.449316,-16.55498],[167.836621,-16.449707],[167.4125,-16.095898],[167.199512,-15.885059]]],[[[167.674219,-15.451562],[167.911328,-15.435938],[168.002539,-15.283203],[167.674219,-15.451562]]],[[[167.929004,-16.228711],[168.29668,-16.336523],[168.163867,-16.081641],[167.929004,-16.228711]]],[[[168.158203,-17.710547],[168.524609,-17.798047],[168.445801,-17.542188],[168.158203,-17.710547]]],[[[168.986914,-18.871289],[169.334375,-18.940234],[169.01582,-18.64375],[168.986914,-18.871289]]],[[[169.247461,-19.344727],[169.347266,-19.623535],[169.491309,-19.540137],[169.247461,-19.344727]]]]}},{"type":"Feature","properties":{"name":"乌兹别克斯坦","full_name":"乌兹别克斯坦共和国","iso_a2":"UZ","iso_a3":"UZB","iso_n3":"860","NAME_ZH":"乌兹别克斯坦","ADM0_A3":"UZB"},"geometry":{"type":"MultiPolygon","coordinates":[[[[55.975684,44.994922],[55.977441,41.322217],[57.017969,41.263477],[56.964063,41.856543],[58.028906,42.487646],[58.474414,42.299365],[58.151563,42.628076],[58.589063,42.778467],[59.985156,42.211719],[60.089648,41.399414],[61.902832,41.093701],[62.483203,39.975635],[63.763672,39.160547],[65.612891,38.238574],[66.60625,37.986719],[66.522266,37.348486],[67.758984,37.172217],[68.350293,38.211035],[68.13252,38.927637],[67.357617,39.216699],[67.426172,39.465576],[68.463281,39.536719],[68.97207,40.089941],[68.630664,40.16709],[69.274902,40.198096],[69.357227,40.767383],[69.712891,40.656982],[70.401953,41.035107],[70.751074,40.721777],[70.371582,40.384131],[70.958008,40.238867],[71.69248,40.152344],[73.136914,40.810645],[72.187305,41.025928],[71.664941,41.541211],[71.393066,41.123389],[70.200879,41.514453],[71.228516,42.162891],[70.946777,42.248682],[69.153613,41.425244],[68.572656,40.622656],[68.291895,40.656104],[67.935742,41.196582],[66.709668,41.17915],[66.498633,41.994873],[66.00957,42.004883],[66.100293,42.99082],[65.803027,42.876953],[64.905469,43.714697],[61.990234,43.492139],[61.00791,44.393799],[58.555273,45.555371],[55.975684,44.994922]]]]}},{"type":"Feature","properties":{"name":"乌拉圭","full_name":"乌拉圭东岸共和国","iso_a2":"UY","iso_a3":"URY","iso_n3":"858","NAME_ZH":"乌拉圭","ADM0_A3":"URY"},"geometry":{"type":"MultiPolygon","coordinates":[[[[-58.438135,-33.719141],[-57.829102,-34.477344],[-57.170703,-34.452344],[-56.249951,-34.90127],[-54.902295,-34.932813],[-53.785303,-34.380371],[-53.370605,-33.742188],[-53.531348,-33.170898],[-53.125586,-32.736719],[-53.761719,-32.056836],[-55.603027,-30.850781],[-56.004687,-31.079199],[-56.044824,-30.777637],[-56.832715,-30.107227],[-57.608887,-30.187793],[-58.201172,-32.47168],[-58.092676,-32.967383],[-58.363525,-33.182324],[-58.438135,-33.719141]]]]}},{"type":"Feature","properties":{"name":"密克罗尼西亚","full_name":"密克罗尼西亚联邦","iso_a2":"FM","iso_a3":"FSM","iso_n3":"583","NAME_ZH":"密克罗尼西亚","ADM0_A3":"FSM"},"geometry":{"type":"MultiPolygon","coordinates":[[[[158.134766,6.944824],[158.314844,6.813672],[158.294629,6.951074],[158.134766,6.944824]]]]}},{"type":"Feature","properties":{"name":"马绍尔群岛","full_name":"马绍尔群岛共和国","iso_a2":"MH","iso_a3":"MHL","iso_n3":"584","NAME_ZH":"马绍尔群岛","ADM0_A3":"MHL"},"geometry":{"type":"MultiPolygon","coordinates":[[[[171.035742,7.156104],[171.235352,7.06875],[171.39375,7.110938],[171.101953,7.138232],[171.035742,7.156104]]]]}},{"type":"Feature","properties":{"name":"北马里亚纳群岛","full_name":"北马里亚纳群岛联邦（美国）","iso_a2":"MP","iso_a3":"MNP","iso_n3":"580","NAME_ZH":"北马里亚纳群岛","ADM0_A3":"MNP"},"geometry":{"type":"MultiPolygon","coordinates":[[[[145.713184,15.215283],[145.751953,15.133154],[145.821875,15.265381],[145.713184,15.215283]]]]}},{"type":"Feature","properties":{"name":"美属维尔京群岛","full_name":"美属维尔京群岛","iso_a2":"VI","iso_a3":"VIR","iso_n3":"850","NAME_ZH":"美属维尔京群岛","ADM0_A3":"VIR"},"geometry":{"type":"MultiPolygon","coordinates":[[[[-64.889111,17.701709],[-64.580469,17.750195],[-64.765625,17.794336],[-64.889111,17.701709]]]]}},{"type":"Feature","properties":{"name":"关岛","full_name":"关岛","iso_a2":"GU","iso_a3":"GUM","iso_n3":"316","NAME_ZH":"关岛","ADM0_A3":"GUM"},"geometry":{"type":"MultiPolygon","coordinates":[[[[144.649316,13.428711],[144.741797,13.259277],[144.875391,13.614648],[144.649316,13.428711]]]]}},{"type":"Feature","properties":{"name":"美属萨摩亚","full_name":"美属萨摩亚","iso_a2":"AS","iso_a3":"ASM","iso_n3":"016","NAME_ZH":"美属萨摩亚","ADM0_A3":"ASM"},"geometry":{"type":"MultiPolygon","coordinates":[[[[-170.820508,-14.312109],[-170.72627,-14.351172],[-170.568115,-14.266797],[-170.820508,-14.312109]]]]}},{"type":"Feature","properties":{"name":"波多黎各","full_name":"波多黎各自由邦","iso_a2":"PR","iso_a3":"PRI","iso_n3":"630","NAME_ZH":"波多黎各","ADM0_A3":"PRI"},"geometry":{"type":"MultiPolygon","coordinates":[[[[-67.196875,17.994189],[-65.970801,17.974365],[-65.62085,18.242334],[-66.129395,18.444922],[-67.158643,18.499219],[-67.196875,17.994189]]]]}},{"type":"Feature","properties":{"name":"美国","full_name":"美利坚合众国","iso_a2":"US","iso_a3":"USA","iso_n3":"840","NAME_ZH":"美国","ADM0_A3":"USA"},"geometry":{"type":"MultiPolygon","coordinates":[[[[-178.168262,51.903027],[-177.879053,51.649707],[-177.644482,51.82627],[-178.168262,51.903027]]],[[[-177.670215,51.701074],[-177.148193,51.716748],[-177.110059,51.92876],[-177.670215,51.701074]]],[[[-176.961621,51.603662],[-176.452344,51.735693],[-176.593311,51.866699],[-176.961621,51.603662]]],[[[-175.295557,52.022168],[-174.677393,52.03501],[-174.045605,52.367236],[-175.295557,52.022168]]],[[[-173.99248,52.12334],[-173.0229,52.07915],[-173.55332,52.136279],[-173.99248,52.12334]]],[[[-171.631836,63.351221],[-170.848389,63.444385],[-169.676367,62.956104],[-168.761328,63.21377],[-170.299365,63.680615],[-171.463037,63.640039],[-171.631836,63.351221]]],[[[-169.088916,52.832031],[-167.964355,53.345117],[-167.828076,53.507959],[-168.287695,53.500146],[-169.088916,52.832031]]],[[[-168.088379,65.657764],[-166.157031,65.28584],[-166.928418,65.15708],[-166.142773,64.582764],[-163.144336,64.423828],[-163.203906,64.652002],[-162.807031,64.374219],[-161.759375,64.81626],[-160.855908,64.755615],[-161.490723,64.433789],[-160.778564,63.818945],[-161.099707,63.55791],[-162.282812,63.529199],[-163.287842,63.046436],[-164.409033,63.215039],[-164.757861,62.496729],[-166.078809,61.803125],[-165.565869,61.102344],[-165.273633,61.274854],[-164.868994,61.111768],[-165.114844,60.932812],[-163.749023,60.969727],[-163.420947,60.757422],[-164.372363,60.591846],[-164.805176,60.892041],[-165.353809,60.541211],[-163.680371,59.801514],[-162.570752,59.989746],[-162.684961,60.268945],[-161.962012,60.695361],[-162.421338,60.283984],[-161.828711,59.588623],[-161.981055,59.146143],[-161.644385,59.109668],[-162.144922,58.644238],[-160.363135,59.051172],[-158.950684,58.404541],[-158.809473,58.973877],[-158.080518,58.977441],[-158.503174,58.850342],[-158.190918,58.614258],[-156.808887,59.134277],[-157.523633,58.421338],[-157.193701,58.194189],[-157.610889,58.05083],[-157.461914,57.506201],[-158.320947,57.2979],[-158.675146,56.794873],[-160.302051,56.314111],[-160.291699,55.805078],[-161.697314,55.907227],[-163.278809,55.121826],[-163.335303,54.83916],[-163.131104,54.916553],[-163.119629,55.064697],[-162.674365,54.996582],[-162.630371,55.24668],[-162.073975,55.139307],[-161.516943,55.618408],[-161.381934,55.371289],[-159.771387,55.841113],[-159.659668,55.625928],[-158.275635,56.19624],[-158.414404,56.43584],[-156.629004,57.009961],[-156.435889,57.359961],[-154.247021,58.159424],[-153.437598,58.754834],[-154.17832,59.155566],[-152.660107,59.997217],[-153.025,60.295654],[-152.540918,60.26543],[-151.593506,60.979639],[-149.433545,61.500781],[-150.053271,61.171094],[-149.075098,60.876416],[-150.44126,61.023584],[-151.356445,60.722949],[-151.853223,59.78208],[-151.046484,59.771826],[-151.884619,59.386328],[-151.738184,59.188525],[-150.934521,59.249121],[-149.713867,59.91958],[-149.598047,59.770459],[-149.395264,60.105762],[-148.430713,59.989111],[-147.964111,60.484863],[-148.640137,60.489453],[-148.256738,60.675293],[-148.556152,60.827002],[-147.751855,61.218945],[-147.891113,60.889893],[-146.284912,61.112646],[-146.570459,60.72915],[-145.674902,60.651123],[-145.898877,60.478174],[-145.248291,60.380127],[-144.691113,60.669092],[-144.901318,60.335156],[-144.147217,60.016406],[-141.40874,60.117676],[-141.408301,59.902783],[-140.419824,59.710742],[-139.431445,60.012256],[-138.988086,59.83501],[-139.286719,59.610938],[-139.512305,59.953564],[-139.773291,59.527295],[-136.607422,58.243994],[-136.061475,58.452734],[-136.989014,59.034473],[-136.22583,58.765479],[-136.150049,59.048096],[-135.897559,58.400195],[-135.090234,58.24585],[-135.363672,59.419434],[-134.776123,58.453857],[-134.208838,58.232959],[-133.876758,58.518164],[-134.031104,58.072168],[-133.194336,57.877686],[-133.535205,57.832959],[-133.117041,57.566211],[-133.64873,57.642285],[-133.465869,57.172168],[-131.551367,56.206787],[-132.15542,55.599561],[-131.032764,56.088086],[-130.748193,55.318018],[-131.047852,55.157666],[-130.575342,54.769678],[-130.214062,55.025879],[-130.025098,55.888232],[-130.097852,56.109277],[-131.824268,56.58999],[-133.401123,58.410889],[-135.475928,59.793262],[-137.438574,58.903125],[-139.185156,60.083594],[-139.079248,60.343701],[-141.002148,60.300244],[-141.002148,69.650781],[-143.218311,70.11626],[-145.197363,70.008691],[-149.269434,70.500781],[-151.944678,70.4521],[-152.491211,70.880957],[-154.195215,70.801123],[-155.166846,71.099219],[-155.973535,70.841992],[-155.579443,71.121094],[-156.470215,71.407666],[-157.909375,70.860107],[-159.680908,70.786768],[-159.865674,70.278857],[-160.117139,70.591211],[-162.073877,70.161963],[-161.880957,70.331738],[-163.86792,69.03667],[-166.209082,68.885352],[-166.786279,68.359619],[-164.125195,67.606738],[-163.531836,67.102588],[-161.719922,67.020557],[-161.856689,66.700342],[-160.360889,66.6125],[-160.231689,66.420264],[-161.591016,66.459521],[-162.361621,66.947314],[-161.916895,66.411816],[-161.034277,66.188818],[-163.695361,66.083838],[-163.638232,66.574658],[-164.460498,66.588428],[-168.088379,65.657764]]],[[[-167.780859,53.300244],[-166.354541,53.673535],[-166.230859,53.932617],[-166.615332,53.900928],[-167.038086,53.942188],[-166.808984,53.646143],[-167.780859,53.300244]]],[[[-167.436426,60.206641],[-166.14873,59.764111],[-165.591797,59.913135],[-166.135449,60.383545],[-167.436426,60.206641]]],[[[-164.823438,54.419092],[-163.083252,54.668994],[-163.378955,54.815527],[-163.476025,54.980713],[-164.478613,54.906836],[-164.823438,54.419092]]],[[[-160.795068,55.145215],[-160.487549,55.184863],[-160.684912,55.314795],[-160.795068,55.145215]]],[[[-159.78916,22.041797],[-159.372754,21.932373],[-159.352051,22.21958],[-159.78916,22.041797]]],[[[-158.273145,21.585254],[-158.110352,21.318604],[-157.6354,21.307617],[-157.799365,21.456641],[-157.9625,21.701367],[-158.273145,21.585254]]],[[[-156.697754,20.949072],[-156.408789,20.605176],[-155.989844,20.757129],[-156.486816,20.932568],[-156.697754,20.949072]]],[[[-156.048682,19.749951],[-155.881299,19.070508],[-155.581348,19.012012],[-154.804199,19.524463],[-155.831641,20.27583],[-156.048682,19.749951]]],[[[-154.673193,57.446094],[-154.338965,56.920898],[-154.24375,57.143018],[-153.793213,56.989502],[-154.027344,56.777979],[-152.679053,57.345117],[-152.940771,57.498096],[-152.216211,57.577002],[-152.898047,57.823926],[-153.841553,57.862842],[-153.687695,57.305127],[-154.116162,57.651221],[-154.673193,57.446094]]],[[[-153.381348,58.087207],[-152.068896,58.17793],[-152.416943,58.360205],[-152.841113,58.416406],[-153.381348,58.087207]]],[[[-136.568604,57.972168],[-135.910791,57.446582],[-135.564209,57.666406],[-134.931494,57.481152],[-135.338477,57.768652],[-134.954688,58.015332],[-135.613232,57.991846],[-135.730371,58.244238],[-136.568604,57.972168]]],[[[-135.812305,57.009521],[-135.454932,57.249414],[-134.681885,56.216162],[-134.969775,57.351416],[-135.448682,57.534375],[-135.812305,57.009521]]],[[[-134.923486,58.354639],[-134.516016,57.042578],[-133.911133,57.352539],[-134.292334,58.044727],[-133.822754,57.628662],[-134.240088,58.143994],[-134.680273,58.16167],[-134.923486,58.354639]]],[[[-134.373682,56.838672],[-134.1896,56.076953],[-133.738379,56.650439],[-133.9896,56.844971],[-134.373682,56.838672]]],[[[-133.979443,57.00957],[-133.48418,56.451758],[-133.158154,56.495166],[-133.328955,56.830078],[-132.95918,56.677051],[-133.366211,57.003516],[-133.979443,57.00957]]],[[[-133.742529,55.964844],[-133.241504,55.920801],[-133.680176,55.785156],[-133.033398,55.589697],[-133.118555,55.327637],[-132.064746,54.713135],[-131.976416,55.208594],[-132.631299,55.473193],[-132.172705,55.480615],[-133.566113,56.339209],[-133.742529,55.964844]]],[[[-133.737109,55.496924],[-133.650195,55.269287],[-133.305078,55.54375],[-133.737109,55.496924]]],[[[-133.429053,55.303809],[-132.705811,54.68418],[-132.862256,54.894434],[-133.429053,55.303809]]],[[[-132.659912,56.078174],[-132.287305,55.929395],[-132.112354,56.109375],[-132.379834,56.498779],[-132.659912,56.078174]]],[[[-131.7625,55.16582],[-131.447559,55.408789],[-131.187891,55.206299],[-130.97915,55.48916],[-131.269238,55.955371],[-131.7625,55.16582]]],[[[-131.56543,55.264111],[-131.329541,54.887744],[-131.339746,55.079834],[-131.56543,55.264111]]],[[[-124.709961,48.380371],[-124.139258,46.954688],[-123.842871,46.963184],[-124.112549,46.862695],[-124.072754,46.279443],[-123.220605,46.153613],[-123.989307,46.219385],[-124.14873,43.691748],[-124.539648,42.812891],[-124.071924,41.459521],[-124.324023,40.251953],[-122.998779,37.988623],[-122.521338,37.826416],[-122.393359,38.144824],[-121.525342,38.055908],[-122.314258,38.007324],[-122.070508,37.478271],[-122.445605,37.797998],[-122.499219,37.542627],[-121.807422,36.851221],[-121.877393,36.331055],[-120.659082,35.122412],[-120.644678,34.57998],[-118.506201,34.017383],[-118.410449,33.743945],[-117.467432,33.295508],[-117.128271,32.53335],[-114.724756,32.715332],[-114.835938,32.508301],[-111.041992,31.324219],[-108.214453,31.329443],[-108.211816,31.779346],[-106.44541,31.768408],[-104.978809,30.645947],[-104.110596,29.386133],[-103.168311,28.998193],[-102.614941,29.752344],[-101.440381,29.776855],[-99.505322,27.54834],[-99.107764,26.446924],[-97.14624,25.961475],[-97.485107,27.237402],[-97.768457,27.45752],[-97.439111,27.328271],[-97.156494,28.144336],[-96.421094,28.457324],[-96.640039,28.708789],[-96.011035,28.631934],[-96.234521,28.488965],[-95.273486,28.963867],[-94.888281,29.370557],[-95.022852,29.702344],[-94.52627,29.547949],[-94.759619,29.384277],[-93.890479,29.689355],[-93.841455,29.979736],[-93.826465,29.725146],[-92.26084,29.556836],[-91.893164,29.836035],[-91.248828,29.564209],[-91.290137,29.288965],[-90.751025,29.130859],[-90.379199,29.295117],[-90.212793,29.104932],[-90.159082,29.537158],[-89.376123,28.981348],[-89.015723,29.202881],[-89.720898,29.619287],[-89.354443,29.820215],[-89.400732,30.046045],[-90.175342,30.029102],[-90.331982,30.277588],[-88.135449,30.366602],[-88.011328,30.694189],[-87.790283,30.291797],[-88.005957,30.230908],[-87.281055,30.339258],[-86.997559,30.570312],[-87.201172,30.339258],[-86.257373,30.493018],[-86.454443,30.399121],[-85.603516,30.286768],[-85.318945,29.680225],[-84.309668,30.064746],[-83.694385,29.925977],[-82.651465,28.8875],[-82.843506,27.845996],[-82.405762,27.862891],[-82.7146,27.499609],[-82.441357,27.059668],[-82.242871,26.848877],[-82.013281,26.961572],[-81.715479,25.983154],[-80.94043,25.264209],[-81.110498,25.138037],[-80.484668,25.229834],[-80.126367,25.833496],[-80.050049,26.807715],[-80.838184,28.757666],[-80.456885,27.900684],[-80.524121,28.486084],[-81.249512,29.793799],[-81.516211,30.801807],[-81.380957,31.353271],[-80.694238,32.215723],[-80.802539,32.448047],[-80.579346,32.287305],[-80.63418,32.511719],[-79.940723,32.667139],[-78.841455,33.724072],[-78.01333,33.911816],[-77.953271,34.168994],[-77.927832,33.939746],[-77.412256,34.730811],[-76.439795,34.84292],[-76.974951,35.025195],[-77.070264,35.154639],[-76.77915,34.990332],[-76.512939,35.27041],[-77.03999,35.527393],[-76.173828,35.35415],[-75.758838,35.843262],[-76.083594,35.690527],[-76.069775,35.970312],[-76.726221,35.957617],[-76.733643,36.22915],[-76.559375,36.015332],[-76.147852,36.279297],[-75.820068,36.112842],[-75.946484,36.659082],[-75.53418,35.819092],[-75.999414,36.912646],[-76.487842,36.897021],[-77.250879,37.329199],[-76.283301,37.052686],[-76.757715,37.50542],[-76.453906,37.273535],[-76.305566,37.571484],[-76.549463,37.669141],[-77.111084,38.165674],[-76.49248,37.682227],[-76.344141,37.675684],[-76.264258,37.893555],[-77.273242,38.351758],[-77.2604,38.6],[-77.030371,38.889258],[-77.23252,38.407715],[-76.341162,38.087012],[-76.668555,38.5375],[-76.394092,38.368994],[-76.57041,39.269336],[-75.958936,39.585059],[-76.341162,38.709668],[-76.016943,38.625098],[-76.264648,38.436426],[-75.858691,38.362061],[-75.659277,37.953955],[-75.934375,37.151904],[-75.03877,38.426367],[-75.187109,38.591113],[-75.088672,38.777539],[-75.392188,39.092773],[-75.587598,39.640771],[-75.07417,39.983496],[-75.524219,39.490186],[-74.897021,39.145459],[-74.954297,38.949951],[-74.794482,39.001904],[-74.0646,39.993115],[-74.079932,39.788135],[-73.972266,40.400342],[-74.264209,40.528613],[-73.969922,41.249707],[-73.987109,40.751367],[-72.924707,41.285156],[-71.522852,41.378955],[-71.390137,41.795312],[-71.168555,41.489404],[-69.948633,41.677148],[-69.977881,41.961279],[-70.108936,42.07832],[-70.001416,41.826172],[-70.42666,41.757275],[-71.046191,42.331104],[-70.612939,42.623242],[-70.733105,43.07002],[-70.178809,43.766357],[-69.226074,43.986475],[-68.762695,44.570752],[-68.53252,44.258643],[-68.450586,44.507617],[-68.056641,44.384326],[-67.19126,44.675586],[-67.124854,45.169434],[-67.802246,45.727539],[-67.806787,47.082812],[-68.235498,47.345947],[-68.937207,47.21123],[-69.242871,47.462988],[-70.865039,45.270703],[-71.327295,45.290088],[-71.517529,45.007568],[-74.708887,45.003857],[-76.151172,44.303955],[-76.819971,43.628809],[-78.72041,43.624951],[-79.171875,43.466553],[-79.036719,42.802344],[-82.690039,41.675195],[-83.149658,42.141943],[-82.545312,42.624707],[-82.137842,43.570898],[-82.551074,45.347363],[-83.592676,45.817139],[-83.615967,46.116846],[-83.977783,46.084912],[-84.149463,46.542773],[-84.561768,46.457373],[-84.875977,46.899902],[-88.378174,48.303076],[-89.455664,47.99624],[-90.916064,48.209131],[-91.518311,48.058301],[-92.99624,48.611816],[-94.620898,48.742627],[-95.155273,49.369678],[-95.162061,48.991748],[-97.529834,48.993164],[-106.483838,48.993115],[-114.585107,48.993066],[-122.78877,48.993018],[-122.241992,48.010742],[-122.353809,47.371582],[-122.701953,47.110889],[-123.027588,47.138916],[-122.577881,47.293164],[-122.532812,47.919727],[-123.139062,47.386084],[-122.656641,47.881152],[-122.778613,48.137598],[-124.709961,48.380371]]],[[[-85.116748,29.632812],[-84.90791,29.642627],[-84.737158,29.732422],[-85.116748,29.632812]]],[[[-80.580566,24.954248],[-80.381836,25.142285],[-80.25708,25.347607],[-80.580566,24.954248]]],[[[-74.014893,40.581201],[-71.903223,41.060693],[-72.509766,40.986035],[-72.274121,41.153027],[-73.573828,40.919629],[-74.014893,40.581201]]],[[[172.494824,52.937891],[172.935156,52.7521],[173.436035,52.852051],[172.811816,53.012988],[172.494824,52.937891]]]]}},{"type":"Feature","properties":{"name":"南乔治亚和南桑威奇群岛","full_name":"南乔治亚和南桑威奇群岛（英国）","iso_a2":"GS","iso_a3":"SGS","iso_n3":"239","NAME_ZH":"南乔治亚和南桑威奇群岛","ADM0_A3":"SGS"},"geometry":{"type":"MultiPolygon","coordinates":[[[[-38.017432,-54.008008],[-36.085498,-54.866797],[-35.798584,-54.763477],[-36.326465,-54.251172],[-37.10332,-54.065625],[-38.017432,-54.008008]]]]}},{"type":"Feature","properties":{"name":"英属印度洋领地","full_name":"英属印度洋领地","iso_a2":"IO","iso_a3":"IOT","iso_n3":"086","NAME_ZH":"英属印度洋领地","ADM0_A3":"IOT"},"geometry":{"type":"MultiPolygon","coordinates":[[[[72.349707,-7.263379],[72.429102,-7.435352],[72.491992,-7.377441],[72.445605,-7.22041],[72.447266,-7.395703],[72.349707,-7.263379]]]]}},{"type":"Feature","properties":{"name":"圣赫勒拿","full_name":"圣赫勒拿岛（英国）","iso_a2":"SH","iso_a3":"SHN","iso_n3":"654","NAME_ZH":"圣赫勒拿","ADM0_A3":"SHN"},"geometry":{"type":"MultiPolygon","coordinates":[[[[-5.78252,-16.004004],[-5.692139,-15.997754],[-5.707861,-15.906152],[-5.78252,-16.004004]]]]}},{"type":"Feature","properties":{"name":"皮特凯恩群岛","full_name":"皮特凯恩群岛（英国）","iso_a2":"PN","iso_a3":"PCN","iso_n3":"612","NAME_ZH":"皮特凯恩群岛","ADM0_A3":"PCN"},"geometry":{"type":"MultiPolygon","coordinates":[[[[-128.342188,-24.370703],[-128.290088,-24.397363],[-128.330127,-24.323242],[-128.342188,-24.370703]]]]}},{"type":"Feature","properties":{"name":"安圭拉","full_name":"安圭拉","iso_a2":"AI","iso_a3":"AIA","iso_n3":"660","NAME_ZH":"安圭拉","ADM0_A3":"AIA"},"geometry":{"type":"MultiPolygon","coordinates":[[[[-63.16001,18.171387],[-63.001221,18.221777],[-63.026025,18.269727],[-63.16001,18.171387]]]]}},{"type":"Feature","properties":{"name":"马尔维纳斯群岛（福克兰）","full_name":"马尔维纳斯群岛（福克兰）","iso_a2":"FK","iso_a3":"FLK","iso_n3":"238","NAME_ZH":"马尔维纳斯群岛（福克兰）","ADM0_A3":"FLK"},"geometry":{"type":"MultiPolygon","coordinates":[[[[-60.961426,-52.057324],[-60.686377,-52.188379],[-59.268066,-51.427539],[-60.28623,-51.461914],[-60.568457,-51.357812],[-60.245166,-51.638867],[-60.58252,-51.712695],[-60.238477,-51.771973],[-60.961426,-52.057324]]],[[[-59.570801,-51.925391],[-59.395654,-52.308008],[-59.19585,-52.017676],[-58.652783,-52.099219],[-57.791797,-51.636133],[-57.976514,-51.384375],[-58.271582,-51.574707],[-58.850195,-51.269922],[-59.570801,-51.925391]]]]}},{"type":"Feature","properties":{"name":"开曼群岛","full_name":"开曼群岛","iso_a2":"KY","iso_a3":"CYM","iso_n3":"136","NAME_ZH":"开曼群岛","ADM0_A3":"CYM"},"geometry":{"type":"MultiPolygon","coordinates":[[[[-81.404785,19.278418],[-81.107129,19.305176],[-81.369531,19.348877],[-81.404785,19.278418]]]]}},{"type":"Feature","properties":{"name":"百慕大","full_name":"百慕大","iso_a2":"BM","iso_a3":"BMU","iso_n3":"060","NAME_ZH":"百慕大","ADM0_A3":"BMU"},"geometry":{"type":"MultiPolygon","coordinates":[[[[-64.862842,32.273877],[-64.730273,32.293457],[-64.668311,32.381934],[-64.862842,32.273877]]]]}},{"type":"Feature","properties":{"name":"英属维尔京群岛","full_name":"英属维尔京群岛","iso_a2":"VG","iso_a3":"VGB","iso_n3":"092","NAME_ZH":"英属维尔京群岛","ADM0_A3":"VGB"},"geometry":{"type":"MultiPolygon","coordinates":[[[[-64.426074,18.513086],[-64.395215,18.4646],[-64.324658,18.51748],[-64.426074,18.513086]]]]}},{"type":"Feature","properties":{"name":"特克斯和凯科斯群岛","full_name":"特克斯和凯科斯群岛","iso_a2":"TC","iso_a3":"TCA","iso_n3":"796","NAME_ZH":"特克斯和凯科斯群岛","ADM0_A3":"TCA"},"geometry":{"type":"MultiPolygon","coordinates":[[[[-71.847656,21.843457],[-71.661426,21.765234],[-71.668359,21.833447],[-71.847656,21.843457]]]]}},{"type":"Feature","properties":{"name":"蒙特塞拉特","full_name":"蒙特塞拉特","iso_a2":"MS","iso_a3":"MSR","iso_n3":"500","NAME_ZH":"蒙特塞拉特","ADM0_A3":"MSR"},"geometry":{"type":"MultiPolygon","coordinates":[[[[-62.221631,16.699512],[-62.148438,16.740332],[-62.191357,16.804395],[-62.221631,16.699512]]]]}},{"type":"Feature","properties":{"name":"泽西岛","full_name":"泽西岛","iso_a2":"JE","iso_a3":"JEY","iso_n3":"832","NAME_ZH":"泽西岛","ADM0_A3":"JEY"},"geometry":{"type":"MultiPolygon","coordinates":[[[[-2.23584,49.176367],[-2.018652,49.23125],[-2.220508,49.266357],[-2.23584,49.176367]]]]}},{"type":"Feature","properties":{"name":"根西岛","full_name":"根西岛","iso_a2":"GG","iso_a3":"GGY","iso_n3":"831","NAME_ZH":"根西岛","ADM0_A3":"GGY"},"geometry":{"type":"MultiPolygon","coordinates":[[[[-2.639014,49.450928],[-2.547363,49.428711],[-2.512305,49.494531],[-2.639014,49.450928]]]]}},{"type":"Feature","properties":{"name":"马恩岛","full_name":"马恩岛","iso_a2":"IM","iso_a3":"IMN","iso_n3":"833","NAME_ZH":"马恩岛","ADM0_A3":"IMN"},"geometry":{"type":"MultiPolygon","coordinates":[[[[-4.785352,54.073047],[-4.412061,54.185352],[-4.424707,54.407178],[-4.785352,54.073047]]]]}},{"type":"Feature","properties":{"name":"英国","full_name":"大不列颠及北爱尔兰联合王国","iso_a2":"GB","iso_a3":"GBR","iso_n3":"826","NAME_ZH":"英国","ADM0_A3":"GBR"},"geometry":{"type":"MultiPolygon","coordinates":[[[[-8.118262,54.414258],[-7.606543,54.143848],[-7.007715,54.406689],[-6.649805,54.058643],[-6.218018,54.088721],[-5.47041,54.500195],[-6.035791,55.144531],[-7.218652,55.091992],[-8.118262,54.414258]]],[[[-7.085254,58.182178],[-6.983105,57.75],[-6.198682,58.363281],[-7.085254,58.182178]]],[[[-6.761133,57.442383],[-5.949072,57.045166],[-5.672461,57.252686],[-6.135547,57.314258],[-6.144727,57.50498],[-6.305957,57.671973],[-6.761133,57.442383]]],[[[-6.313428,56.293652],[-5.777881,56.344336],[-6.286328,56.611865],[-6.313428,56.293652]]],[[[-6.132764,56.718018],[-5.652441,56.531982],[-5.188379,56.758057],[-5.768213,55.362646],[-4.996973,56.23335],[-5.228223,55.886328],[-4.800293,56.15835],[-4.584082,55.938672],[-5.135498,54.85752],[-4.91123,54.689453],[-3.03623,54.953076],[-3.592041,54.564355],[-3.165967,54.12793],[-2.867578,54.177246],[-3.0646,53.512842],[-2.749512,53.310205],[-4.268555,53.144531],[-4.683057,52.806152],[-4.101465,52.915479],[-4.149365,52.32627],[-5.262305,51.880176],[-3.562354,51.413818],[-2.667676,51.622998],[-2.433057,51.740723],[-3.135986,51.205029],[-4.188184,51.188525],[-5.622119,50.050684],[-4.19458,50.393311],[-3.679785,50.239941],[-2.999414,50.716602],[-2.03584,50.603076],[-1.416455,50.896875],[0.205078,50.763037],[0.960156,50.925879],[1.414941,51.363281],[0.424512,51.465625],[1.274414,51.845361],[1.743359,52.578516],[1.271289,52.924561],[0.045898,52.905615],[0.270996,53.335498],[-0.659912,53.724023],[0.115332,53.609277],[-0.084375,54.118066],[-1.232422,54.703711],[-1.655371,55.570361],[-2.599316,56.027295],[-3.789062,56.095215],[-2.674268,56.253418],[-3.309961,56.363477],[-2.592676,56.561572],[-1.77793,57.49375],[-2.074072,57.702393],[-4.134521,57.577734],[-3.053076,58.634814],[-4.924658,58.588379],[-5.413184,58.069727],[-5.157227,57.881348],[-5.744922,57.668311],[-5.561914,57.232715],[-5.730615,56.853076],[-6.132764,56.718018]]],[[[-4.567871,53.386475],[-4.373047,53.13418],[-4.196777,53.321436],[-4.567871,53.386475]]],[[[-3.310352,59.130811],[-2.793018,58.906934],[-3.057422,59.029639],[-3.310352,59.130811]]],[[[-1.66377,60.28252],[-1.299463,59.878662],[-1.308105,60.5375],[-1.66377,60.28252]]]]}},{"type":"Feature","properties":{"name":"阿联酋","full_name":"阿拉伯联合酋长国","iso_a2":"AE","iso_a3":"ARE","iso_n3":"784","NAME_ZH":"阿联酋","ADM0_A3":"ARE"},"geometry":{"type":"MultiPolygon","coordinates":[[[[51.568359,24.286182],[52.555078,22.932812],[55.18584,22.704102],[55.468457,23.941113],[55.985156,24.063379],[55.76084,24.242676],[55.795703,24.868115],[56.000586,24.953223],[56.063867,24.73877],[56.387988,24.979199],[56.297852,25.650684],[56.080469,26.062646],[54.147949,24.171191],[52.118555,23.971094],[51.568359,24.286182]]]]}},{"type":"Feature","properties":{"name":"乌克兰","full_name":"乌克兰","iso_a2":"UA","iso_a3":"UKR","iso_n3":"804","NAME_ZH":"乌克兰","ADM0_A3":"UKR"},"geometry":{"type":"MultiPolygon","coordinates":[[[[22.131836,48.405322],[22.87666,47.947266],[23.202637,48.084521],[24.979102,47.724121],[26.618945,48.259863],[27.549219,48.477734],[29.125391,47.964551],[29.134863,47.489697],[30.131055,46.423096],[28.958398,46.458496],[28.947754,46.049951],[28.2125,45.450439],[29.705859,45.259912],[29.628418,45.722461],[30.219043,45.866748],[30.796289,46.552002],[31.563379,46.777295],[31.872852,46.649756],[31.75918,47.212842],[32.044336,46.64248],[32.578027,46.615625],[31.554883,46.554297],[32.008496,46.42998],[31.83125,46.281689],[33.594141,46.09624],[33.806667,46.208288],[35.001674,45.733383],[34.849609,46.189893],[35.230371,46.440625],[35.014551,46.106006],[35.827148,46.624316],[38.214355,47.091455],[38.368848,47.609961],[39.778711,47.887549],[39.95791,48.268896],[39.644727,48.591211],[40.003613,48.82207],[39.686523,49.00791],[40.108789,49.251562],[40.080664,49.576855],[38.258594,50.052344],[38.046875,49.92002],[37.422852,50.411475],[36.619434,50.209229],[35.591113,50.36875],[35.311914,51.043896],[34.213867,51.255371],[34.397852,51.78042],[33.735254,52.344775],[31.763379,52.101074],[30.755273,51.895166],[30.544531,51.265039],[30.160742,51.477881],[29.346484,51.382568],[29.102051,51.627539],[28.73125,51.433398],[27.7,51.477979],[27.141992,51.752051],[25.267188,51.937744],[23.605273,51.51792],[24.089941,50.530469],[22.706152,49.606201],[22.852051,49.062744],[22.538672,49.072705],[22.131836,48.405322]]]]}},{"type":"Feature","properties":{"name":"乌干达","full_name":"乌干达共和国","iso_a2":"UG","iso_a3":"UGA","iso_n3":"800","NAME_ZH":"乌干达","ADM0_A3":"UGA"},"geometry":{"type":"MultiPolygon","coordinates":[[[[29.576953,-1.387891],[29.930078,-1.469922],[30.509961,-1.067285],[33.903223,-1.002051],[33.943164,0.173779],[34.978223,1.773633],[34.437695,3.650586],[33.976074,4.220215],[33.489355,3.755078],[32.997266,3.880176],[32.135938,3.519727],[31.798047,3.802637],[31.152344,3.785596],[30.838574,3.490723],[30.728613,2.455371],[31.252734,2.04458],[29.942871,0.819238],[29.576953,-1.387891]]]]}},{"type":"Feature","properties":{"name":"土库曼斯坦","full_name":"土库曼斯坦","iso_a2":"TM","iso_a3":"TKM","iso_n3":"795","NAME_ZH":"土库曼斯坦","ADM0_A3":"TKM"},"geometry":{"type":"MultiPolygon","coordinates":[[[[52.493848,41.780371],[52.850391,41.200293],[52.97002,41.976221],[53.804688,42.117627],[54.703711,41.071143],[54.377344,40.693262],[53.87002,40.648682],[52.943457,41.038086],[52.733691,40.39873],[53.035547,39.774414],[52.9875,39.987598],[53.487305,39.909375],[53.603125,39.546973],[53.235645,39.608545],[53.156641,39.26499],[53.70459,39.20957],[53.868652,38.949268],[53.91416,37.343555],[54.699414,37.470166],[55.380859,38.051123],[57.193555,38.216406],[58.261621,37.66582],[59.301758,37.510645],[60.341309,36.637646],[61.119629,36.642578],[61.262012,35.61958],[62.307813,35.170801],[62.688086,35.255322],[63.056641,35.445801],[63.12998,35.846191],[64.511035,36.340674],[64.816309,37.13208],[65.55498,37.251172],[65.765039,37.569141],[66.522266,37.348486],[66.60625,37.986719],[65.612891,38.238574],[63.763672,39.160547],[62.483203,39.975635],[61.902832,41.093701],[60.089648,41.399414],[59.985156,42.211719],[58.589063,42.778467],[58.151563,42.628076],[58.474414,42.299365],[58.028906,42.487646],[56.964063,41.856543],[57.017969,41.263477],[55.977441,41.322217],[55.434375,41.296289],[54.120996,42.335205],[53.055859,42.147754],[52.493848,41.780371]]]]}},{"type":"Feature","properties":{"name":"土耳其","full_name":"土耳其共和国","iso_a2":"TR","iso_a3":"TUR","iso_n3":"792","NAME_ZH":"土耳其","ADM0_A3":"TUR"},"geometry":{"type":"MultiPolygon","coordinates":[[[[26.038965,40.726758],[26.79209,40.626611],[26.202734,40.075391],[27.499414,40.973145],[28.95625,41.008203],[29.057227,41.229736],[28.197852,41.554492],[28.014453,41.969043],[27.011719,42.058643],[26.320898,41.716553],[26.624902,41.401758],[26.038965,40.726758]]],[[[26.113086,39.467383],[26.899219,39.549658],[26.681836,39.292236],[27.013672,38.886865],[26.763672,38.709619],[27.144238,38.451953],[26.674219,38.335742],[26.441309,38.641211],[26.290723,38.277197],[27.232422,37.978662],[27.067969,37.65791],[27.535059,37.163867],[27.262988,36.976562],[28.242383,37.029053],[27.453906,36.712158],[28.969629,36.715332],[29.689062,36.156689],[30.446094,36.269873],[30.644043,36.865674],[31.240625,36.821729],[32.794824,36.035889],[33.694727,36.181982],[34.703613,36.816797],[35.393164,36.575195],[36.048926,36.910596],[35.892676,35.916553],[36.153613,35.833887],[36.636719,36.233984],[36.658594,36.802539],[37.436328,36.643311],[38.191699,36.901562],[39.356641,36.681592],[40.705664,37.097705],[42.202734,37.297266],[42.358984,37.108594],[42.774609,37.371875],[44.114453,37.301855],[44.281836,36.978027],[44.765137,37.142432],[44.589941,37.710352],[44.211328,37.908057],[44.449902,38.334229],[44.023242,39.377441],[44.389355,39.422119],[44.587109,39.768555],[44.817188,39.650439],[44.768262,39.703516],[43.666211,40.126367],[43.439453,41.107129],[42.754102,41.578906],[41.510059,41.51748],[40.265234,40.961328],[39.426367,41.106445],[38.381055,40.924512],[36.405371,41.274609],[36.051758,41.682568],[35.297754,41.728516],[35.006445,42.063281],[33.381348,42.017578],[31.254883,41.107617],[29.148145,41.221045],[29.113867,40.937842],[29.849219,40.760107],[28.958008,40.630566],[29.007129,40.389746],[26.738086,40.400244],[26.181348,39.990088],[26.113086,39.467383]]]]}},{"type":"Feature","properties":{"name":"突尼斯","full_name":"突尼斯共和国","iso_a2":"TN","iso_a3":"TUN","iso_n3":"788","NAME_ZH":"突尼斯","ADM0_A3":"TUN"},"geometry":{"type":"MultiPolygon","coordinates":[[[[7.500195,33.832471],[8.333398,32.543604],[9.044043,32.072363],[9.51875,30.229395],[10.216406,30.783203],[10.274609,31.684961],[11.50498,32.413672],[11.50459,33.181934],[10.049023,34.056299],[11.120117,35.240283],[10.476562,36.175146],[11.053906,37.07251],[10.412305,36.731836],[10.196387,37.205859],[9.830273,37.135352],[9.687988,37.340381],[8.576563,36.937207],[8.207617,36.518945],[8.245605,34.734082],[7.500195,33.832471]]]]}},{"type":"Feature","properties":{"name":"特立尼达和多巴哥","full_name":"特立尼达和多巴哥共和国","iso_a2":"TT","iso_a3":"TTO","iso_n3":"780","NAME_ZH":"特立尼达和多巴哥","ADM0_A3":"TTO"},"geometry":{"type":"MultiPolygon","coordinates":[[[[-61.906104,10.069141],[-61.012109,10.134326],[-60.917627,10.840234],[-61.651172,10.718066],[-61.499316,10.268555],[-61.906104,10.069141]]]]}},{"type":"Feature","properties":{"name":"汤加","full_name":"汤加王国","iso_a2":"TO","iso_a3":"TON","iso_n3":"776","NAME_ZH":"汤加","ADM0_A3":"TON"},"geometry":{"type":"MultiPolygon","coordinates":[[[[-175.362354,-21.106836],[-175.156592,-21.263672],[-175.161914,-21.169336],[-175.362354,-21.106836]]]]}},{"type":"Feature","properties":{"name":"多哥","full_name":"多哥共和国","iso_a2":"TG","iso_a3":"TGO","iso_n3":"768","NAME_ZH":"多哥","ADM0_A3":"TGO"},"geometry":{"type":"MultiPolygon","coordinates":[[[[-0.086328,10.673047],[0.380859,10.291846],[0.233398,9.463525],[0.525684,9.398486],[0.372559,8.759277],[0.686328,8.354883],[0.525586,6.850928],[1.187207,6.089404],[1.622656,6.216797],[1.77793,6.294629],[1.530957,6.992432],[1.600195,9.050049],[1.330078,9.996973],[0.763379,10.38667],[0.900488,10.993262],[-0.068604,11.115625],[-0.086328,10.673047]]]]}},{"type":"Feature","properties":{"name":"东帝汶","full_name":"东帝汶民主共和国","iso_a2":"TL","iso_a3":"TLS","iso_n3":"626","NAME_ZH":"东帝汶","ADM0_A3":"TLS"},"geometry":{"type":"MultiPolygon","coordinates":[[[[124.036328,-9.341602],[124.282324,-9.42793],[124.444434,-9.190332],[124.036328,-9.341602]]],[[[124.922266,-8.94248],[125.149023,-9.042578],[124.960156,-9.21377],[125.068164,-9.511914],[127.296094,-8.424512],[125.381836,-8.575391],[124.922266,-8.94248]]]]}},{"type":"Feature","properties":{"name":"泰国","full_name":"泰王国","iso_a2":"TH","iso_a3":"THA","iso_n3":"764","NAME_ZH":"泰国","ADM0_A3":"THA"},"geometry":{"type":"MultiPolygon","coordinates":[[[[97.373926,18.517969],[98.660742,16.33042],[98.888281,16.351904],[98.202148,14.975928],[99.136816,13.716699],[99.123926,13.030762],[99.614746,11.781201],[98.757227,10.660937],[98.702539,10.190381],[98.241797,8.767871],[98.305469,8.226221],[98.703516,8.256738],[100.119141,6.441992],[100.261426,6.682715],[101.053516,6.242578],[101.113965,5.636768],[101.556055,5.907764],[101.873633,5.825293],[102.101074,6.242236],[101.497949,6.865283],[100.423535,7.187842],[100.160742,7.599268],[100.256641,7.774902],[100.545215,7.226904],[100.279395,8.268506],[99.835547,9.288379],[99.253906,9.265234],[99.165039,10.319824],[99.989062,12.170801],[99.990527,13.243457],[100.235645,13.484473],[100.962695,13.431982],[100.897754,12.653809],[101.835742,12.640381],[102.594141,12.203027],[102.933887,11.706689],[102.336328,13.560303],[103.199414,14.332617],[105.183301,14.34624],[105.497363,14.590674],[105.641016,15.656543],[104.819336,16.466064],[104.739648,17.46167],[103.949609,18.318994],[103.366992,18.42334],[102.680078,17.824121],[102.101465,18.210645],[100.955859,17.541113],[101.211914,19.54834],[100.513574,19.553467],[100.519531,20.17793],[100.122461,20.31665],[99.458887,20.363037],[99.485938,20.149854],[99.074219,20.099365],[98.916699,19.7729],[98.015039,19.749512],[97.745898,18.588184],[97.373926,18.517969]]],[[[98.296289,7.776074],[98.409082,7.902051],[98.32207,8.166309],[98.296289,7.776074]]]]}},{"type":"Feature","properties":{"name":"坦桑尼亚","full_name":"坦桑尼亚联合共和国","iso_a2":"TZ","iso_a3":"TZA","iso_n3":"834","NAME_ZH":"坦桑尼亚","ADM0_A3":"TZA"},"geometry":{"type":"MultiPolygon","coordinates":[[[[29.403223,-4.449316],[29.54082,-6.313867],[30.212695,-7.037891],[30.751172,-8.193652],[31.033398,-8.597656],[32.919922,-9.407422],[33.888867,-9.670117],[33.995605,-9.49541],[34.320898,-9.731543],[34.60791,-11.080469],[34.959473,-11.578125],[35.911328,-11.454688],[36.305664,-11.706348],[37.372852,-11.710449],[37.920215,-11.294727],[38.491797,-11.413281],[40.463574,-10.464355],[39.725195,-10.000488],[39.304004,-8.443848],[39.288477,-7.517871],[39.546094,-7.024023],[38.804688,-6.070117],[39.221777,-4.692383],[37.608203,-3.49707],[37.643848,-3.04541],[33.903223,-1.002051],[30.509961,-1.067285],[30.876562,-2.143359],[30.553613,-2.400098],[30.433496,-2.874512],[30.780273,-2.984863],[30.790234,-3.274609],[29.947266,-4.307324],[29.403223,-4.449316]]],[[[39.182324,-6.172559],[39.480957,-6.453711],[39.496484,-6.174609],[39.308984,-5.721973],[39.182324,-6.172559]]],[[[39.673438,-4.927051],[39.749316,-5.443848],[39.865039,-4.906152],[39.673438,-4.927051]]]]}},{"type":"Feature","properties":{"name":"塔吉克斯坦","full_name":"塔吉克斯坦共和国","iso_a2":"TJ","iso_a3":"TJK","iso_n3":"762","NAME_ZH":"塔吉克斯坦","ADM0_A3":"TJK"},"geometry":{"type":"MultiPolygon","coordinates":[[[[67.357617,39.216699],[68.13252,38.927637],[68.350293,38.211035],[67.758984,37.172217],[68.067773,36.949805],[68.911816,37.333936],[69.303906,37.116943],[69.49209,37.553076],[70.188672,37.582471],[70.214648,37.924414],[70.878906,38.456396],[71.255859,38.306982],[71.278516,37.918408],[71.582227,37.910107],[71.43291,37.127539],[71.665625,36.696924],[73.38291,37.462256],[73.720605,37.41875],[73.653516,37.239355],[74.349023,37.41875],[74.74671667966821,37.2815307712],[74.753943,37.281011],[74.75932990738745,37.27717873477398],[74.891309,37.231641],[74.9165636049049,37.24874663352609],[74.927022,37.277678],[74.97074025895463,37.2854419607084],[75.11875,37.385693],[75.08863814918224,37.49128616029719],[75.078543,37.511129],[75.035428,37.500685],[75.002167,37.511604],[75.000935,37.53059],[74.940573,37.559061],[74.891914,37.668097],[74.920863,37.684675],[74.923327,37.717347],[74.949196,37.725395],[75.006478,37.770823],[74.989848,37.797783],[74.917167,37.845057],[74.936877,37.876241],[74.919015,37.908357],[74.911008,37.966884],[74.92579,38.01735],[74.879595,38.021122],[74.821697,38.10311],[74.80445,38.167128],[74.816769,38.215576],[74.793363,38.271039],[74.806914,38.285602],[74.789668,38.324581],[74.834015,38.361193],[74.83885857999844,38.36718762007171],[74.812305,38.460303],[74.07798933462004,38.566806726692086],[74.090577,38.542102],[74.034526,38.541634],[74.011736,38.52478],[73.926121,38.536016],[73.89902,38.579071],[73.852208,38.584217],[73.80940118144716,38.60576223398534],[73.80166,38.606885],[73.80103661156616,38.60997223186337],[73.799237,38.610878],[73.80033010947636,38.61347107086132],[73.7896435124584,38.66639473937108],[73.757353,38.719755],[73.76829468726828,38.772121393565435],[73.76686947864364,38.7791795121303],[73.729636,38.837324],[73.699455,38.857832],[73.70931,38.893241],[73.73702187989272,38.92699498785647],[73.69211006329549,39.14941360154281],[73.688368,39.154999],[73.657571,39.166136],[73.639709,39.220402],[73.623079,39.235237],[73.580579,39.237555],[73.564564,39.266288],[73.542391,39.269531],[73.554709,39.295935],[73.554094,39.350102],[73.502355,39.383877],[73.592898,39.412087],[73.60354279590305,39.44403867015689],[72.22998,39.20752],[71.470312,39.603662],[70.799316,39.394727],[70.501172,39.587354],[69.297656,39.524805],[69.530273,40.097314],[69.966797,40.202246],[70.515137,39.949902],[70.958008,40.238867],[70.371582,40.384131],[70.751074,40.721777],[70.401953,41.035107],[69.712891,40.656982],[69.357227,40.767383],[69.274902,40.198096],[68.630664,40.16709],[68.97207,40.089941],[68.463281,39.536719],[67.426172,39.465576],[67.357617,39.216699]]]]}},{"type":"Feature","properties":{"name":"叙利亚","full_name":"阿拉伯叙利亚共和国","iso_a2":"SY","iso_a3":"SYR","iso_n3":"760","NAME_ZH":"叙利亚","ADM0_A3":"SYR"},"geometry":{"type":"MultiPolygon","coordinates":[[[[35.787305,32.734912],[36.818359,32.317285],[38.773535,33.372217],[40.987012,34.429053],[41.295996,36.38335],[42.358984,37.108594],[42.202734,37.297266],[40.705664,37.097705],[39.356641,36.681592],[38.191699,36.901562],[37.436328,36.643311],[36.658594,36.802539],[36.636719,36.233984],[36.153613,35.833887],[35.892676,35.916553],[35.97627,34.629199],[36.383887,34.65791],[36.584961,34.22124],[35.869141,33.431738],[35.816125,33.361879],[35.787305,32.734912]]]]}},{"type":"Feature","properties":{"name":"瑞士","full_name":"瑞士联邦","iso_a2":"CH","iso_a3":"CHE","iso_n3":"756","NAME_ZH":"瑞士","ADM0_A3":"CHE"},"geometry":{"type":"MultiPolygon","coordinates":[[[[5.97002,46.214697],[6.758105,46.415771],[7.021094,45.925781],[7.787891,45.921826],[8.422559,46.446045],[9.02373,45.845703],[9.260156,46.475195],[10.12832,46.238232],[10.452832,46.864941],[9.580273,47.057373],[9.487695,47.062256],[9.527539,47.270752],[9.524023,47.524219],[8.572656,47.775635],[8.454004,47.596191],[7.615625,47.592725],[6.968359,47.453223],[5.97002,46.214697]]]]}},{"type":"Feature","properties":{"name":"瑞典","full_name":"瑞典","iso_a2":"SE","iso_a3":"SWE","iso_n3":"752","NAME_ZH":"瑞典","ADM0_A3":"SWE"},"geometry":{"type":"MultiPolygon","coordinates":[[[[11.248242,58.369141],[12.883691,56.617725],[12.80166,56.263916],[12.471191,56.290527],[12.88584,55.411377],[14.17373,55.396631],[14.401953,55.976758],[15.82666,56.124951],[16.34873,56.709277],[16.923828,58.492578],[16.214258,58.63667],[18.285352,59.109375],[18.560254,59.394482],[17.964258,59.359375],[18.970508,59.757227],[17.955762,60.589795],[17.250977,60.700781],[17.410254,62.508398],[20.762695,63.867822],[21.519629,64.463086],[21.410352,65.317432],[22.400977,65.862109],[24.155469,65.805273],[23.638867,67.954395],[20.622168,69.036865],[20.116699,69.020898],[19.969824,68.356396],[18.303027,68.55542],[17.916699,67.964893],[17.324609,68.103809],[16.783594,67.89502],[15.483789,66.305957],[14.543262,66.129346],[14.479688,65.301465],[13.650293,64.581543],[14.141211,64.173535],[12.792773,64],[12.175195,63.595947],[12.155371,61.720752],[12.880762,61.352295],[12.294141,61.002686],[12.486133,60.106787],[11.680762,59.592285],[11.642773,58.926074],[11.388281,59.036523],[11.248242,58.369141]]],[[[18.136523,57.556641],[18.146387,56.920508],[19.076465,57.835938],[18.136523,57.556641]]]]}},{"type":"Feature","properties":{"name":"斯威士兰","full_name":"斯威士兰王国","iso_a2":"SZ","iso_a3":"SWZ","iso_n3":"748","NAME_ZH":"斯威士兰","ADM0_A3":"SWZ"},"geometry":{"type":"MultiPolygon","coordinates":[[[[30.794336,-26.764258],[31.469531,-27.295508],[31.958398,-27.305859],[32.112891,-26.839453],[31.948242,-25.957617],[31.207324,-25.843359],[30.794336,-26.764258]]]]}},{"type":"Feature","properties":{"name":"苏里南","full_name":"苏里南共和国","iso_a2":"SR","iso_a3":"SUR","iso_n3":"740","NAME_ZH":"苏里南","ADM0_A3":"SUR"},"geometry":{"type":"MultiPolygon","coordinates":[[[[-58.054297,4.10166],[-57.646729,3.394531],[-57.303662,3.3771],[-57.197363,2.853271],[-56.482812,1.942139],[-55.929639,1.8875],[-56.137695,2.259033],[-55.957471,2.520459],[-54.978662,2.597656],[-54.61626,2.326758],[-54.00957,3.448535],[-54.479688,4.836523],[-54.155957,5.358984],[-54.054199,5.80791],[-54.833691,5.98833],[-55.828174,5.96167],[-55.897607,5.699316],[-56.969824,5.992871],[-57.194775,5.548438],[-57.331006,5.020166],[-57.917041,4.82041],[-58.054297,4.10166]]]]}},{"type":"Feature","properties":{"name":"南苏丹","full_name":"南苏丹共和国","iso_a2":"SS","iso_a3":"SSD","iso_n3":"728","NAME_ZH":"南苏丹","ADM0_A3":"SSD"},"geometry":{"type":"MultiPolygon","coordinates":[[[[24.147363,8.665625],[24.291406,8.291406],[24.85332,8.137549],[25.278906,7.42749],[26.361816,6.635303],[26.514258,6.069238],[27.143945,5.722949],[27.40332,5.10918],[28.19209,4.350244],[29.676855,4.586914],[30.838574,3.490723],[31.152344,3.785596],[31.798047,3.802637],[32.135938,3.519727],[32.997266,3.880176],[33.489355,3.755078],[33.976074,4.220215],[35.268359,5.492285],[34.710645,6.660303],[33.902441,7.509521],[32.998926,7.899512],[33.281055,8.437256],[34.072754,8.545264],[34.078125,9.461523],[33.871484,9.506152],[33.907031,10.181445],[33.130078,10.745947],[33.199316,12.217285],[32.721875,12.223096],[32.736719,12.009668],[32.072266,12.006738],[32.420801,11.089111],[31.224902,9.799268],[30.755371,9.731201],[30.003027,10.277393],[28.844531,9.326074],[28.048926,9.328613],[27.880859,9.601611],[26.658691,9.484131],[25.858203,10.406494],[25.211719,10.329932],[24.531934,8.886914],[24.147363,8.665625]]]]}},{"type":"Feature","properties":{"name":"苏丹","full_name":"苏丹共和国","iso_a2":"SD","iso_a3":"SDN","iso_n3":"729","NAME_ZH":"苏丹","ADM0_A3":"SDN"},"geometry":{"type":"MultiPolygon","coordinates":[[[[21.825293,12.790527],[22.352344,12.660449],[22.591113,11.579883],[22.922656,11.344873],[22.860059,10.919678],[23.646289,9.8229],[23.537305,8.81582],[24.147363,8.665625],[24.531934,8.886914],[25.211719,10.329932],[25.858203,10.406494],[26.658691,9.484131],[27.880859,9.601611],[28.048926,9.328613],[28.844531,9.326074],[30.003027,10.277393],[30.755371,9.731201],[31.224902,9.799268],[32.420801,11.089111],[32.072266,12.006738],[32.736719,12.009668],[32.721875,12.223096],[33.199316,12.217285],[33.130078,10.745947],[33.907031,10.181445],[33.871484,9.506152],[34.078125,9.461523],[34.343945,10.658643],[34.931445,10.864795],[35.112305,11.816553],[35.670215,12.62373],[36.125195,12.757031],[36.524316,14.256836],[36.426758,15.13208],[37.008984,17.058887],[37.411035,17.061719],[38.609473,18.005078],[37.471289,18.820117],[37.258594,21.108545],[36.871387,21.996729],[31.434473,21.99585],[31.400293,22.202441],[31.092676,21.994873],[24.980273,21.99585],[24.979492,20.002588],[23.980273,19.995947],[23.980273,19.496631],[23.970801,15.721533],[22.933887,15.533105],[22.932324,15.162109],[22.381543,14.550488],[22.538574,14.161865],[22.106445,13.799805],[22.228125,13.32959],[21.825293,12.790527]]]]}},{"type":"Feature","properties":{"name":"斯里兰卡","full_name":"斯里兰卡民主社会主义共和国","iso_a2":"LK","iso_a3":"LKA","iso_n3":"144","NAME_ZH":"斯里兰卡","ADM0_A3":"LKA"},"geometry":{"type":"MultiPolygon","coordinates":[[[[79.712988,8.182324],[79.859375,6.829297],[80.095313,6.153174],[80.724121,5.979053],[81.637402,6.425146],[81.874121,7.28833],[80.711133,9.366357],[79.982324,9.812695],[80.42832,9.480957],[80.086328,9.577832],[79.783496,8.018457],[79.712988,8.182324]]]]}},{"type":"Feature","properties":{"name":"西班牙","full_name":"西班牙王国","iso_a2":"ES","iso_a3":"ESP","iso_n3":"724","NAME_ZH":"西班牙","ADM0_A3":"ESP"},"geometry":{"type":"MultiPolygon","coordinates":[[[[-16.905322,28.3396],[-16.658008,28.007178],[-16.334473,28.379932],[-16.123633,28.575977],[-16.905322,28.3396]]],[[[-15.710303,27.784082],[-15.436768,27.810693],[-15.400586,28.147363],[-15.682764,28.154053],[-15.710303,27.784082]]],[[[-14.491797,28.100928],[-14.196777,28.169287],[-13.928027,28.253467],[-13.857227,28.738037],[-14.491797,28.100928]]],[[[-9.178076,43.174023],[-8.777148,41.941064],[-8.266064,42.137402],[-8.15249,41.811963],[-6.618262,41.942383],[-6.2125,41.532031],[-6.928467,41.009131],[-6.975391,39.798389],[-7.535693,39.661572],[-6.997949,39.056445],[-7.343018,38.457422],[-6.957568,38.187891],[-7.443945,37.728271],[-7.406152,37.179443],[-6.86377,37.278906],[-6.216797,36.913574],[-6.384131,36.637012],[-5.625488,36.025928],[-4.366846,36.718115],[-2.111523,36.77666],[-1.640967,37.386963],[-0.721582,37.631055],[-0.520801,38.317285],[0.201563,38.75918],[-0.327002,39.519873],[0.891113,40.722363],[0.714648,40.822852],[3.004883,41.767432],[3.211426,42.431152],[1.706055,42.50332],[1.448828,42.437451],[1.42832,42.595898],[0.696875,42.845117],[0.631641,42.6896],[-0.586426,42.798975],[-1.46084,43.051758],[-1.794043,43.407324],[-4.523047,43.415723],[-8.004687,43.694385],[-9.178076,43.174023]]],[[[1.22334,38.903857],[1.445215,38.918701],[1.564453,39.121045],[1.22334,38.903857]]],[[[2.37002,39.57207],[3.072852,39.30127],[3.461816,39.697754],[3.145313,39.790088],[3.158691,39.970508],[2.37002,39.57207]]]]}},{"type":"Feature","properties":{"name":"韩国","full_name":"大韩民国","iso_a2":"KR","iso_a3":"KOR","iso_n3":"410","NAME_ZH":"韩国","ADM0_A3":"KOR"},"geometry":{"type":"MultiPolygon","coordinates":[[[[126.160547,36.771924],[126.487695,36.693799],[126.753027,35.871973],[126.291113,35.15415],[126.593359,34.824365],[126.264453,34.673242],[126.531445,34.314258],[127.24707,34.755127],[127.324609,34.463281],[127.714844,34.954688],[128.443945,34.870361],[128.510938,35.100977],[129.076758,35.122705],[129.419141,35.497852],[129.418262,37.059033],[128.374609,38.623438],[128.038965,38.308545],[127.090332,38.283887],[126.633887,37.781836],[126.976855,36.939404],[126.487012,37.007471],[126.160547,36.771924]]],[[[126.326953,33.223633],[126.901172,33.515137],[126.337695,33.4604],[126.326953,33.223633]]],[[[128.489258,34.865283],[128.741016,34.798535],[128.667969,35.008789],[128.489258,34.865283]]]]}},{"type":"Feature","properties":{"name":"南非","full_name":"南非共和国","iso_a2":"ZA","iso_a3":"ZAF","iso_n3":"710","NAME_ZH":"南非","ADM0_A3":"ZAF"},"geometry":{"type":"MultiPolygon","coordinates":[[[[16.447559,-28.617578],[18.21084,-31.74248],[18.325293,-32.50498],[17.851074,-32.827441],[18.433008,-33.717285],[18.410352,-34.295605],[18.752148,-34.082617],[18.831348,-34.364062],[20.020605,-34.785742],[20.529883,-34.463086],[21.788965,-34.372656],[22.553809,-34.010059],[25.574219,-34.035352],[25.805859,-33.737109],[26.613672,-33.707422],[27.860645,-33.053906],[29.971191,-31.32207],[31.335156,-29.378125],[32.285742,-28.621484],[32.886133,-26.849316],[32.112891,-26.839453],[31.958398,-27.305859],[31.469531,-27.295508],[30.794336,-26.764258],[31.207324,-25.843359],[31.948242,-25.957617],[31.98584,-24.460645],[31.287891,-22.402051],[29.364844,-22.193945],[28.210156,-22.693652],[27.085547,-23.57793],[26.835059,-24.24082],[25.912109,-24.747461],[25.443652,-25.714453],[24.748145,-25.817383],[23.05752,-25.312305],[22.597656,-26.132715],[21.646289,-26.854199],[20.685059,-26.822461],[20.793164,-25.915625],[19.980469,-24.776758],[19.980469,-28.45127],[19.161719,-28.93877],[18.102734,-28.87168],[17.447949,-28.698145],[17.05625,-28.031055],[16.447559,-28.617578]],[[27.056934,-29.625586],[27.735547,-28.940039],[28.625781,-28.581738],[29.390723,-29.269727],[29.098047,-29.919043],[28.736914,-30.101953],[28.39209,-30.147559],[28.056836,-30.631055],[27.753125,-30.6],[27.056934,-29.625586]]]]}},{"type":"Feature","properties":{"name":"索马里","full_name":"索马里联邦共和国","iso_a2":"SO","iso_a3":"SOM","iso_n3":"706","NAME_ZH":"索马里","ADM0_A3":"SOM"},"geometry":{"type":"MultiPolygon","coordinates":[[[[40.964453,2.814648],[40.978711,-0.870313],[41.532715,-1.695312],[43.717578,0.857861],[46.878809,3.285645],[47.975293,4.497021],[49.049316,6.173633],[49.852051,7.962549],[50.825,9.428174],[50.930078,10.335547],[51.390234,10.422607],[51.031836,10.444775],[51.254883,11.830713],[50.792285,11.983691],[50.110059,11.529297],[48.938574,11.258447],[48.938086,9.451758],[47.978223,7.99707],[44.940527,4.912012],[43.583496,4.85498],[41.883984,3.977734],[40.964453,2.814648]]]]}},{"type":"Feature","properties":{"name":"索马里兰","full_name":"索马里兰","iso_a2":"-99","iso_a3":"-99","iso_n3":"-99","NAME_ZH":"索马里兰","ADM0_A3":"-99"},"geometry":{"type":"MultiPolygon","coordinates":[[[[42.656445,10.6],[42.841602,10.203076],[43.983789,9.008838],[46.978223,7.99707],[47.978223,7.99707],[48.938086,9.451758],[48.938574,11.258447],[47.40498,11.174023],[46.565039,10.745996],[45.816699,10.835889],[44.386523,10.430225],[43.245996,11.499805],[42.922754,10.999316],[42.656445,10.6]]]]}},{"type":"Feature","properties":{"name":"所罗门群岛","full_name":"所罗门群岛","iso_a2":"SB","iso_a3":"SLB","iso_n3":"090","NAME_ZH":"所罗门群岛","ADM0_A3":"SLB"},"geometry":{"type":"MultiPolygon","coordinates":[[[[156.452539,-6.638281],[157.101562,-7.323633],[157.486719,-7.330371],[156.452539,-6.638281]]],[[[156.560938,-7.574023],[156.687891,-7.923047],[156.809082,-7.722852],[156.560938,-7.574023]]],[[[157.212305,-8.565039],[157.388965,-8.713477],[157.379492,-8.420898],[157.212305,-8.565039]]],[[[157.217578,-8.262793],[157.558008,-8.269922],[157.819336,-8.612012],[157.763477,-8.242188],[157.490625,-7.965723],[157.217578,-8.262793]]],[[[158.457422,-7.544727],[159.879102,-8.534277],[159.431445,-8.029004],[158.457422,-7.544727]]],[[[159.612305,-9.470703],[159.802734,-9.763477],[160.818945,-9.862793],[160.35459,-9.421582],[159.750391,-9.272656],[159.612305,-9.470703]]],[[[160.59043,-8.372754],[160.77207,-8.963867],[161.367383,-9.61123],[160.749414,-8.313965],[160.59043,-8.372754]]],[[[161.304785,-10.204395],[161.786816,-10.716895],[162.37334,-10.823242],[162.105371,-10.453809],[161.715332,-10.387305],[161.304785,-10.204395]]]]}},{"type":"Feature","properties":{"name":"斯洛伐克","full_name":"斯洛伐克共和国","iso_a2":"SK","iso_a3":"SVK","iso_n3":"703","NAME_ZH":"斯洛伐克","ADM0_A3":"SVK"},"geometry":{"type":"MultiPolygon","coordinates":[[[[16.953125,48.598828],[17.147363,48.005957],[17.761914,47.770166],[18.724219,47.787158],[18.791895,48.000293],[19.950391,48.146631],[20.490039,48.526904],[22.131836,48.405322],[22.538672,49.072705],[21.639648,49.411963],[20.362988,49.385254],[20.057617,49.181299],[19.441602,49.597705],[19.149414,49.4],[18.832227,49.510791],[16.953125,48.598828]]]]}},{"type":"Feature","properties":{"name":"斯洛文尼亚","full_name":"斯洛文尼亚共和国","iso_a2":"SI","iso_a3":"SVN","iso_n3":"705","NAME_ZH":"斯洛文尼亚","ADM0_A3":"SVN"},"geometry":{"type":"MultiPolygon","coordinates":[[[[13.378223,46.261621],[13.719824,45.587598],[13.57793,45.516895],[14.568848,45.657227],[15.339453,45.467041],[15.635938,46.200732],[16.516211,46.499902],[16.093066,46.863281],[14.549805,46.399707],[13.7,46.520264],[13.378223,46.261621]]]]}},{"type":"Feature","properties":{"name":"新加坡","full_name":"新加坡共和国","iso_a2":"SG","iso_a3":"SGP","iso_n3":"702","NAME_ZH":"新加坡","ADM0_A3":"SGP"},"geometry":{"type":"MultiPolygon","coordinates":[[[[103.650195,1.325537],[103.969727,1.331445],[103.817969,1.44707],[103.650195,1.325537]]]]}},{"type":"Feature","properties":{"name":"塞拉利昂","full_name":"塞拉利昂共和国","iso_a2":"SL","iso_a3":"SLE","iso_n3":"694","NAME_ZH":"塞拉利昂","ADM0_A3":"SLE"},"geometry":{"type":"MultiPolygon","coordinates":[[[[-13.292676,9.049219],[-13.059473,8.881152],[-13.181836,8.576904],[-12.894092,8.629785],[-13.272754,8.429736],[-12.850879,7.818701],[-12.480273,7.753271],[-12.485645,7.386279],[-11.50752,6.906543],[-10.647461,7.759375],[-10.283203,8.485156],[-10.712109,8.335254],[-10.500537,8.687549],[-10.690527,9.314258],[-11.273633,9.996533],[-12.427979,9.898145],[-13.292676,9.049219]]],[[[-12.951611,7.57085],[-12.526074,7.436328],[-12.615234,7.637207],[-12.951611,7.57085]]]]}},{"type":"Feature","properties":{"name":"塞舌尔","full_name":"塞舌尔共和国","iso_a2":"SC","iso_a3":"SYC","iso_n3":"690","NAME_ZH":"塞舌尔","ADM0_A3":"SYC"},"geometry":{"type":"MultiPolygon","coordinates":[[[[55.383398,-4.609277],[55.542969,-4.785547],[55.540332,-4.693066],[55.383398,-4.609277]]]]}},{"type":"Feature","properties":{"name":"塞尔维亚","full_name":"塞尔维亚共和国","iso_a2":"RS","iso_a3":"SRB","iso_n3":"688","NAME_ZH":"塞尔维亚","ADM0_A3":"SRB"},"geometry":{"type":"MultiPolygon","coordinates":[[[[18.905371,45.931738],[19.004688,45.399512],[19.4,45.2125],[19.007129,44.869189],[19.348633,44.880908],[19.118457,44.359961],[19.583789,44.043457],[19.24502,43.965039],[19.495117,43.642871],[19.194336,43.533301],[20.344336,42.82793],[20.063965,42.547266],[20.566211,41.873682],[21.5625,42.24751],[22.344043,42.313965],[22.466797,42.84248],[22.967969,43.142041],[22.369629,43.781299],[22.705078,44.237793],[22.64209,44.650977],[22.093066,44.541943],[21.360059,44.82666],[21.490234,45.1479],[20.241797,46.108594],[18.905371,45.931738]]]]}},{"type":"Feature","properties":{"name":"塞内加尔","full_name":"塞内加尔共和国","iso_a2":"SN","iso_a3":"SEN","iso_n3":"686","NAME_ZH":"塞内加尔","ADM0_A3":"SEN"},"geometry":{"type":"MultiPolygon","coordinates":[[[[-17.535645,14.755127],[-16.618115,14.040527],[-16.766943,13.904932],[-16.562305,13.587305],[-15.509668,13.58623],[-15.10835,13.812109],[-13.826709,13.407812],[-14.246777,13.23584],[-15.151123,13.556494],[-15.834277,13.156445],[-16.76333,13.06416],[-16.743896,12.585449],[-16.442871,12.609473],[-16.760303,12.525781],[-16.711816,12.354834],[-15.196094,12.679932],[-13.729248,12.673926],[-12.399072,12.340088],[-11.389404,12.404395],[-11.390381,12.941992],[-12.054199,13.633057],[-12.280615,14.809033],[-13.409668,16.05918],[-14.53374,16.655957],[-16.239014,16.531299],[-16.535254,15.838379],[-17.147168,14.922021],[-17.535645,14.755127]]]]}},{"type":"Feature","properties":{"name":"沙特阿拉伯","full_name":"沙特阿拉伯王国","iso_a2":"SA","iso_a3":"SAU","iso_n3":"682","NAME_ZH":"沙特阿拉伯","ADM0_A3":"SAU"},"geometry":{"type":"MultiPolygon","coordinates":[[[[34.625,28.064502],[35.180469,28.034863],[37.148828,25.291113],[37.543066,24.29165],[38.46416,23.711865],[39.062012,22.592188],[38.987891,21.881738],[39.276074,20.973975],[39.72832,20.390332],[40.75918,19.755469],[41.229492,18.678418],[42.293945,17.434961],[42.799316,16.371777],[43.165039,16.689404],[43.190918,17.359375],[43.417969,17.51626],[43.916992,17.324707],[46.727637,17.265576],[47.143555,16.94668],[48.172168,18.156934],[49.041992,18.581787],[51.977637,18.996143],[54.977344,19.995947],[55.641016,22.001855],[55.18584,22.704102],[52.555078,22.932812],[51.568359,24.286182],[51.267969,24.607227],[50.804395,24.789258],[50.081055,25.961377],[50.149805,26.662646],[48.797168,27.724316],[48.44248,28.54292],[47.671289,28.533154],[47.433203,28.989551],[46.531445,29.09624],[44.69082,29.202344],[42.074414,31.080371],[40.369336,31.938965],[39.14541,32.124512],[36.958594,31.491504],[37.980078,30.5],[37.469238,29.995068],[36.755273,29.866016],[36.068457,29.200537],[34.950781,29.353516],[34.625,28.064502]]],[[[41.801563,16.77876],[42.157812,16.570703],[41.987695,16.715625],[41.860449,17.002539],[41.801563,16.77876]]]]}},{"type":"Feature","properties":{"name":"圣多美和普林西比","full_name":"圣多美和普林西比民主共和国","iso_a2":"ST","iso_a3":"STP","iso_n3":"678","NAME_ZH":"圣多美和普林西比","ADM0_A3":"STP"},"geometry":{"type":"MultiPolygon","coordinates":[[[[6.468164,0.227344],[6.659961,0.120654],[6.686914,0.404395],[6.468164,0.227344]]]]}},{"type":"Feature","properties":{"name":"圣马力诺","full_name":"圣马力诺共和国","iso_a2":"SM","iso_a3":"SMR","iso_n3":"674","NAME_ZH":"圣马力诺","ADM0_A3":"SMR"},"geometry":{"type":"MultiPolygon","coordinates":[[[[12.396875,43.93457],[12.485254,43.901416],[12.503711,43.989746],[12.396875,43.93457]]]]}},{"type":"Feature","properties":{"name":"萨摩亚","full_name":"萨摩亚独立国","iso_a2":"WS","iso_a3":"WSM","iso_n3":"882","NAME_ZH":"萨摩亚","ADM0_A3":"WSM"},"geometry":{"type":"MultiPolygon","coordinates":[[[[-172.778516,-13.516797],[-172.224951,-13.804297],[-172.333496,-13.465234],[-172.778516,-13.516797]]]]}},{"type":"Feature","properties":{"name":"圣文森特和格林纳丁斯","full_name":"圣文森特和格林纳丁斯","iso_a2":"VC","iso_a3":"VCT","iso_n3":"670","NAME_ZH":"圣文森特和格林纳丁斯","ADM0_A3":"VCT"},"geometry":{"type":"MultiPolygon","coordinates":[[[[-61.268457,13.287695],[-61.174512,13.158105],[-61.138965,13.35874],[-61.268457,13.287695]]]]}},{"type":"Feature","properties":{"name":"圣卢西亚","full_name":"圣卢西亚","iso_a2":"LC","iso_a3":"LCA","iso_n3":"662","NAME_ZH":"圣卢西亚","ADM0_A3":"LCA"},"geometry":{"type":"MultiPolygon","coordinates":[[[[-61.073145,13.865576],[-60.895215,13.821973],[-60.908105,14.093359],[-61.073145,13.865576]]]]}},{"type":"Feature","properties":{"name":"圣基茨和尼维斯","full_name":"圣基茨和尼维斯联邦","iso_a2":"KN","iso_a3":"KNA","iso_n3":"659","NAME_ZH":"圣基茨和尼维斯","ADM0_A3":"KNA"},"geometry":{"type":"MultiPolygon","coordinates":[[[[-62.838916,17.339258],[-62.630664,17.23999],[-62.827051,17.386426],[-62.838916,17.339258]]]]}},{"type":"Feature","properties":{"name":"卢旺达","full_name":"卢旺达共和国","iso_a2":"RW","iso_a3":"RWA","iso_n3":"646","NAME_ZH":"卢旺达","ADM0_A3":"RWA"},"geometry":{"type":"MultiPolygon","coordinates":[[[[28.876367,-2.400293],[29.014355,-2.720215],[29.698047,-2.794727],[29.930176,-2.339551],[30.553613,-2.400098],[30.876562,-2.143359],[30.509961,-1.067285],[29.930078,-1.469922],[29.576953,-1.387891],[28.876367,-2.400293]]]]}},{"type":"Feature","properties":{"name":"俄罗斯","full_name":"俄罗斯联邦","iso_a2":"RU","iso_a3":"RUS","iso_n3":"643","NAME_ZH":"俄罗斯","ADM0_A3":"RUS"},"geometry":{"type":"MultiPolygon","coordinates":[[[[-180,65.067236],[-179.3521,65.516748],[-179.683301,66.184131],[-178.526562,66.401562],[-178.939062,66.032764],[-178.4125,65.495557],[-176.093262,65.471045],[-175.395117,64.802393],[-173.729736,64.364502],[-173.32749,64.539551],[-173.275488,64.289648],[-172.903174,64.526074],[-172.401465,64.413916],[-173.085791,64.817334],[-172.213184,65.048145],[-172.783301,65.681055],[-171.105859,65.511035],[-171.421533,65.810352],[-170.666309,65.621533],[-169.777881,66.143115],[-170.604443,66.248926],[-171.795557,66.931738],[-173.00752,67.064893],[-172.520117,66.95249],[-173.258936,66.840088],[-173.679688,67.144775],[-174.550098,67.090625],[-173.773975,66.434668],[-174.065039,66.22959],[-174.084766,66.473096],[-174.394092,66.344238],[-174.924902,66.623145],[-175.345215,67.678076],[-178.373047,68.565674],[-178.055811,68.264893],[-179.798535,68.94043],[-180,68.738672],[-180,65.067236]]],[[[-179.999951,70.993018],[-177.523584,71.166895],[-178.876465,71.577051],[-179.999951,71.537744],[-179.999951,70.993018]]],[[[19.604395,54.45918],[22.766211,54.356787],[22.567285,55.059131],[21.235742,55.264111],[20.995898,54.902686],[20.594824,54.982373],[20.957813,55.278906],[20.899805,55.28667],[19.604395,54.45918]]],[[[27.351953,57.528125],[27.828613,57.293311],[27.639453,56.845654],[28.147949,56.14292],[29.375,55.938721],[29.482227,55.68457],[30.233594,55.845215],[30.906836,55.57002],[30.798828,54.783252],[31.754199,53.810449],[32.706445,53.419434],[32.141992,53.091162],[31.417871,53.196045],[31.258789,53.016699],[31.763379,52.101074],[33.735254,52.344775],[34.397852,51.78042],[34.213867,51.255371],[35.311914,51.043896],[35.591113,50.36875],[36.619434,50.209229],[37.422852,50.411475],[38.046875,49.92002],[38.258594,50.052344],[40.080664,49.576855],[40.108789,49.251562],[39.686523,49.00791],[40.003613,48.82207],[39.644727,48.591211],[39.95791,48.268896],[39.778711,47.887549],[38.368848,47.609961],[38.214355,47.091455],[39.02373,47.272217],[39.293457,47.105762],[38.500977,46.663672],[37.766504,46.636133],[38.492285,46.090527],[37.933105,46.001709],[37.647168,45.377197],[36.865918,45.427051],[36.627637,45.151318],[38.717285,44.288086],[39.97832,43.419824],[40.648047,43.533887],[41.580566,43.219238],[42.760645,43.16958],[43.825977,42.571533],[44.870996,42.756396],[45.705273,42.498096],[45.638574,42.205078],[46.429883,41.890967],[47.791016,41.199268],[48.572852,41.844482],[47.463184,43.035059],[47.646484,43.884619],[47.462793,43.555029],[47.307031,44.103125],[46.707227,44.50332],[47.463281,45.679688],[48.72959,45.896826],[49.232227,46.337158],[48.541211,46.605615],[48.959375,46.774609],[48.166992,47.708789],[47.292383,47.740918],[46.660938,48.412256],[47.031348,49.150293],[46.889551,49.696973],[47.429199,50.357959],[48.334961,49.858252],[48.758984,49.92832],[48.625098,50.612695],[50.793945,51.729199],[51.344531,51.475342],[52.219141,51.709375],[53.338086,51.482373],[54.555273,50.535791],[54.641602,51.011572],[55.68623,50.582861],[56.491406,51.019531],[57.442188,50.888867],[57.838867,51.09165],[59.523047,50.492871],[60.058594,50.850293],[60.942285,50.695508],[61.389453,50.861035],[61.554688,51.324609],[60.030273,51.933252],[60.994531,52.336865],[60.774414,52.675781],[61.047461,52.972461],[62.082715,53.00542],[61.199219,53.287158],[61.534961,53.523291],[60.979492,53.621729],[61.231055,54.019482],[65.088379,54.340186],[65.476953,54.623291],[68.155859,54.976709],[68.977246,55.3896],[70.182422,55.162451],[70.738086,55.305176],[71.093164,54.212207],[72.186035,54.325635],[72.446777,53.941846],[72.622266,54.134326],[73.712402,54.042383],[73.406934,53.447559],[73.858984,53.619727],[74.351562,53.487646],[76.837305,54.442383],[76.484766,54.022559],[77.859961,53.269189],[79.98623,50.774561],[80.735254,51.293408],[81.465918,50.739844],[82.493945,50.727588],[83.357324,50.99458],[84.323242,50.23916],[84.989453,50.061426],[85.232617,49.61582],[86.180859,49.499316],[86.675488,49.777295],[87.29772398307968,49.112632350789454],[87.304939,49.112418],[87.388707,49.097921],[87.3916902137912,49.0965094020749],[87.5053295751698,49.11420353299012],[87.49588,49.132001],[87.517438,49.145704],[87.563017,49.142572],[87.602437,49.152359],[87.67635,49.15549],[87.700372,49.175839],[87.762582,49.172709],[87.793379,49.18249],[87.821096,49.173883],[87.82093939872802,49.16741607929131],[88.192578,49.451709],[89.395605,49.611523],[90.053711,50.09375],[92.354785,50.86416],[94.251074,50.556396],[94.614746,50.02373],[97.359766,49.741455],[98.250293,50.302441],[97.835742,51.05166],[98.893164,52.117285],[102.111523,51.353467],[102.288379,50.585107],[103.304395,50.200293],[105.383594,50.47373],[106.711133,50.312598],[107.233301,49.989404],[107.916602,49.947803],[108.613672,49.322803],[110.709766,49.142969],[112.806445,49.523584],[114.29707,50.274414],[115.429199,49.896484],[116.216797,50.009277],[116.683301,49.823779],[116.69875431852,49.81974988768487],[116.717889,49.847288],[116.736367,49.847674],[116.92777270086027,49.760038390540466],[117.41005872895995,49.63429293510854],[117.485349,49.633024],[117.638102,49.574847],[117.63831889545872,49.57477912603874],[117.81810830267051,49.52790299947799],[117.849369,49.551557],[117.866,49.591532],[117.950999,49.596187],[117.995963,49.623332],[118.011362,49.614803],[118.082811,49.616741],[118.129622,49.669446],[118.156723,49.660149],[118.211542,49.690744],[118.220781,49.729831],[118.284223,49.743755],[118.315636,49.766953],[118.384005,49.783958],[118.398787,49.802502],[118.385853,49.827217],[118.443751,49.835709],[118.483787,49.830691],[118.485019,49.866194],[118.531214,49.887791],[118.574946,49.931342],[118.605127,49.926719],[118.672264,49.955991],[118.739402,49.946364],[118.761576,49.959456],[118.791757,49.955606],[118.964836,49.988708],[118.982082,49.979087],[119.05140781695626,49.98327065845236],[119.11363515844248,50.008087941537006],[119.12498,50.019095],[119.16154116010192,50.027193639711484],[119.16346421544404,50.02796058568207],[119.193965,50.069826],[119.190269,50.087877],[119.236465,50.075204],[119.25324982681371,50.089753648055016],[119.17880786482858,50.35256919514521],[119.155777,50.364691],[119.1722313100189,50.37578756290693],[119.17105046403879,50.37995651109176],[119.125596,50.389118],[119.165016,50.422683],[119.17752411198984,50.42076981194127],[119.26320103923248,50.51208570965019],[119.264182,50.536933],[119.295595,50.573814],[119.281428,50.601551],[119.298059,50.616743],[119.361501,50.632689],[119.394145,50.667219],[119.385522,50.682769],[119.42458062568753,50.6840867638815],[119.50251252362668,50.767147880211205],[119.496391,50.771795],[119.515485,50.814165],[119.498855,50.827776],[119.491464,50.87878],[119.569688,50.933879],[119.598637,50.984767],[119.630666,51.00925],[119.678093,51.016404],[119.726753,51.051028],[119.719361,51.075099],[119.764325,51.092017],[119.752622,51.117193],[119.771716,51.124331],[119.788346,51.174636],[119.760629,51.212516],[119.784035,51.22601],[119.821607,51.21439],[119.797586,51.243622],[119.828383,51.263099],[119.811136,51.281071],[119.885049,51.302777],[119.883817,51.336813],[119.946643,51.360736],[119.914614,51.374187],[119.910918,51.390994],[119.97128,51.40033],[119.982983,51.445112],[120.002693,51.459283],[119.982367,51.482396],[119.985447,51.505125],[120.017476,51.52114],[120.052584,51.560967],[120.035954,51.583657],[120.05936,51.634203],[120.100628,51.649058],[120.087077,51.678013],[120.172693,51.679868],[120.226279,51.717703],[120.294649,51.752171],[120.317438,51.785873],[120.363634,51.789945],[120.40675,51.81659],[120.40059,51.833605],[120.480046,51.855049],[120.481278,51.885719],[120.5488958533319,51.882400681342375],[120.54902842297273,51.882541976276144],[120.548416,51.907877],[120.57743423852804,51.912817368158976],[120.69147937743845,52.03436857890032],[120.690698,52.047221],[120.717183,52.072978],[120.73272129301216,52.078324900223365],[120.749805,52.096533],[120.71699974106866,52.261208022829216],[120.715951,52.261286],[120.695625,52.290214],[120.653741,52.302658],[120.627256,52.323878],[120.62356,52.361172],[120.653741,52.371038],[120.64943,52.3904],[120.68454944092052,52.424101232387315],[120.656152,52.56665],[120.65322902136516,52.567797897601345],[120.62664,52.570818],[120.61076681844555,52.584473442300244],[120.59450902081717,52.590858123555975],[120.56135,52.595544],[120.483742,52.630066],[120.47011075415881,52.63971119083688],[120.45920493485103,52.64399406984081],[120.396895,52.616261],[120.289721,52.623527],[120.194866,52.578819],[120.125265,52.586819],[120.07599,52.586092],[120.049505,52.598453],[120.035338,52.646409],[120.071063,52.70628],[120.031642,52.773674],[120.09513040112583,52.787541621078645],[120.36115712020488,52.93605343370485],[120.363018,52.94134],[120.38295977347607,52.94822496131898],[120.41974770931873,52.96876215793473],[120.452945,53.01017],[120.529321,53.045803],[120.562582,53.082845],[120.643886,53.106923],[120.659901,53.137091],[120.687002,53.142476],[120.690698,53.174771],[120.736277,53.204892],[120.821893,53.241797],[120.838523,53.239648],[120.820661,53.269007],[120.867472,53.278669],[120.882871,53.294411],[120.936457,53.28833],[120.950624,53.29763],[121.05532631458854,53.29155044625443],[121.0553387273653,53.29155168623799],[121.098449,53.306929],[121.10885403414689,53.2968976375668],[121.32863169561223,53.31885249033722],[121.336818,53.325877],[121.37113372645112,53.32309826228369],[121.48725561221448,53.33469834433188],[121.499426,53.337314],[121.589969,53.350891],[121.697758,53.392666],[121.754425,53.389454],[121.816019,53.41336],[121.875765,53.426556],[122.026054,53.428339],[122.077177,53.422277],[122.111054,53.426913],[122.161561,53.468614],[122.227466,53.461845],[122.266886,53.470039],[122.350038,53.505647],[122.37406,53.47467],[122.435038,53.444739],[122.496016,53.458638],[122.5379,53.453293],[122.608117,53.465408],[122.673406,53.459351],[122.763949,53.463626],[122.7708382020424,53.46292278074845],[122.93238971652411,53.479061089308274],[122.943804,53.483929],[123.052209,53.506715],[123.093477,53.508138],[123.1330914571419,53.49911033879364],[123.14468420113019,53.500268404566896],[123.179092,53.509918],[123.231447,53.549404],[123.274563,53.563269],[123.309672,53.56078],[123.394055,53.538024],[123.454417,53.536602],[123.4577181206616,53.53153916051924],[123.49510415674513,53.535273866368826],[123.490758,53.542648],[123.517243,53.558292],[123.546808,53.551537],[123.55276182930619,53.54103362240464],[123.58637716174267,53.544391651012056],[123.58746,53.546915],[123.620721,53.550115],[123.668764,53.533756],[123.67117790856967,53.530879721593344],[123.8375816053941,53.48977237285592],[123.865249,53.489627],[123.89703933014616,53.47508430117747],[125.01269568777242,53.199479396723575],[125.038613,53.202741],[125.142091,53.204175],[125.195062,53.198439],[125.252344,53.18051],[125.315786,53.144989],[125.343503,53.14463],[125.452524,53.107641],[125.503647,53.095424],[125.50395909070136,53.078120698500406],[125.55737393733223,53.06492542237305],[125.588647,53.081047],[125.613901,53.083564],[125.640386,53.06199],[125.64289816051962,53.04379804278261],[125.649023,53.042285],[125.65920741318119,53.02742030571861],[125.684118,53.00801],[125.742632,52.993964],[125.737088,52.943504],[125.72121934925157,52.93691057726552],[125.756423003712,52.885528965793924],[125.772197,52.89804],[125.827631,52.899123],[125.854117,52.891542],[125.855349,52.866259],[125.923718,52.815651],[125.937269,52.786705],[125.966834,52.759914],[125.985312,52.758465],[126.02042,52.795753],[126.052449,52.800095],[126.116507,52.768243],[126.112195,52.757016],[126.044442,52.739628],[126.072775,52.691048],[126.061688,52.673271],[125.995783,52.675085],[125.971145,52.654033],[125.968682,52.630429],[125.989008,52.603178],[126.030891,52.576273],[126.055529,52.582455],[126.066616,52.603905],[126.147304,52.573],[126.213209,52.525327],[126.192883,52.492181],[126.205202,52.466302],[126.268644,52.475051],[126.326542,52.424353],[126.353644,52.389304],[126.348716,52.357882],[126.320999,52.342163],[126.327774,52.310342],[126.4331,52.298632],[126.436795,52.277034],[126.401071,52.279597],[126.357955,52.264216],[126.312992,52.235271],[126.306832,52.205574],[126.34502,52.192002],[126.403535,52.185031],[126.457121,52.165212],[126.499005,52.16044],[126.556288,52.136203],[126.563679,52.119302],[126.514404,52.037282],[126.487918,52.041699],[126.450962,52.027709],[126.447882,52.009294],[126.468208,51.982395],[126.462665,51.948471],[126.510092,51.922274],[126.555056,51.874266],[126.580925,51.824728],[126.622809,51.777357],[126.658534,51.762544],[126.6727,51.73179],[126.724439,51.7266],[126.734294,51.711399],[126.723823,51.679126],[126.741069,51.642374],[126.67886,51.602246],[126.69549,51.57845],[126.837156,51.536033],[126.843931,51.521885],[126.812518,51.493948],[126.784185,51.448095],[126.791577,51.432428],[126.835308,51.413769],[126.908605,51.407423],[126.930163,51.359241],[126.904293,51.340552],[126.837156,51.345038],[126.8241872628369,51.32707007433759],[126.87845886041613,51.2478577827872],[126.908605,51.246619],[126.92154,51.259729],[126.908605,51.283691],[126.877808,51.300906],[126.887047,51.321856],[126.970815,51.332327],[126.98375,51.318863],[126.976358,51.291551],[126.926467,51.246244],[126.90498056007759,51.20914794744602],[127.08211669319697,50.95060831259784],[127.113713,50.93765],[127.143894,50.910111],[127.236285,50.781256],[127.295415,50.755139],[127.305886,50.733932],[127.28864,50.699451],[127.294799,50.663426],[127.370559,50.581415],[127.36132,50.547582],[127.35911813300827,50.54630993575019],[127.5640769573746,50.24716159894602],[127.603385,50.239309],[127.60708,50.178794],[127.58737,50.137768],[127.58292621172036,50.13356354253572],[127.55164484081017,49.81072231973651],[127.56771750576445,49.79821517506169],[127.65265500670472,49.78020197692523],[127.653892,49.780094],[127.65417540054963,49.77987953801107],[128.5136404837036,49.59760769503428],[128.537764,49.604332],[128.619684,49.593471],[128.656025,49.577564],[128.715155,49.564756],[128.744104,49.595023],[128.802618,49.58222],[128.813089,49.558157],[128.7904080195605,49.538911966929],[129.37529875444804,49.41487072979487],[129.390224,49.432605],[129.448739,49.441167],[129.51834,49.423652],[129.546057,49.395227],[129.55184895865864,49.36195858851275],[129.68409547303875,49.29581702956237],[129.696962,49.298535],[129.730223,49.288387],[129.761636,49.25754],[129.76155965094765,49.25707422024358],[130.46452028933686,48.90549661744815],[130.471198,48.905541],[130.47547935475998,48.900015568097835],[130.5521760422168,48.86165661021906],[130.559277,48.861071],[130.609168,48.881146],[130.680617,48.881146],[130.689856,48.849651],[130.622103,48.783842],[130.5982441001989,48.73404867136662],[130.68163926237855,48.49906383095365],[130.711414,48.511414],[130.767465,48.507846],[130.776704,48.480084],[130.745907,48.449131],[130.747755,48.404256],[130.785327,48.357353],[130.81982,48.341444],[130.845073,48.296473],[130.817972,48.265409],[130.787791,48.256643],[130.7742883466079,48.2380039600567],[130.88196316568528,47.93460566312799],[130.891269,47.927263],[130.961486,47.828118],[130.966413,47.733211],[130.983659,47.713081],[130.99273492919454,47.709441276555154],[131.19652001043545,47.71020347428155],[131.236811,47.733211],[131.273767,47.738846],[131.359998,47.730796],[131.456085,47.747297],[131.543548,47.736028],[131.559563,47.724757],[131.5622516955052,47.71157138530395],[132.19548185731824,47.71393979513394],[132.19706,47.714289],[132.20046199174394,47.71395842185142],[132.2570247315692,47.7141699780234],[132.272205,47.718718],[132.288835,47.742065],[132.325175,47.762184],[132.371987,47.765402],[132.469305,47.726368],[132.49217016015302,47.72429223169793],[132.59939538276936,47.78702328943824],[132.599268,47.792347],[132.621442,47.82852],[132.662094,47.854227],[132.687348,47.88514],[132.662094,47.922451],[132.661478,47.944905],[132.691043,47.962941],[132.723072,47.962941],[132.769268,47.93849],[132.819159,47.936887],[132.883216,48.002599],[132.992238,48.035424],[133.016259,48.054228],[133.02673,48.085421],[133.053216,48.110202],[133.130208,48.134971],[133.182563,48.135769],[133.2362820667273,48.12715436805703],[133.73224721505775,48.2427070721254],[133.740604,48.254651],[133.791111,48.261026],[133.824372,48.277359],[133.876111,48.282536],[133.940784,48.302047],[133.99351341267686,48.30357831624038],[133.99650599907466,48.304275545575116],[134.029479,48.327519],[134.0689,48.338659],[134.116327,48.333089],[134.150819,48.346217],[134.20379,48.3824],[134.369478,48.382797],[134.438463,48.405448],[134.501905,48.418954],[134.578281,48.405448],[134.640491,48.409818],[134.6996793524752,48.40578020455967],[134.87095609592643,48.41941345585823],[134.886867,48.437618],[134.927519,48.451513],[134.996504,48.439603],[135.035924,48.440795],[135.068569,48.459451],[135.09567,48.437618],[135.090743,48.403461],[135.009439,48.365703],[134.864077,48.332293],[134.77107,48.288908],[134.679295,48.256245],[134.67455653994776,48.19627812695537],[134.74157871657692,47.78197628350965],[134.772918,47.763391],[134.779694,47.7159],[134.689766,47.63813],[134.678064,47.588507],[134.627556,47.546512],[134.576434,47.519036],[134.568426,47.478199],[134.522847,47.468086],[134.490202,47.446235],[134.36379481531046,47.440810309446015],[134.17177513333112,47.305094194927406],[134.156979,47.248357],[134.210566,47.210155],[134.230276,47.182097],[134.232739,47.134892],[134.222268,47.105164],[134.142812,47.093349],[134.118175,47.061968],[134.10216,47.005678],[134.063972,46.979962],[134.076291,46.938298],[134.042414,46.886787],[134.041182,46.848326],[134.025168,46.810657],[134.052885,46.779928],[134.033175,46.759023],[134.030711,46.708981],[134.011001,46.637941],[133.919842,46.596012],[133.890893,46.525235],[133.849625,46.475389],[133.852089,46.450242],[133.902596,46.446119],[133.948791,46.401153],[133.940784,46.38134],[133.876726,46.362345],[133.869335,46.338386],[133.922922,46.330948],[133.908139,46.308216],[133.91861,46.280924],[133.909987,46.254447],[133.867487,46.250722],[133.87919,46.233752],[133.849625,46.203939],[133.814517,46.230854],[133.794807,46.193583],[133.764626,46.17328],[133.706111,46.163333],[133.690713,46.133896],[133.745531,46.075389],[133.740604,46.048812],[133.681474,45.986473],[133.676546,45.94321],[133.614952,45.942794],[133.618032,45.903662],[133.583539,45.868669],[133.55459,45.893249],[133.51209,45.887001],[133.491764,45.867002],[133.494228,45.840325],[133.467743,45.834905],[133.469591,45.799451],[133.505315,45.785681],[133.469591,45.777751],[133.486837,45.740173],[133.454192,45.731819],[133.445569,45.705077],[133.484989,45.691702],[133.485605,45.658667],[133.448649,45.647372],[133.471438,45.631053],[133.412924,45.618079],[133.423395,45.584163],[133.393214,45.580393],[133.342707,45.554836],[133.333468,45.562379],[133.3195829088908,45.555258729470296],[133.1340831221865,45.17315836812317],[133.139447,45.127459],[133.107418,45.124504],[133.089556,45.097473],[133.070462,45.097051],[133.035969,45.054366],[132.98731,45.043373],[132.954049,45.023072],[132.916477,45.031109],[132.867202,45.061976],[132.76434,45.081417],[132.394161,45.16376],[132.17427,45.216903],[132.003655,45.25441],[131.976554,45.277156],[131.93159,45.287683],[131.92393638745241,45.31564864223382],[131.85704792749928,45.32604766532641],[131.82996,45.311677],[131.825649,45.291472],[131.788692,45.245984],[131.79362,45.211844],[131.759127,45.213952],[131.721555,45.234606],[131.681519,45.215217],[131.650722,45.159962],[131.687678,45.1511],[131.695685,45.132104],[131.63286,45.075078],[131.566338,45.045487],[131.529382,45.012073],[131.484418,44.99557],[131.501664,44.977793],[131.464708,44.963397],[131.409889,44.985836],[131.380324,44.978216],[131.355071,44.990068],[131.313803,44.965938],[131.313803,44.950692],[131.274999,44.919766],[131.263296,44.929935],[131.207861,44.913833],[131.20355,44.932901],[131.1657972909341,44.94644756031188],[131.09750863924035,44.90858265360316],[131.10192,44.898997],[131.07913,44.881614],[131.01979081960678,44.865489432152145],[130.981641,44.844336],[130.98650855502058,44.81844720299595],[131.015688,44.814999],[131.016304,44.789521],[131.064348,44.786973],[131.069275,44.759783],[131.093297,44.746183],[131.090833,44.717272],[131.111775,44.710042],[131.310723,44.046623],[131.293477,44.043182],[131.287318,44.03802],[131.28239,44.035868],[131.26576,44.034578],[131.245434,43.95579],[131.26268,43.948897],[131.254057,43.893289],[131.2171,43.836334],[131.213405,43.801357],[131.232499,43.742585],[131.215869,43.72745],[131.221412,43.682024],[131.239274,43.670337],[131.216485,43.613169],[131.222028,43.593234],[131.21866426174572,43.58369342223036],[131.2311172990329,43.51746013815884],[131.276847,43.495632],[131.304564,43.502144],[131.31873,43.499539],[131.314419,43.461325],[131.295941,43.441774],[131.314419,43.392653],[131.275615,43.369165],[131.269455,43.297775],[131.255289,43.265099],[131.206014,43.237202],[131.201086,43.203185],[131.218948,43.191405],[131.207861,43.1316],[131.173985,43.111506],[131.171521,43.06955],[131.13455064171544,43.06860120767425],[131.1124449620854,43.012879423173786],[131.11855,43.007875],[131.115471,42.975482],[131.151195,42.968475],[131.145652,42.9365],[131.114855,42.915027],[131.07628487351747,42.92173069142613],[131.068555,42.902246],[131.02918490069132,42.89153152303163],[131.043406,42.862848],[130.981812,42.857145],[130.95761872084043,42.872054960889535],[130.89264254430114,42.854371852153534],[130.890653,42.852758],[130.88945833972994,42.85350527860814],[130.424805,42.727051],[130.43903657801755,42.700349584811825],[130.464423,42.688453],[130.521089,42.702089],[130.592538,42.671295],[130.633806,42.603494],[130.622719,42.573092],[130.570364,42.557224],[130.565437,42.506509],[130.599929,42.486211],[130.600545,42.450453],[130.645509,42.426603],[130.59729369771287,42.43325219261301],[130.687305,42.302539],[130.709375,42.656396],[131.158301,42.626025],[131.938965,43.301953],[131.866602,43.095166],[132.30957,43.313525],[132.303809,42.883301],[133.159961,42.696973],[135.131055,43.525732],[137.685449,45.818359],[140.170605,48.523682],[140.520898,50.800195],[141.485254,52.178516],[140.839648,53.087891],[141.18125,53.015283],[141.37373,53.292773],[139.707422,54.277148],[138.657227,54.29834],[138.450684,53.537012],[138.52793,53.959863],[137.950488,53.603564],[137.253711,53.546143],[137.834766,53.946729],[137.339258,54.100537],[137.666016,54.283301],[137.141602,54.182227],[137.155371,53.82168],[136.718848,53.804102],[136.797266,54.620996],[135.851562,54.583936],[135.2625,54.943311],[137.691504,56.139355],[142.580273,59.240137],[145.55459,59.413525],[146.049512,59.170557],[146.537207,59.456982],[148.72666,59.25791],[148.79707,59.532324],[149.642578,59.77041],[152.260645,59.223584],[151.121094,59.08252],[151.326758,58.875098],[152.817871,58.92627],[153.361133,59.214795],[155.160449,59.190137],[154.971289,59.449609],[154.149805,59.528516],[154.293066,59.83335],[157.08418,61.675684],[160.309375,61.894385],[159.79043,60.956641],[160.378906,61.025488],[160.173633,60.638428],[162.392578,61.662109],[163.085254,61.570557],[163.331738,62.550928],[164.418359,62.704639],[165.417383,62.44707],[164.207227,62.292236],[163.709961,60.916797],[162.068164,60.466406],[158.275195,58.008984],[156.829883,57.779639],[156.848828,57.290186],[155.98252,56.695215],[155.620312,54.864551],[156.847461,51.006592],[158.103516,51.809619],[158.47207,53.032373],[160.025098,53.12959],[160.074414,54.18916],[162.105566,54.752148],[161.723926,55.496143],[162.084961,56.089648],[162.671484,56.490088],[163.038379,56.521875],[162.628125,56.232275],[162.840332,56.065625],[163.335547,56.23252],[163.256543,56.688037],[162.791113,56.875391],[163.225781,57.790381],[162.654297,57.948242],[162.391406,57.717236],[161.960059,58.076904],[163.743848,60.028027],[164.953711,59.843604],[166.352148,60.484814],[166.273047,59.85625],[167.226758,60.406299],[169.226758,60.595947],[170.350977,59.965527],[170.608203,60.434912],[172.856543,61.469189],[177.159473,62.560986],[177.023535,62.777246],[179.120703,62.320361],[179.570508,62.6875],[178.44043,63.605566],[178.381445,64.260889],[177.6875,64.304736],[177.427441,64.763379],[176.140918,64.58584],[176.056543,64.904736],[174.548828,64.683887],[176.061133,64.960889],[177.06875,64.78667],[177.037305,64.999658],[176.341016,65.047314],[176.880859,65.081934],[178.519531,64.602979],[180,65.067236],[180,68.983447],[179.272656,69.259668],[175.921484,69.895312],[173.277441,69.823828],[170.486816,70.107568],[170.160938,69.626562],[170.99541,69.045312],[169.609863,68.786035],[167.856836,69.728223],[166.820312,69.499561],[163.201367,69.714746],[161.536914,69.379541],[161.565625,68.905176],[160.856055,68.53833],[161.309863,68.982275],[160.910742,69.606348],[159.729395,69.870215],[160.006445,70.309668],[159.350684,70.790723],[156.68457,71.09375],[152.508789,70.834473],[151.582422,71.286963],[150.097656,71.226562],[150.599805,71.520117],[148.968164,71.690479],[150.016895,71.895654],[149.501563,72.164307],[147.261816,72.327881],[146.073242,71.80835],[145.188574,71.695801],[145.758594,72.225879],[146.113281,71.944971],[146.831836,72.29541],[144.294922,72.192627],[146.25293,72.442236],[140.808203,72.890967],[141.079297,72.586914],[139.14082,72.329736],[140.187695,72.191309],[139.359277,71.951367],[139.98418,71.491504],[138.23418,71.596338],[137.939648,71.133398],[136.090332,71.61958],[133.688867,71.434229],[132.653906,71.925977],[131.021582,70.746094],[129.761914,71.119531],[128.843262,71.663477],[129.210254,71.916943],[128.911426,71.755322],[127.841406,72.308252],[129.410645,72.166309],[128.418262,72.535156],[129.250391,72.705176],[128.599023,72.895166],[129.100586,73.112354],[127.740332,73.481543],[126.552539,73.334912],[124.541211,73.75127],[123.491113,73.666357],[123.622266,73.193262],[122.260156,72.880566],[119.750391,72.979102],[118.430273,73.246533],[118.870898,73.537891],[115.337695,73.702588],[113.510352,73.50498],[113.664551,72.634521],[113.032813,73.913867],[112.147266,73.708936],[111.550586,74.028516],[110.261426,74.017432],[109.706738,73.74375],[110.868164,73.730713],[109.855273,73.472461],[105.143945,72.777051],[112.924902,75.015039],[113.726172,75.450635],[112.453027,75.830176],[113.567578,75.568408],[113.272656,76.25166],[112.65625,76.053564],[111.39248,76.68667],[106.413574,76.512256],[107.429785,76.926562],[104.202441,77.101807],[106.05957,77.390527],[104.014551,77.73042],[100.989941,76.990479],[101.597754,76.439209],[98.805664,76.480664],[99.540723,75.798584],[98.662012,76.242676],[96.49707,75.891211],[95.65332,75.892188],[95.578711,76.137305],[93.259277,76.098779],[92.89043,75.909961],[94.075195,75.912891],[87.005957,75.169824],[87.041797,74.778857],[85.791016,74.645117],[87.229688,74.363867],[86.001367,74.316016],[87.571191,73.810742],[85.938965,73.456494],[86.677051,73.106787],[85.792578,73.43833],[86.892969,73.887109],[80.583203,73.568457],[80.827051,72.488281],[83.534375,71.683936],[83.15127,71.103613],[83.735938,70.546484],[83.080762,70.093018],[82.869141,70.954834],[82.221191,70.395703],[82.163184,70.598145],[83.233594,71.668164],[81.661621,71.715967],[79.42207,72.380762],[77.471582,72.192139],[78.232422,71.952295],[77.777539,71.836426],[76.871387,72.033008],[76.032422,71.9104],[76.433398,71.55249],[78.942187,70.933789],[75.332031,71.341748],[75.741406,72.29624],[75.152441,72.852734],[74.992188,72.144824],[73.08623,71.444922],[74.343359,70.578711],[73.578125,69.802979],[73.836035,69.143213],[76.000977,69.235059],[77.650684,68.903027],[77.588281,67.751904],[78.922461,67.589111],[77.174414,67.778516],[77.238477,68.46958],[76.10752,68.975732],[74.57959,68.751221],[74.769531,67.766357],[72.321582,66.332129],[70.339453,66.342383],[69.194336,66.578662],[69.217773,66.828613],[70.690723,66.745312],[70.724902,66.519434],[71.539551,66.683105],[71.365234,66.961523],[73.066797,67.766943],[73.591699,68.481885],[72.576758,68.968701],[72.704492,70.963232],[71.867285,71.457373],[72.812109,72.691406],[69.611816,72.981934],[68.269238,71.682812],[66.639648,71.081396],[67.284766,70.738721],[66.89668,69.553809],[67.624121,69.584424],[68.542773,68.96709],[69.140527,68.950635],[68.371191,68.314258],[64.19043,69.534668],[60.909082,69.847119],[60.170605,69.590918],[60.933594,68.986768],[59.725684,68.351611],[59.099023,68.444336],[59.057324,69.006055],[57.126855,68.554004],[55.418066,68.567822],[54.861328,68.201855],[53.260547,68.26748],[53.930859,68.435547],[53.797656,68.907471],[54.491211,68.992334],[53.801953,68.995898],[52.344043,68.608154],[52.39668,68.351709],[51.994727,68.53877],[48.754297,67.895947],[48.833203,67.681494],[47.874707,67.58418],[47.655859,66.975928],[46.492383,66.800195],[44.902148,67.413135],[45.528711,67.757568],[46.69043,67.848828],[45.891992,68.479688],[43.333203,68.673389],[44.204688,68.25376],[44.104395,66.008594],[42.210547,66.519678],[39.816504,65.597949],[40.444922,64.778711],[39.758008,64.577051],[36.882812,65.172363],[36.624219,64.750537],[38.062207,64.091016],[37.442188,63.813379],[35.035352,64.440234],[34.406445,65.395752],[34.691797,65.951855],[31.895313,67.161426],[34.482617,66.550342],[38.653906,66.069043],[40.10332,66.299951],[41.188965,66.826172],[40.966406,67.713477],[35.85791,69.191748],[33.684375,69.310254],[33.141211,69.068701],[33.454297,69.428174],[32.377734,69.479102],[32.176758,69.674023],[33.007812,69.722119],[31.98457,69.953662],[31.546973,69.696924],[30.869727,69.783447],[30.860742,69.538428],[30.180176,69.63584],[28.96582,69.021973],[28.414062,68.90415],[28.685156,68.189795],[29.988086,67.668262],[29.066211,66.891748],[30.102734,65.72627],[29.604199,64.968408],[30.51377,64.2],[29.991504,63.735156],[31.533984,62.8854],[27.797656,60.536133],[28.512793,60.677295],[29.069141,60.191455],[30.172656,59.957129],[28.058008,59.781543],[28.0125,59.484277],[27.43418,58.787256],[27.778516,57.870703],[27.351953,57.528125]]],[[[32.508008,45.403809],[33.555176,45.097656],[33.450684,44.553662],[33.755664,44.398926],[35.472559,45.098486],[36.393359,45.065381],[36.575,45.393555],[35.45752,45.316309],[35.001674,45.733383],[33.806667,46.208288],[33.594141,46.09624],[32.508008,45.403809]]],[[[44.90498,80.611279],[46.141406,80.446729],[47.705273,80.765186],[48.683594,80.633252],[47.441992,80.853662],[44.90498,80.611279]]],[[[46.644434,80.300342],[47.737305,80.081689],[51.703613,80.687646],[50.278125,80.927246],[49.087793,80.515771],[46.644434,80.300342]]],[[[48.439062,68.804883],[49.62627,68.859717],[50.265234,69.185596],[48.844922,69.494727],[48.439062,68.804883]]],[[[51.511328,71.648096],[53.411621,71.530127],[54.155664,71.125488],[53.383594,70.873535],[57.145898,70.589111],[57.625391,70.728809],[55.297852,71.935352],[56.42959,73.201172],[55.319824,73.308301],[53.251172,73.182959],[51.511328,71.648096]]],[[[52.249609,71.284912],[53.022656,70.968701],[52.90332,71.36499],[52.249609,71.284912]]],[[[52.343555,80.213232],[53.521387,80.185205],[52.853906,80.402393],[52.343555,80.213232]]],[[[53.762891,73.766162],[54.299902,73.350977],[56.963867,73.366553],[58.534668,74.498926],[59.674023,74.610156],[61.355957,75.314844],[67.765332,76.237598],[68.941699,76.707666],[67.651855,77.011572],[64.463477,76.378174],[61.20166,76.282031],[58.88125,75.854785],[57.606836,75.34126],[55.810059,75.124902],[56.49873,74.95708],[55.582227,74.627686],[56.137109,74.496094],[53.762891,73.766162]]],[[[54.668164,80.738672],[57.580371,80.755469],[54.718945,81.115967],[54.668164,80.738672]]],[[[55.716699,81.188477],[57.769727,81.169727],[57.810254,81.546045],[55.716699,81.188477]]],[[[55.811621,80.087158],[56.986914,80.071484],[57.078711,80.350928],[55.811621,80.087158]]],[[[57.075,80.493945],[57.95625,80.123242],[59.255469,80.343213],[57.075,80.493945]]],[[[57.210938,81.01709],[58.285645,80.764893],[58.622363,81.04165],[57.210938,81.01709]]],[[[58.519922,70.318311],[59.637012,69.721045],[60.440234,69.725928],[60.450488,69.934863],[59.048047,70.460498],[58.519922,70.318311]]],[[[59.592285,80.816504],[59.649805,80.43125],[61.05127,80.418604],[62.167773,80.834766],[59.592285,80.816504]]],[[[60.07832,80.99917],[61.14082,80.950342],[61.457422,81.103955],[60.07832,80.99917]]],[[[62.592578,80.853027],[63.373828,80.700098],[65.437402,80.930713],[64.802051,81.197266],[62.592578,80.853027]]],[[[69.995898,73.359375],[70.040723,73.037158],[70.673926,73.09502],[71.626172,73.173975],[70.940234,73.514404],[69.995898,73.359375]]],[[[74.198535,73.109082],[74.660547,72.873438],[74.961523,73.0625],[74.198535,73.109082]]],[[[76.871094,72.317041],[77.63252,72.29126],[78.365137,72.482422],[77.748535,72.631201],[76.871094,72.317041]]],[[[78.633203,72.850732],[79.501465,72.721924],[79.164258,73.094336],[78.633203,72.850732]]],[[[91.229297,80.030713],[92.683496,79.685205],[93.803125,79.904541],[91.229297,80.030713]]],[[[91.523828,80.358545],[93.654688,80.009619],[97.298438,80.272754],[97.869922,80.763281],[96.526563,81.075586],[95.15957,81.270996],[92.710352,80.872168],[91.523828,80.358545]]],[[[93.070801,79.495312],[95.02041,79.052686],[98.411133,78.787793],[99.929297,78.961426],[99.041797,79.293018],[100.06123,79.7771],[98.596484,80.052197],[97.65166,79.760645],[97.674512,80.158252],[94.987305,80.096826],[93.070801,79.495312]]],[[[95.270312,77.018848],[96.285449,77.02666],[96.528418,77.205518],[95.270312,77.018848]]],[[[99.500293,77.976074],[105.312598,78.499902],[103.800781,79.149268],[102.412305,78.835449],[102.884766,79.253955],[101.590625,79.350439],[99.500293,77.976074]]],[[[111.503418,74.353076],[112.782422,74.095068],[113.387207,74.400439],[112.084473,74.548975],[111.503418,74.353076]]],[[[130.4801518146778,42.62320880651783],[130.526953,42.5354],[130.58304991070247,42.45393682696138],[130.585763,42.485328],[130.558661,42.495919],[130.520473,42.593362],[130.522937,42.622433],[130.482285,42.626837],[130.4801518146778,42.62320880651783]]],[[[136.947656,75.325537],[139.099121,74.656543],[139.68125,74.964062],[142.472754,74.82041],[143.12793,74.970312],[142.30791,75.691699],[144.019727,75.044678],[145.359961,75.530469],[141.485449,76.137158],[140.815918,75.630713],[140.04873,75.828955],[138.919531,76.196729],[138.207617,76.114941],[136.947656,75.325537]]],[[[137.23291,54.790576],[137.721484,54.663232],[138.206152,55.033545],[137.940527,55.092627],[137.577344,55.197021],[137.23291,54.790576]]],[[[139.785547,73.355225],[143.451465,73.231299],[142.184863,73.895898],[141.084766,73.865869],[139.785547,73.355225]]],[[[140.193555,74.236719],[140.409473,73.92168],[141.010254,73.999463],[141.038574,74.242725],[140.193555,74.236719]]],[[[141.66084,52.272949],[142.206738,51.222559],[141.866309,48.750098],[142.181738,48.013379],[141.830371,46.451074],[142.077148,45.917041],[142.578027,46.700781],[143.282324,46.558984],[143.431641,46.028662],[143.580664,46.360693],[142.556934,47.737891],[143.10498,49.198828],[144.04873,49.24917],[144.71377,48.640283],[143.299512,51.632373],[143.324707,52.963086],[142.761035,54.393945],[142.334961,54.280713],[142.705957,53.895703],[142.526172,53.447461],[141.823535,53.339502],[141.66084,52.272949]]],[[[145.461719,43.870898],[145.555859,43.6646],[146.567773,44.44043],[146.207617,44.497656],[145.461719,43.870898]]],[[[146.148535,75.198291],[148.296875,74.800439],[150.646289,74.94458],[150.822363,75.156543],[146.795215,75.370752],[146.5375,75.581787],[146.148535,75.198291]]],[[[146.897461,44.404297],[148.599512,45.317627],[148.812207,45.51001],[148.324219,45.282422],[147.924023,45.383301],[146.897461,44.404297]]],[[[149.44707,45.593359],[149.687695,45.642041],[150.553125,46.208545],[149.44707,45.593359]]],[[[151.723438,46.828809],[152.002051,46.897168],[152.288867,47.142188],[151.723438,46.828809]]],[[[155.243066,50.094629],[155.921094,50.302197],[156.096875,50.771875],[155.243066,50.094629]]],[[[163.635156,58.603369],[164.615723,58.885596],[164.572656,59.221143],[163.760938,59.015039],[163.635156,58.603369]]],[[[165.751074,55.294531],[166.650293,54.839062],[166.275781,55.311963],[165.751074,55.294531]]],[[[167.864746,69.901074],[169.200781,69.580469],[169.374805,69.882617],[167.864746,69.901074]]],[[[178.683887,71.105664],[178.861523,70.826416],[180,70.993018],[180,71.537744],[178.683887,71.105664]]]]}},{"type":"Feature","properties":{"name":"罗马尼亚","full_name":"罗马尼亚","iso_a2":"RO","iso_a3":"ROU","iso_n3":"642","NAME_ZH":"罗马尼亚","ADM0_A3":"ROU"},"geometry":{"type":"MultiPolygon","coordinates":[[[[20.241797,46.108594],[21.490234,45.1479],[21.360059,44.82666],[22.093066,44.541943],[22.64209,44.650977],[22.705078,44.237793],[23.028516,44.077979],[22.919043,43.834473],[25.49707,43.670801],[27.086914,44.167383],[28.585352,43.742236],[28.891504,44.918652],[29.55752,44.843408],[29.705859,45.259912],[28.2125,45.450439],[28.071777,46.978418],[26.618945,48.259863],[24.979102,47.724121],[23.202637,48.084521],[22.87666,47.947266],[21.999707,47.505029],[21.12168,46.282422],[20.241797,46.108594]]]]}},{"type":"Feature","properties":{"name":"卡塔尔","full_name":"卡塔尔国","iso_a2":"QA","iso_a3":"QAT","iso_n3":"634","NAME_ZH":"卡塔尔","ADM0_A3":"QAT"},"geometry":{"type":"MultiPolygon","coordinates":[[[[50.762891,25.444727],[50.804395,24.789258],[51.267969,24.607227],[51.608887,25.052881],[51.543066,25.902393],[51.262305,26.153271],[50.762891,25.444727]]]]}},{"type":"Feature","properties":{"name":"葡萄牙","full_name":"葡萄牙共和国","iso_a2":"PT","iso_a3":"PRT","iso_n3":"620","NAME_ZH":"葡萄牙","ADM0_A3":"PRT"},"geometry":{"type":"MultiPolygon","coordinates":[[[[-17.190869,32.868604],[-17.018262,32.662793],[-16.693262,32.758008],[-17.190869,32.868604]]],[[[-9.479736,38.798779],[-9.356738,38.6979],[-9.135791,38.742773],[-8.791602,39.078174],[-9.021484,38.746875],[-9.250391,38.656738],[-9.213281,38.448096],[-8.798877,38.518164],[-8.668311,38.424316],[-8.881104,38.44668],[-8.81416,37.430811],[-8.997803,37.032275],[-7.406152,37.179443],[-7.443945,37.728271],[-6.957568,38.187891],[-7.343018,38.457422],[-6.997949,39.056445],[-7.535693,39.661572],[-6.975391,39.798389],[-6.928467,41.009131],[-6.2125,41.532031],[-6.618262,41.942383],[-8.15249,41.811963],[-8.266064,42.137402],[-8.777148,41.941064],[-8.684619,40.752539],[-9.479736,38.798779]]]]}},{"type":"Feature","properties":{"name":"波兰","full_name":"波兰共和国","iso_a2":"PL","iso_a3":"POL","iso_n3":"616","NAME_ZH":"波兰","ADM0_A3":"POL"},"geometry":{"type":"MultiPolygon","coordinates":[[[[14.128613,52.878223],[14.619434,52.528516],[15.016602,51.252734],[14.809375,50.858984],[14.99375,51.014355],[16.282227,50.655615],[16.63916,50.102148],[16.880078,50.427051],[17.702246,50.307178],[17.627051,50.116406],[18.562402,49.879346],[18.832227,49.510791],[19.149414,49.4],[19.441602,49.597705],[20.057617,49.181299],[20.362988,49.385254],[21.639648,49.411963],[22.538672,49.072705],[22.852051,49.062744],[22.706152,49.606201],[24.089941,50.530469],[23.605273,51.51792],[23.652441,52.040381],[23.175098,52.286621],[23.91543,52.770264],[23.484668,53.939795],[22.766211,54.356787],[19.604395,54.45918],[18.836426,54.36958],[18.43623,54.744727],[18.759277,54.68457],[18.323438,54.838184],[17.842969,54.816699],[14.211426,53.950342],[14.213672,53.870752],[14.583496,53.639355],[14.258887,53.729639],[14.128613,52.878223]]]]}},{"type":"Feature","properties":{"name":"菲律宾","full_name":"菲律宾共和国","iso_a2":"PH","iso_a3":"PHL","iso_n3":"608","NAME_ZH":"菲律宾","ADM0_A3":"PHL"},"geometry":{"type":"MultiPolygon","coordinates":[[[[117.311133,8.4396],[119.686914,10.500342],[119.55332,11.313525],[119.223828,10.477295],[117.349902,8.713574],[117.311133,8.4396]]],[[[119.772559,16.255127],[120.082129,14.851074],[120.43877,14.453369],[120.583691,14.88125],[120.941309,14.645068],[120.637109,13.804492],[121.344141,13.649121],[121.77793,13.937646],[122.599902,13.194141],[122.595215,13.907617],[123.310938,13.044092],[123.948535,12.916406],[124.059766,12.56709],[124.142773,13.035791],[123.785156,13.110547],[123.549609,13.645752],[123.815723,13.837109],[123.320312,14.06167],[123.101953,13.750244],[122.627148,14.317529],[122.199707,14.148047],[122.211719,13.930176],[121.766602,14.168066],[121.392285,15.324414],[121.595313,15.933252],[122.135156,16.184814],[122.519141,17.124854],[122.152344,17.664404],[122.265527,18.458838],[121.845605,18.29541],[121.101562,18.615283],[120.599707,18.507861],[120.36875,16.10957],[119.772559,16.255127]]],[[[119.885742,12.299854],[120.010547,12.008252],[120.314551,12.012402],[120.1,12.167676],[119.885742,12.299854]]],[[[120.338477,13.412354],[121.236719,12.218799],[121.540625,12.638184],[121.522754,13.131201],[121.202734,13.432324],[120.704395,13.479492],[120.338477,13.412354]]],[[[120.876367,5.952637],[121.411035,5.939844],[121.159375,6.075635],[120.876367,5.952637]]],[[[121.832031,6.664062],[122.092871,6.42832],[122.323535,6.602246],[121.832031,6.664062]]],[[[121.839844,15.038135],[121.933008,14.656055],[122.033496,15.005029],[121.839844,15.038135]]],[[[121.914844,13.540332],[122.004883,13.20498],[122.114551,13.463184],[121.914844,13.540332]]],[[[121.916016,11.854346],[122.103516,11.64292],[121.954004,10.444385],[122.769922,10.823828],[123.119531,11.286816],[123.158301,11.535547],[122.496191,11.615088],[121.916016,11.854346]]],[[[121.964258,6.968213],[122.616211,7.763135],[123.390918,7.40752],[123.66582,7.817773],[124.206641,7.396436],[123.985254,6.993701],[124.078125,6.404443],[124.927344,5.875342],[125.231543,6.069531],[125.346484,5.598975],[125.667969,5.978662],[125.380664,6.689941],[125.689258,7.263037],[125.824414,7.333301],[126.189355,6.309668],[126.19209,6.852539],[126.581543,7.247754],[126.458691,8.202832],[126.139551,8.595654],[126.30459,8.952051],[126.005957,9.320947],[125.471289,9.756787],[125.49873,9.014746],[124.868945,8.972266],[124.731152,8.562988],[124.404883,8.599854],[123.799414,8.049121],[123.849219,8.432715],[123.43457,8.70332],[122.911133,8.156445],[122.243359,7.945117],[121.964258,6.968213]]],[[[122.013965,12.105615],[122.094043,12.354883],[122.14502,12.652637],[122.013965,12.105615]]],[[[122.399512,9.823047],[123.130859,9.064111],[123.320508,9.272949],[123.162012,9.864258],[123.567578,10.780762],[123.256641,10.993945],[122.983301,10.886621],[122.855566,10.086914],[122.399512,9.823047]]],[[[122.95752,13.107178],[123.367188,12.70083],[123.281836,12.853418],[122.95752,13.107178]]],[[[123.157813,11.925635],[123.47373,12.21665],[124.045508,11.752441],[123.716602,12.287354],[123.236426,12.583496],[123.157813,11.925635]]],[[[123.370313,9.449609],[124.00498,10.400098],[124.038867,11.273535],[123.38623,9.96709],[123.370313,9.449609]]],[[[123.817187,9.817383],[124.122461,9.599316],[124.593848,9.787207],[124.335742,10.159912],[123.817187,9.817383]]],[[[124.038867,13.663135],[124.353613,13.632227],[124.224902,14.077588],[124.038867,13.663135]]],[[[124.294727,12.569336],[124.445703,12.152783],[124.99502,11.764941],[125.034277,11.34126],[125.735645,11.049609],[125.535645,12.191406],[125.239551,12.527881],[124.294727,12.569336]]],[[[124.330664,11.535205],[124.445508,10.923584],[124.786719,10.781396],[124.780762,10.168066],[125.026563,10.033105],[124.9875,10.367578],[125.268457,10.307715],[125.026563,11.211719],[124.574609,11.343066],[124.330664,11.535205]]],[[[125.494824,10.118701],[125.690234,9.914453],[125.666797,10.440137],[125.494824,10.118701]]]]}},{"type":"Feature","properties":{"name":"秘鲁","full_name":"秘鲁共和国","iso_a2":"PE","iso_a3":"PER","iso_n3":"604","NAME_ZH":"秘鲁","ADM0_A3":"PER"},"geometry":{"type":"MultiPolygon","coordinates":[[[[-81.336621,-4.669531],[-80.881934,-5.635059],[-81.142041,-6.056738],[-79.994971,-6.768945],[-78.762256,-8.616992],[-77.633203,-11.287793],[-76.223633,-13.371191],[-76.289014,-14.133105],[-75.104248,-15.411914],[-72.467676,-16.708105],[-70.418262,-18.345605],[-69.926367,-18.206055],[-69.8521,-17.703809],[-69.510938,-17.506055],[-69.624854,-17.200195],[-68.842773,-16.337891],[-69.217578,-16.149121],[-69.420898,-15.640625],[-69.172461,-15.236621],[-69.359473,-14.795312],[-68.870898,-14.169727],[-69.074121,-13.682813],[-68.978613,-12.880078],[-68.685254,-12.501953],[-69.578613,-10.951758],[-70.642334,-11.010254],[-70.541113,-9.4375],[-71.237939,-9.966016],[-72.142969,-10.005176],[-72.379053,-9.510156],[-73.209424,-9.411426],[-72.974023,-8.993164],[-74.002051,-7.556055],[-73.72041,-7.309277],[-73.758105,-6.905762],[-73.137354,-6.46582],[-73.235547,-6.098438],[-72.887061,-5.122754],[-70.799512,-4.17334],[-69.965918,-4.235938],[-70.339502,-3.814355],[-70.735107,-3.781543],[-70.09585,-2.658203],[-70.968555,-2.206836],[-72.941113,-2.394043],[-73.664307,-1.248828],[-74.246387,-0.970605],[-74.801758,-0.200098],[-75.284473,-0.106543],[-75.62627,-0.122852],[-75.259375,-0.590137],[-75.570557,-1.53125],[-76.679102,-2.562598],[-77.860596,-2.981641],[-78.158496,-3.465137],[-78.345361,-3.397363],[-78.686035,-4.562402],[-79.033301,-4.969141],[-79.330957,-4.927832],[-79.638525,-4.454883],[-80.478564,-4.430078],[-80.490137,-4.010059],[-80.179248,-3.877734],[-80.324658,-3.387891],[-81.283203,-4.322266],[-81.336621,-4.669531]]]]}},{"type":"Feature","properties":{"name":"巴拉圭","full_name":"巴拉圭共和国","iso_a2":"PY","iso_a3":"PRY","iso_n3":"600","NAME_ZH":"巴拉圭","ADM0_A3":"PRY"},"geometry":{"type":"MultiPolygon","coordinates":[[[[-62.650977,-22.233691],[-61.03291,-23.755664],[-59.89248,-24.093555],[-57.643896,-25.328418],[-58.604834,-27.314355],[-56.437158,-27.553809],[-56.164062,-27.321484],[-55.714648,-27.414844],[-54.825488,-26.652246],[-54.615869,-25.576074],[-54.241797,-24.047266],[-54.625488,-23.8125],[-55.415918,-23.951367],[-55.84917,-22.307617],[-56.447803,-22.076172],[-56.937256,-22.271289],[-57.955908,-22.10918],[-57.830225,-20.997949],[-58.159766,-20.164648],[-58.180176,-19.817871],[-59.090527,-19.28623],[-61.756836,-19.645312],[-62.276318,-20.5625],[-62.650977,-22.233691]]]]}},{"type":"Feature","properties":{"name":"巴布亚新几内亚","full_name":"巴布亚新几内亚独立国","iso_a2":"PG","iso_a3":"PNG","iso_n3":"598","NAME_ZH":"巴布亚新几内亚","ADM0_A3":"PNG"},"geometry":{"type":"MultiPolygon","coordinates":[[[[140.973438,-2.609766],[140.976172,-9.11875],[142.647168,-9.327832],[143.366211,-8.961035],[143.111816,-8.474512],[142.206836,-8.195801],[143.61377,-8.200391],[143.518164,-8.000684],[143.942285,-7.944238],[143.654883,-7.460352],[144.142871,-7.757227],[144.509863,-7.567383],[146.033203,-8.076367],[147.768652,-10.070117],[149.754102,-10.353027],[150.319922,-10.654883],[150.647168,-10.517969],[150.446094,-10.307324],[150.849512,-10.236035],[149.874414,-10.012988],[149.76123,-9.805859],[150.011035,-9.688184],[149.263184,-9.497852],[149.19834,-9.03125],[148.583105,-9.051758],[148.126758,-8.103613],[147.190039,-7.378125],[146.953613,-6.834082],[147.845508,-6.662402],[147.566699,-6.056934],[145.745215,-5.402441],[145.766992,-4.823047],[144.477734,-3.825293],[140.973438,-2.609766]]],[[[146.546484,-2.208594],[147.438086,-2.058984],[147.067578,-1.960156],[146.65625,-1.974023],[146.546484,-2.208594]]],[[[148.337207,-5.669434],[149.652539,-6.29043],[150.473535,-6.263379],[151.515137,-5.552344],[152.077051,-5.458301],[151.983691,-5.074414],[152.351172,-4.822168],[152.405664,-4.340723],[151.915625,-4.296777],[151.593066,-4.200781],[151.671191,-4.883301],[150.900293,-5.447168],[150.183105,-5.523633],[150.090039,-5.011816],[149.831445,-5.524121],[148.432031,-5.471777],[148.337207,-5.669434]]],[[[149.961621,-2.473828],[150.436621,-2.661816],[150.227148,-2.38418],[149.961621,-2.473828]]],[[[150.109766,-9.361914],[150.34541,-9.493848],[150.208301,-9.206348],[150.109766,-9.361914]]],[[[150.43623,-9.624609],[150.894043,-9.66748],[150.528418,-9.346582],[150.43623,-9.624609]]],[[[150.746094,-2.738867],[152.279395,-3.582422],[152.96582,-4.756348],[153.016797,-4.105664],[152.03291,-3.251367],[150.825391,-2.572949],[150.746094,-2.738867]]],[[[150.776074,-9.709082],[151.230859,-10.194727],[151.296484,-9.956738],[151.080957,-10.020117],[150.776074,-9.709082]]],[[[153.203613,-11.324121],[153.759863,-11.586328],[153.536133,-11.476172],[153.203613,-11.324121]]],[[[154.729297,-5.444434],[154.759277,-5.931348],[155.344043,-6.72168],[155.719336,-6.862793],[155.957617,-6.686816],[154.729297,-5.444434]]]]}},{"type":"Feature","properties":{"name":"巴拿马","full_name":"巴拿马共和国","iso_a2":"PA","iso_a3":"PAN","iso_n3":"591","NAME_ZH":"巴拿马","ADM0_A3":"PAN"},"geometry":{"type":"MultiPolygon","coordinates":[[[[-83.027344,8.337744],[-82.879346,8.070654],[-82.781152,8.303516],[-82.235449,8.311035],[-81.727637,8.137549],[-81.268408,7.625488],[-81.063867,7.899756],[-80.845557,7.220068],[-80.438867,7.274951],[-80.01123,7.500049],[-80.458984,8.213867],[-79.50708,8.970068],[-79.086377,8.997168],[-78.409863,8.355322],[-78.099463,8.496973],[-77.760547,8.133252],[-78.141895,8.386084],[-78.421582,8.060986],[-77.901172,7.229346],[-77.761914,7.698828],[-77.538281,7.56626],[-77.195996,7.972461],[-77.374219,8.658301],[-78.082764,9.236279],[-79.577295,9.597852],[-81.354785,8.780566],[-81.894482,9.14043],[-81.780225,8.957227],[-82.244189,9.031494],[-82.563574,9.57666],[-82.939844,9.44917],[-82.727832,8.916064],[-83.027344,8.337744]]]]}},{"type":"Feature","properties":{"name":"帕劳","full_name":"帕劳共和国","iso_a2":"PW","iso_a3":"PLW","iso_n3":"585","NAME_ZH":"帕劳","ADM0_A3":"PLW"},"geometry":{"type":"MultiPolygon","coordinates":[[[[134.515723,7.525781],[134.59541,7.382031],[134.651172,7.712109],[134.515723,7.525781]]]]}},{"type":"Feature","properties":{"name":"巴基斯坦","full_name":"巴基斯坦伊斯兰共和国","iso_a2":"PK","iso_a3":"PAK","iso_n3":"586","NAME_ZH":"巴基斯坦","ADM0_A3":"PAK"},"geometry":{"type":"MultiPolygon","coordinates":[[[[60.843359,29.858691],[61.889844,28.546533],[62.758008,28.243555],[62.762988,27.250195],[63.301563,27.151465],[63.157812,26.649756],[61.842383,26.225928],[61.587891,25.202344],[64.059375,25.40293],[64.658984,25.184082],[66.467676,25.445312],[66.131152,25.493262],[66.324219,25.601807],[66.698633,25.226318],[66.703027,24.860938],[67.171484,24.756104],[67.563086,23.881836],[68.165039,23.857324],[68.724121,23.964697],[68.781152,24.313721],[69.805176,24.165234],[71.044043,24.400098],[70.648438,25.666943],[70.100195,25.910059],[70.147656,26.506445],[69.506934,26.742676],[69.537012,27.122949],[70.403711,28.025049],[70.797949,27.709619],[71.870313,27.9625],[72.341895,28.751904],[72.90332,29.02876],[73.381641,29.934375],[73.80918,30.093359],[74.632812,31.034668],[74.555566,31.818555],[75.333496,32.279199],[74.685742,32.493799],[74.663281,32.757666],[74.35459,32.768701],[74.003809,33.189453],[73.976465,33.721289],[74.250879,33.946094],[73.904102,34.075684],[73.96123,34.653467],[75.70918,34.503076],[77.048633,35.109912],[76.77074709893444,35.65417434803004],[76.769297,35.653917],[76.76063359747542,35.664556343867886],[76.3675937435769,35.8426616828741],[76.365857,35.82442],[76.298719,35.841401],[76.228502,35.837035],[76.221727,35.823449],[76.160133,35.82442],[76.146582,35.839946],[76.16506,35.908807],[76.13745393381642,35.9469491448952],[75.912305,36.048975],[75.772168,36.694922],[75.537193446536,36.757399134265505],[75.536802,36.729975],[75.504773,36.743404],[75.458578,36.720861],[75.425933,36.778883],[75.4271703929422,36.78665304704178],[74.541406,37.022168],[72.249805,36.734717],[71.23291,36.121777],[71.620508,35.183008],[70.965625,34.530371],[71.051563,34.049707],[69.889648,34.007275],[70.261133,33.289014],[69.501562,33.020068],[69.279297,31.936816],[68.868945,31.634229],[68.161035,31.802979],[67.452832,31.234619],[66.829297,31.263672],[66.346875,30.802783],[66.23125,29.865723],[64.09873,29.391943],[62.476562,29.40835],[60.843359,29.858691]]]]}},{"type":"Feature","properties":{"name":"阿曼","full_name":"阿曼苏丹国","iso_a2":"OM","iso_a3":"OMN","iso_n3":"512","NAME_ZH":"阿曼","ADM0_A3":"OMN"},"geometry":{"type":"MultiPolygon","coordinates":[[[[51.977637,18.996143],[53.085645,16.648389],[54.068164,17.005518],[55.06416,17.038916],[55.479102,17.843262],[56.383496,17.987988],[56.825977,18.753516],[57.811621,19.01709],[57.861816,20.244141],[58.169434,20.589502],[58.474219,20.406885],[59.8,22.219922],[59.823242,22.508984],[59.429395,22.66084],[58.773047,23.517188],[57.123047,23.980713],[56.387988,24.979199],[56.063867,24.73877],[56.000586,24.953223],[55.795703,24.868115],[55.76084,24.242676],[55.985156,24.063379],[55.468457,23.941113],[55.18584,22.704102],[55.641016,22.001855],[54.977344,19.995947],[51.977637,18.996143]]],[[[56.080469,26.062646],[56.297852,25.650684],[56.413086,26.351172],[56.080469,26.062646]]]]}},{"type":"Feature","properties":{"name":"挪威","full_name":"挪威王国","iso_a2":"NO","iso_a3":"NOR","iso_n3":"578","NAME_ZH":"挪威","ADM0_A3":"NOR"},"geometry":{"type":"MultiPolygon","coordinates":[[[[4.930078,61.87832],[5.106738,61.187549],[7.173535,61.165967],[7.442578,61.434619],[7.604492,61.210547],[7.038672,60.95293],[6.777832,61.142432],[5.008594,61.038184],[5.11582,60.635986],[5.64834,60.687988],[5.137109,60.445605],[5.688574,60.123193],[5.205664,60.087939],[5.145801,59.638818],[6.15332,60.34624],[6.995703,60.511963],[5.730469,59.863086],[6.216602,59.818359],[5.242188,59.564307],[5.173242,59.162549],[6.415332,59.547119],[5.88916,59.097949],[6.363281,59.000928],[5.555566,58.975195],[5.706836,58.523633],[7.004883,58.024219],[8.166113,58.145312],[9.557227,59.112695],[10.179395,59.009277],[10.595312,59.764551],[10.834473,59.183936],[11.388281,59.036523],[11.642773,58.926074],[11.680762,59.592285],[12.486133,60.106787],[12.294141,61.002686],[12.880762,61.352295],[12.155371,61.720752],[12.175195,63.595947],[12.792773,64],[14.141211,64.173535],[13.650293,64.581543],[14.479688,65.301465],[14.543262,66.129346],[15.483789,66.305957],[16.783594,67.89502],[17.324609,68.103809],[17.916699,67.964893],[18.303027,68.55542],[19.969824,68.356396],[20.116699,69.020898],[20.622168,69.036865],[21.59375,69.273584],[22.410938,68.719873],[23.854004,68.805908],[24.941406,68.593262],[26.072461,69.691553],[27.747852,70.064844],[29.141602,69.671436],[28.96582,69.021973],[30.180176,69.63584],[30.860742,69.538428],[30.869727,69.783447],[29.79209,69.727881],[28.804297,70.092529],[30.944141,70.274414],[30.065137,70.702979],[28.831543,70.863965],[28.192969,70.248584],[28.392285,70.975293],[27.59707,71.091309],[26.989355,70.511377],[26.585059,70.41001],[26.661328,70.939746],[25.043848,70.109033],[25.768164,70.853174],[24.658008,71.001025],[23.353906,69.983398],[22.68457,70.374756],[21.355762,70.233398],[21.974707,69.83457],[20.62207,69.913916],[20.739453,69.520508],[20.054492,69.332666],[20.324219,69.945312],[19.641504,69.424023],[19.722461,69.781641],[19.197266,69.747852],[18.915918,69.335596],[18.259766,69.470605],[18.101465,69.156299],[16.514355,68.532568],[17.552832,68.42627],[16.203809,68.316748],[16.312305,67.881445],[16.00791,68.228711],[14.798926,67.809326],[15.594434,67.348535],[14.961914,67.574268],[14.441699,67.271387],[15.415723,67.202441],[14.108789,67.119238],[13.211426,66.64082],[13.118848,66.230664],[14.03418,66.297559],[12.783789,66.100439],[12.133887,65.27915],[12.915527,65.339258],[11.489355,64.97583],[9.567285,63.706152],[10.055078,63.512695],[11.306641,64.048877],[11.370703,63.804834],[10.020996,63.39082],[9.696875,63.624561],[9.156055,63.459326],[8.576172,63.601172],[8.158008,63.161523],[8.623145,62.84624],[7.571875,63.099512],[6.734961,62.720703],[8.045508,62.77124],[7.653125,62.564014],[6.35293,62.611133],[6.136133,62.407471],[6.580078,62.407275],[5.143164,62.159912],[5.266895,61.935596],[6.730762,61.869775],[4.930078,61.87832]]],[[[10.558203,78.90293],[12.116406,78.232568],[11.250293,78.610693],[10.558203,78.90293]]],[[[10.737598,79.520166],[13.150195,78.2375],[14.638281,78.4146],[14.689258,78.720947],[15.417383,78.473242],[16.782617,78.663623],[17.00293,78.369385],[13.680566,78.028125],[14.089941,77.771387],[16.914062,77.897998],[13.995703,77.508203],[16.700488,76.579297],[19.676758,78.60957],[21.38877,78.74043],[18.677832,79.261719],[18.397363,79.605176],[17.66875,79.385938],[16.786719,79.906738],[16.245703,80.049463],[16.34375,78.976123],[14.593652,79.79873],[14.02959,79.344141],[12.555371,79.569482],[13.692871,79.860986],[10.804004,79.798779],[10.737598,79.520166]]],[[[14.25752,68.190771],[15.975293,68.40249],[16.328906,68.876318],[15.760352,68.56123],[16.048047,69.302051],[15.412598,68.61582],[14.25752,68.190771]]],[[[14.404688,68.663232],[15.22207,68.616309],[15.207129,68.943115],[14.404688,68.663232]]],[[[17.08252,69.013672],[17.950684,69.198145],[17.503027,69.59624],[17.08252,69.013672]]],[[[17.916895,80.143115],[18.725,79.760742],[20.784082,79.748584],[20.128223,79.4896],[23.947754,79.194287],[25.641211,79.403027],[26.86084,80.16001],[24.297559,80.3604],[23.114551,80.186963],[23.008008,80.473975],[22.289746,80.049219],[20.897852,80.249951],[19.733301,80.477832],[19.343359,80.116406],[17.916895,80.143115]]],[[[18.129883,69.557861],[19.334766,69.820264],[19.255078,70.066406],[19.132715,70.244141],[18.129883,69.557861]]],[[[20.22793,78.477832],[21.653125,77.923535],[20.928125,77.459668],[22.685352,77.553516],[22.553711,77.26665],[24.901855,77.756592],[23.116699,77.991504],[21.608105,78.595703],[20.22793,78.477832]]],[[[21.994531,70.657129],[22.829102,70.541553],[23.440527,70.815771],[21.994531,70.657129]]],[[[31.481934,80.10791],[32.525977,80.119141],[33.629297,80.217432],[31.481934,80.10791]]]]}},{"type":"Feature","properties":{"name":"朝鲜","full_name":"朝鲜民主主义人民共和国","iso_a2":"KP","iso_a3":"PRK","iso_n3":"408","NAME_ZH":"朝鲜","ADM0_A3":"PRK"},"geometry":{"type":"MultiPolygon","coordinates":[[[[124.362109,40.004053],[124.638281,39.615088],[124.775293,39.758057],[125.36084,39.526611],[125.168848,38.805518],[125.554492,38.68623],[124.690918,38.129199],[125.206738,38.081543],[124.98877,37.931445],[125.357813,37.724805],[125.769141,37.985352],[126.116699,37.74292],[126.633887,37.781836],[127.090332,38.283887],[128.038965,38.308545],[128.374609,38.623438],[127.394531,39.20791],[127.568164,39.781982],[129.708691,40.857324],[129.756348,41.712256],[130.687305,42.302539],[130.59729369771287,42.43325219261301],[130.581451,42.435437],[130.58304991070247,42.45393682696138],[130.526953,42.5354],[130.46812520431962,42.57869853988894],[130.476125,42.570007],[130.435474,42.553257],[130.423771,42.574855],[130.4406118170278,42.59894899264444],[130.4176622436656,42.61584037887036],[130.388046,42.603054],[130.373264,42.630799],[130.333228,42.64973],[130.290112,42.702968],[130.257467,42.710884],[130.242069,42.738582],[130.24238715689376,42.7448466632017],[129.898242,42.998145],[129.89800762226426,42.9975017156312],[129.903918,42.968475],[129.88827047909368,42.97077668572044],[129.87251091448616,42.92752222923985],[129.874969,42.923792],[129.87087495176857,42.92303208754283],[129.7863325932144,42.690993077588345],[129.796744,42.681854],[129.7768474996757,42.664959835179616],[129.76590222127794,42.63491889941046],[129.786889,42.615387],[129.74805223202878,42.5859269632508],[129.74651431100898,42.581705911497245],[129.749933,42.546644],[129.738846,42.500332],[129.748701,42.471204],[129.704354,42.427045],[129.65723807976548,42.42664723022168],[129.5764219953471,42.38386964147434],[129.578086,42.380202],[129.546057,42.361632],[129.54218416926346,42.36574686734652],[128.95382083090018,42.054314247173714],[128.952908,42.025545],[128.898089,42.016653],[128.83287116021413,42.03300025713285],[128.70887116515382,42.0258371929118],[128.70222,42.02021],[128.658489,42.018876],[128.65368479088207,42.022649260986135],[128.602841495156,42.01971221415546],[128.598127,42.007315],[128.49896,42.000644],[128.47947812950986,42.01258592588248],[128.05173933722494,41.98787688910003],[128.106607,41.949923],[128.115846,41.896935],[128.104143,41.843457],[128.112766,41.793504],[128.147875,41.78101],[128.163889,41.721628],[128.208853,41.688565],[128.248889,41.681414],[128.30186,41.627756],[128.317874,41.575844],[128.301244,41.540018],[128.238418,41.497898],[128.243345,41.477276],[128.203925,41.410882],[128.169433,41.404149],[128.14913470872492,41.38935156454466],[128.149414,41.387744],[128.14754432082472,41.38819217324502],[128.114614,41.364186],[128.090593,41.374516],[128.110919,41.393375],[128.040085,41.393375],[128.01937111439253,41.418916054972975],[127.99303730289525,41.425228426586436],[127.991426,41.421204],[127.98402475149005,41.42738878888951],[127.92623831647651,41.44124054187484],[127.909506,41.42973],[127.882405,41.448124],[127.86947,41.4037],[127.854688,41.420755],[127.780159,41.427038],[127.684073,41.422999],[127.636645,41.413575],[127.618783,41.432871],[127.563964,41.432871],[127.547334,41.477276],[127.526392,41.467859],[127.465414,41.479069],[127.459255,41.461581],[127.419835,41.460235],[127.405668,41.478621],[127.360088,41.479518],[127.360704,41.466065],[127.296031,41.486243],[127.253531,41.486691],[127.28864,41.501932],[127.241212,41.520754],[127.188241,41.527475],[127.164836,41.542706],[127.11864,41.540018],[127.125416,41.566442],[127.178386,41.600015],[127.135887,41.600463],[127.127263,41.622388],[127.093387,41.629993],[127.09868472199767,41.63961007220074],[126.80177448574074,41.71078122595826],[126.8002,41.702865],[126.78025416906324,41.7159397741662],[126.743066,41.724854],[126.54068921977716,41.50470600238928],[126.497158,41.406842],[126.539041,41.366881],[126.524259,41.349362],[126.497158,41.374965],[126.437411,41.353405],[126.373354,41.289133],[126.35426,41.244599],[126.332086,41.236949],[126.295129,41.171661],[126.188572,41.114875],[126.187956,41.113072],[126.16763,41.094583],[126.16347301724166,41.094365490186874],[126.10273532375918,41.02829426608232],[126.1085,41.011995],[126.07831558498829,41.00173016823143],[126.06993986094862,40.992618950660706],[126.08263,40.976762],[126.051833,40.96185],[126.041362,40.928851],[126.01658334168386,40.934577060367346],[125.989062,40.904639],[125.97070561527826,40.894477979312235],[125.959442,40.88181],[125.94829741476579,40.88207411044404],[124.362109,40.004053]]]]}},{"type":"Feature","properties":{"name":"尼日利亚","full_name":"尼日利亚联邦共和国","iso_a2":"NG","iso_a3":"NGA","iso_n3":"566","NAME_ZH":"尼日利亚","ADM0_A3":"NGA"},"geometry":{"type":"MultiPolygon","coordinates":[[[[2.706445,6.369238],[3.716992,6.597949],[3.450781,6.427051],[4.431348,6.348584],[5.112402,5.641553],[5.456641,5.611719],[5.199219,5.533545],[5.549707,5.474219],[5.367969,5.337744],[5.493262,4.83877],[6.076563,4.290625],[6.860352,4.37334],[6.767676,4.724707],[6.923242,4.390674],[7.154688,4.514404],[7.076563,4.716162],[7.800781,4.522266],[8.293066,4.557617],[8.252734,4.923975],[8.555859,4.755225],[8.997168,5.917725],[9.779883,6.760156],[10.60625,7.063086],[11.237305,6.450537],[11.861426,7.116406],[12.233398,8.282324],[12.782227,8.817871],[13.699902,10.873145],[14.575391,11.532422],[14.619727,12.150977],[14.197461,12.383789],[14.063965,13.078516],[13.606348,13.70459],[12.463184,13.09375],[10.475879,13.330225],[9.615918,12.810645],[8.750586,12.908154],[7.830469,13.340918],[7.005078,12.995557],[6.299805,13.658789],[5.491992,13.872852],[4.664844,13.733203],[4.147559,13.457715],[4.03877,12.934668],[3.64668,12.52998],[3.59541,11.696289],[3.487793,11.39541],[3.834473,10.607422],[3.044922,9.083838],[2.774805,9.048535],[2.706445,6.369238]]]]}},{"type":"Feature","properties":{"name":"尼日尔","full_name":"尼日尔共和国","iso_a2":"NE","iso_a3":"NER","iso_n3":"562","NAME_ZH":"尼日尔","ADM0_A3":"NER"},"geometry":{"type":"MultiPolygon","coordinates":[[[[0.21748,14.911475],[0.429199,13.972119],[1.201172,13.35752],[0.988477,13.364844],[0.987305,13.041895],[1.564941,12.6354],[2.10459,12.70127],[2.072949,12.309375],[2.38916,11.89707],[2.366016,12.221924],[2.805273,12.383838],[3.59541,11.696289],[3.64668,12.52998],[4.03877,12.934668],[4.147559,13.457715],[4.664844,13.733203],[5.491992,13.872852],[6.299805,13.658789],[7.005078,12.995557],[7.830469,13.340918],[8.750586,12.908154],[9.615918,12.810645],[10.475879,13.330225],[12.463184,13.09375],[13.606348,13.70459],[13.448242,14.380664],[15.474316,16.908398],[15.735059,19.904053],[15.963184,20.346191],[15.181836,21.523389],[14.979004,22.996191],[14.215527,22.619678],[13.48125,23.180176],[11.967871,23.517871],[7.481738,20.873096],[5.836621,19.47915],[4.227637,19.142773],[4.234668,16.996387],[3.842969,15.701709],[3.504297,15.356348],[1.300195,15.272266],[0.947461,14.982129],[0.21748,14.911475]]]]}},{"type":"Feature","properties":{"name":"尼加拉瓜","full_name":"尼加拉瓜共和国","iso_a2":"NI","iso_a3":"NIC","iso_n3":"558","NAME_ZH":"尼加拉瓜","ADM0_A3":"NIC"},"geometry":{"type":"MultiPolygon","coordinates":[[[[-87.667529,12.903564],[-85.744336,11.062109],[-84.63418,11.045605],[-83.919287,10.735352],[-83.641992,10.917236],[-83.867871,11.300049],[-83.651758,11.642041],[-83.754248,12.501953],[-83.593359,12.713086],[-83.510938,12.411816],[-83.567334,13.320312],[-83.187744,14.340088],[-83.413721,14.825342],[-83.15752,14.993066],[-84.453564,14.643701],[-84.985156,14.752441],[-85.733936,13.858691],[-86.040381,14.050146],[-86.733643,13.763477],[-86.729297,13.284375],[-87.337256,12.979248],[-87.667529,12.903564]]]]}},{"type":"Feature","properties":{"name":"新西兰","full_name":"新西兰","iso_a2":"NZ","iso_a3":"NZL","iso_n3":"554","NAME_ZH":"新西兰","ADM0_A3":"NZL"},"geometry":{"type":"MultiPolygon","coordinates":[[[[-176.847656,-43.823926],[-176.515527,-44.116602],[-176.516553,-43.784766],[-176.177637,-43.740332],[-176.847656,-43.823926]]],[[[165.88916,-50.807715],[166.221094,-50.761523],[166.101367,-50.538965],[165.88916,-50.807715]]],[[[166.488281,-45.831836],[166.916699,-45.957227],[166.731543,-46.197852],[167.539453,-46.148535],[168.382129,-46.605371],[169.342285,-46.620508],[170.77627,-45.870898],[171.240723,-44.26416],[172.179785,-43.895996],[172.035547,-43.701758],[173.065625,-43.874609],[172.52666,-43.464746],[172.624023,-43.272461],[173.221191,-42.976562],[174.283105,-41.740625],[174.069336,-41.429492],[174.370117,-41.103711],[174.038574,-41.241895],[174.302539,-41.019531],[173.797852,-41.271973],[173.947168,-40.924121],[173.115332,-41.279297],[172.704395,-40.667773],[172.943652,-40.51875],[172.640625,-40.518262],[171.48623,-41.794727],[171.011719,-42.885059],[170.969922,-42.718359],[169.178906,-43.913086],[168.457422,-44.030566],[167.908984,-44.664746],[167.194531,-44.963477],[167.155664,-45.410938],[166.743066,-45.468457],[167.00332,-45.712109],[166.488281,-45.831836]]],[[[167.521973,-47.258691],[168.240918,-47.07002],[168.144922,-46.862207],[167.783984,-46.699805],[167.521973,-47.258691]]],[[[172.705957,-34.455176],[173.313965,-35.443359],[173.626172,-35.319141],[173.412207,-35.542578],[174.054688,-36.359766],[173.914453,-35.908691],[174.392773,-36.240039],[174.401562,-36.601953],[174.188867,-36.492285],[174.475586,-36.941895],[174.928906,-37.084766],[174.58584,-37.097754],[174.928027,-37.804492],[174.597363,-38.785059],[173.763672,-39.31875],[175.155957,-40.114941],[175.1625,-40.621582],[174.635352,-41.289453],[175.309766,-41.610645],[176.842188,-40.157812],[177.076758,-39.221777],[177.522949,-39.073828],[177.908789,-39.239551],[178.53623,-37.69209],[178.00918,-37.554883],[177.274023,-37.993457],[176.108398,-37.645117],[175.46084,-36.475684],[175.54248,-37.201367],[174.722461,-36.841211],[174.802148,-36.309473],[174.320312,-35.24668],[173.269434,-34.934766],[173.043945,-34.429102],[172.705957,-34.455176]]]]}},{"type":"Feature","properties":{"name":"纽埃","full_name":"纽埃","iso_a2":"NU","iso_a3":"NIU","iso_n3":"570","NAME_ZH":"纽埃","ADM0_A3":"NIU"},"geometry":{"type":"MultiPolygon","coordinates":[[[[-169.94834,-19.072852],[-169.803418,-19.083008],[-169.834033,-18.966016],[-169.94834,-19.072852]]]]}},{"type":"Feature","properties":{"name":"库克群岛","full_name":"库克群岛","iso_a2":"CK","iso_a3":"COK","iso_n3":"184","NAME_ZH":"库克群岛","ADM0_A3":"COK"},"geometry":{"type":"MultiPolygon","coordinates":[[[[-159.832031,-21.200488],[-159.740527,-21.249219],[-159.768359,-21.188477],[-159.832031,-21.200488]]]]}},{"type":"Feature","properties":{"name":"荷兰","full_name":"荷兰王国","iso_a2":"NL","iso_a3":"NLD","iso_n3":"528","NAME_ZH":"荷兰","ADM0_A3":"NLD"},"geometry":{"type":"MultiPolygon","coordinates":[[[[3.350098,51.377686],[3.902051,51.207666],[4.226172,51.386475],[3.350098,51.377686]]],[[[3.448926,51.540771],[4.226172,51.386475],[5.030957,51.469092],[5.796484,51.153076],[5.639453,50.843604],[5.993945,50.750439],[5.94873,51.802686],[6.800391,51.967383],[7.035156,52.380225],[6.710742,52.617871],[7.033008,52.651367],[7.197266,53.282275],[6.062207,53.40708],[4.76875,52.941309],[3.946875,51.810547],[4.274121,51.471631],[3.448926,51.540771]]]]}},{"type":"Feature","properties":{"name":"阿鲁巴","full_name":"阿鲁巴（荷兰）","iso_a2":"AW","iso_a3":"ABW","iso_n3":"533","NAME_ZH":"阿鲁巴","ADM0_A3":"ABW"},"geometry":{"type":"MultiPolygon","coordinates":[[[[-70.066113,12.546973],[-69.899121,12.452002],[-70.035107,12.614111],[-70.066113,12.546973]]]]}},{"type":"Feature","properties":{"name":"库拉索","full_name":"库拉索岛（荷兰）","iso_a2":"CW","iso_a3":"CUW","iso_n3":"531","NAME_ZH":"库拉索","ADM0_A3":"CUW"},"geometry":{"type":"MultiPolygon","coordinates":[[[[-69.158887,12.380273],[-68.995117,12.141846],[-68.751074,12.059766],[-69.158887,12.380273]]]]}},{"type":"Feature","properties":{"name":"尼泊尔","full_name":"尼泊尔","iso_a2":"NP","iso_a3":"NPL","iso_n3":"524","NAME_ZH":"尼泊尔","ADM0_A3":"NPL"},"geometry":{"type":"MultiPolygon","coordinates":[[[[80.070703,28.830176],[82.733398,27.518994],[84.091016,27.491357],[85.794531,26.60415],[87.995117,26.382373],[88.10949889420152,27.867137761762685],[88.10610346477935,27.87048292936073],[87.77748446171674,27.859530206898164],[87.727473,27.802933],[87.668343,27.809815],[87.670191,27.832045],[87.598126,27.814579],[87.58337258773315,27.853060546097613],[87.55777965175983,27.852207545138736],[87.45954,27.820931],[87.418272,27.825694],[87.42086974286346,27.847644399914202],[87.4046520790501,27.84710387252813],[87.364069,27.824106],[87.317258,27.826753],[87.28514380276968,27.843120715833358],[87.26581485822135,27.842476490870226],[87.249504,27.839454],[87.227946,27.812991],[87.173744,27.818284],[87.118309,27.840512],[87.11570209128983,27.845393882701135],[86.5197789999865,28.00916394830985],[86.513457,27.996511],[86.514689,27.954757],[86.475884,27.944713],[86.450015,27.908757],[86.414906,27.904526],[86.393349,27.926736],[86.308965,27.950528],[86.27324,27.976958],[86.231972,27.974315],[86.206103,28.084195],[86.22104519109755,28.091261212529442],[86.13969733131698,28.11361702408938],[86.128495,28.086835],[86.11832405216528,28.087604061975757],[86.08395612672189,28.038407956994696],[86.082915,28.018175],[86.125415,27.923035],[86.053966,27.900823],[86.002227,27.90717],[85.99510541528043,27.911222249061424],[85.994531,27.9104],[85.99258909751674,27.912654057668306],[85.949256,27.937311],[85.95879407977078,27.95188152637906],[85.67832,28.277441],[85.64420487605472,28.279805483196487],[85.601251,28.254075],[85.60209869181722,28.282723818338912],[85.3971954373173,28.29692544641881],[85.379512,28.274105],[85.349947,28.298347],[85.272339,28.282538],[85.24451245984233,28.307507742271177],[85.122461,28.315967],[85.12576566272953,28.340897391513725],[85.113427,28.344708],[85.129441,28.377885],[85.108499,28.461047],[85.14461246468203,28.483077756020766],[85.159082,28.592236],[85.02258331346405,28.639115898778233],[84.995782,28.611414],[84.981616,28.586193],[84.896616,28.587244],[84.857196,28.567798],[84.773428,28.610363],[84.698284,28.633478],[84.699515,28.671816],[84.669334,28.680742],[84.650856,28.714338],[84.620059,28.732182],[84.557233,28.74635],[84.483321,28.735331],[84.445133,28.764189],[84.434046,28.823978],[84.404481,28.828173],[84.40766491586079,28.850307031587576],[84.38332798249942,28.85866544881127],[84.340423,28.866963],[84.330568,28.859101],[84.268358,28.895261],[84.234481,28.889497],[84.2323311442393,28.910524676713834],[84.228711,28.911768],[84.101367,29.219971],[83.66347409822609,29.18921193048688],[83.656114,29.16736],[83.596368,29.174153],[83.5902172755912,29.184066124992867],[83.583496,29.183594],[83.5584552555733,29.202180448843052],[83.548941,29.201322],[83.53674170044472,29.218297297237072],[82.89819744245504,29.69225565817542],[82.885574,29.689122],[82.830756,29.687562],[82.816589,29.717192],[82.774089,29.726548],[82.757459,29.761881],[82.691553,29.766037],[82.737749,29.80655],[82.72750696942344,29.81895036384946],[82.691627959231,29.845581496539364],[82.6238,29.834588],[82.64351,29.868846],[82.609017,29.886489],[82.57959434282135,29.928738252769055],[82.54605936137,29.953629534217296],[82.498148,29.947698],[82.474743,29.973622],[82.431011,29.989692],[82.412533,30.011978],[82.368185,30.014051],[82.333693,30.045138],[82.311519,30.035813],[82.246845,30.071555],[82.17786,30.06793],[82.183403,30.12178],[82.207425,30.143519],[82.188947,30.18543],[82.142135,30.200948],[82.114418,30.226806],[82.11809152953525,30.271287910395216],[82.043359,30.326758],[81.3960650011456,30.225096179489867],[81.393769,30.199396],[81.335871,30.149729],[81.269349,30.153351],[81.293371,30.094859],[81.2829,30.061197],[81.247792,30.032705],[81.256415,30.011978],[81.225618,30.005759],[81.131995,30.016124],[81.09627,30.052909],[81.110437,30.085538],[81.085799,30.100554],[81.082104,30.151281],[81.06444098185737,30.173012425298733],[81.010254,30.164502],[80.401855,29.730273],[80.070703,28.830176]]]]}},{"type":"Feature","properties":{"name":"瑙鲁","full_name":"瑙鲁共和国","iso_a2":"NR","iso_a3":"NRU","iso_n3":"520","NAME_ZH":"瑙鲁","ADM0_A3":"NRU"},"geometry":{"type":"MultiPolygon","coordinates":[[[[166.907031,-0.52373],[166.938965,-0.550781],[166.958398,-0.516602],[166.907031,-0.52373]]]]}},{"type":"Feature","properties":{"name":"纳米比亚","full_name":"纳米比亚共和国","iso_a2":"NA","iso_a3":"NAM","iso_n3":"516","NAME_ZH":"纳米比亚","ADM0_A3":"NAM"},"geometry":{"type":"MultiPolygon","coordinates":[[[[11.743066,-17.249219],[11.775879,-18.001758],[14.462793,-22.449121],[14.501562,-24.201953],[14.967773,-26.318066],[15.341504,-27.386523],[16.447559,-28.617578],[17.05625,-28.031055],[17.447949,-28.698145],[18.102734,-28.87168],[19.161719,-28.93877],[19.980469,-28.45127],[19.980469,-24.776758],[19.977344,-22.000195],[20.979492,-21.961914],[20.974121,-18.318848],[23.219336,-17.999707],[23.599707,-18.459961],[24.243945,-18.023438],[25.258789,-17.793555],[24.73291,-17.517773],[23.380664,-17.640625],[20.745508,-18.019727],[18.955273,-17.803516],[18.396387,-17.399414],[14.01748,-17.408887],[13.101172,-16.967676],[11.743066,-17.249219]]]]}},{"type":"Feature","properties":{"name":"莫桑比克","full_name":"莫桑比克共和国","iso_a2":"MZ","iso_a3":"MOZ","iso_n3":"508","NAME_ZH":"莫桑比克","ADM0_A3":"MOZ"},"geometry":{"type":"MultiPolygon","coordinates":[[[[30.231836,-14.990332],[30.396094,-15.643066],[30.437793,-15.995313],[31.23623,-16.023633],[32.948047,-16.712305],[32.993066,-18.35957],[32.699707,-18.940918],[32.992773,-19.984863],[32.492383,-20.659766],[32.429785,-21.29707],[31.287891,-22.402051],[31.98584,-24.460645],[31.948242,-25.957617],[32.112891,-26.839453],[32.886133,-26.849316],[32.954883,-26.083594],[32.848828,-26.268066],[32.59043,-26.004102],[32.792188,-25.644336],[34.99209,-24.650586],[35.489648,-24.065527],[35.530078,-22.248145],[35.315723,-22.396875],[34.649414,-19.701367],[34.947852,-19.812695],[36.403711,-18.769727],[37.244531,-17.739941],[39.844629,-16.435645],[40.558984,-15.473438],[40.844531,-14.718652],[40.436816,-12.983105],[40.463574,-10.464355],[38.491797,-11.413281],[37.920215,-11.294727],[37.372852,-11.710449],[36.305664,-11.706348],[35.911328,-11.454688],[34.959473,-11.578125],[34.618555,-11.620215],[34.357813,-12.164746],[34.563672,-13.360156],[35.247461,-13.896875],[35.892773,-14.891797],[35.755273,-16.058301],[35.358496,-16.160547],[35.167188,-16.560254],[35.272559,-17.118457],[34.248242,-15.8875],[34.54082,-15.297266],[34.505273,-14.598145],[34.33252,-14.408594],[33.636426,-14.568164],[33.201758,-14.013379],[30.231836,-14.990332]]]]}},{"type":"Feature","properties":{"name":"摩洛哥","full_name":"摩洛哥王国","iso_a2":"MA","iso_a3":"MAR","iso_n3":"504","NAME_ZH":"摩洛哥","ADM0_A3":"MAR"},"geometry":{"type":"MultiPolygon","coordinates":[[[[-17.003076,21.420703],[-14.750977,21.500586],[-14.221191,22.310156],[-13.891113,23.691016],[-12.431152,24.830664],[-12.060986,25.99082],[-11.718213,26.104102],[-11.392578,26.883398],[-9.817871,26.850195],[-8.794873,27.120703],[-8.68335,27.656445],[-8.678418,28.689404],[-7.685156,29.349512],[-5.448779,29.956934],[-4.968262,30.465381],[-3.666797,30.964014],[-3.826758,31.661914],[-3.017383,31.834277],[-2.887207,32.068848],[-1.225928,32.107227],[-1.065527,32.468311],[-1.679199,33.318652],[-1.795605,34.751904],[-2.219629,35.104199],[-2.839941,35.127832],[-2.972217,35.407275],[-4.62832,35.206396],[-5.252686,35.614746],[-5.277832,35.902734],[-5.924805,35.785791],[-6.900977,33.969043],[-8.512842,33.252441],[-9.24585,32.572461],[-9.808691,31.424609],[-9.66709,30.109277],[-10.200586,29.380371],[-11.552686,28.310107],[-12.948926,27.91416],[-13.575781,26.735107],[-14.413867,26.253711],[-14.904297,24.719775],[-15.899316,23.844434],[-17.003076,21.420703]]]]}},{"type":"Feature","properties":{"name":"西撒哈拉","full_name":"西撒哈拉","iso_a2":"EH","iso_a3":"ESH","iso_n3":"732","NAME_ZH":"西撒哈拉","ADM0_A3":"ESH"},"geometry":{"type":"MultiPolygon","coordinates":[[[[-17.048047,20.806152],[-16.964551,21.329248],[-13.016211,21.333936],[-13.153271,22.820508],[-12.023438,23.467578],[-12.016309,25.99541],[-8.682227,25.995508],[-8.68335,27.285938],[-8.68335,27.656445],[-8.794873,27.120703],[-9.817871,26.850195],[-11.392578,26.883398],[-11.718213,26.104102],[-12.060986,25.99082],[-12.431152,24.830664],[-13.891113,23.691016],[-14.221191,22.310156],[-14.750977,21.500586],[-17.003076,21.420703],[-17.048047,20.806152]]]]}},{"type":"Feature","properties":{"name":"黑山","full_name":"黑山","iso_a2":"ME","iso_a3":"MNE","iso_n3":"499","NAME_ZH":"黑山","ADM0_A3":"MNE"},"geometry":{"type":"MultiPolygon","coordinates":[[[[18.436328,42.559717],[18.51748,42.43291],[19.342383,41.869092],[19.654492,42.628564],[20.063965,42.547266],[20.344336,42.82793],[19.194336,43.533301],[18.460156,42.9979],[18.436328,42.559717]]]]}},{"type":"Feature","properties":{"name":"蒙古","full_name":"蒙古国","iso_a2":"MN","iso_a3":"MNG","iso_n3":"496","NAME_ZH":"蒙古","ADM0_A3":"MNG"},"geometry":{"type":"MultiPolygon","coordinates":[[[[87.82048,49.148445],[87.845733,49.146096],[87.867291,49.108892],[87.844502,49.090084],[87.858052,49.07362],[87.8420880376621,49.06016036717888],[87.84541813819231,49.04793789374758],[87.883306,49.023806],[87.883922,48.993971],[87.911639,48.979833],[87.871603,48.963726],[87.87653,48.949186],[87.87239497287419,48.94892477322245],[87.92151695784459,48.768632271316164],[87.93874,48.757809],[87.96153,48.773588],[88.029283,48.750313],[88.064392,48.712813],[88.090877,48.71992],[88.089645,48.69504],[88.02682,48.65315],[88.010805,48.618742],[87.96704685808358,48.60152380388397],[87.97409731419509,48.57564650326817],[88.041602,48.548272],[88.10874,48.545895],[88.130297,48.521721],[88.151855,48.526478],[88.196819,48.493967],[88.229464,48.498329],[88.318159,48.478497],[88.363123,48.460641],[88.360659,48.433251],[88.438267,48.393528],[88.462289,48.392335],[88.503557,48.412996],[88.523267,48.403461],[88.535586,48.368884],[88.573158,48.369679],[88.573774,48.351785],[88.605803,48.337863],[88.575006,48.277757],[88.594716,48.259831],[88.59918578274792,48.23458645873555],[88.7868607845819,48.13747965973648],[88.79736,48.133772],[88.80102788569616,48.1301493183119],[88.84311727292834,48.108371427671116],[88.939026,48.115396],[88.953808,48.090618],[89.027105,48.051028],[89.044967,48.009806],[89.05735645680002,48.00130349734171],[89.12390989998626,47.99282689075811],[89.156452,47.996992],[89.231597,47.98017],[89.282104,47.994189],[89.308589,48.021816],[89.359712,48.026219],[89.38127,48.046227],[89.498299,48.02822],[89.569132,48.037825],[89.599313,48.015811],[89.595617,47.973359],[89.645508,47.947711],[89.64904882145836,47.92594235667625],[90.02793,47.877686],[90.0291522202322,47.87634590842542],[90.040941,47.874704],[90.066195,47.883534],[90.086521,47.86547],[90.0731998858066,47.828050270732554],[90.16755422491924,47.724596366487916],[90.180144,47.72516],[90.216484,47.70543],[90.331665,47.681663],[90.384635,47.644179],[90.346447,47.637324],[90.376012,47.603036],[90.398186,47.547724],[90.468403,47.497611],[90.474562,47.462422],[90.459164,47.43895],[90.468403,47.404937],[90.507823,47.400076],[90.526301,47.379007],[90.50868165119466,47.35057049311513],[90.83348934579908,46.99443823198601],[90.901408,46.960768],[90.92235,46.938707],[90.929742,46.893331],[90.958075,46.879425],[90.942676,46.82581],[90.992567,46.790583],[90.992567,46.769682],[91.019053,46.766402],[91.054161,46.717598],[91.036299,46.670393],[91.017821,46.58244],[91.068328,46.579149],[91.079415,46.558989],[91.060937,46.516999],[91.038147,46.500936],[91.025828,46.444057],[90.996263,46.419309],[90.983328,46.374734],[90.900177,46.31235],[90.955611,46.233752],[90.94822,46.219262],[90.98456,46.160431],[91.021517,46.121038],[91.014741,46.06667],[91.028292,46.023054],[90.890937,45.921566],[90.87429021198959,45.90574060376078],[90.87689170170982,45.28115645287376],[90.877387,45.280946],[90.897713,45.249776],[90.8771350151118,45.22274004115511],[90.8772412366363,45.19723762222941],[90.87830538805032,45.19599299269368],[90.8989529897938,45.19402434802811],[90.96177,45.201303],[91.007966,45.218589],[91.050466,45.208892],[91.129922,45.21606],[91.17119,45.199616],[91.19156406655125,45.16612535799031],[91.41582944741778,45.14474278527313],[91.429268,45.156586],[91.448978,45.156586],[91.46499040946651,45.140055535543404],[92.03376538182441,45.08582571122027],[92.056911,45.086911],[92.100026,45.081417],[92.10516687003978,45.07901793951702],[92.67195855243996,45.02497721188628],[92.683937,45.02561],[92.779407,45.050561],[92.847777,45.038721],[92.884117,45.046756],[92.922921,45.03703],[92.932776,45.017573],[93.002377,45.009958],[93.062124,45.018419],[93.100312,45.007419],[93.174225,45.015458],[93.252449,44.991761],[93.314043,44.980333],[93.314659,44.995147],[93.376869,44.985412],[93.434767,44.955351],[93.509296,44.968055],[93.613389,44.926546],[93.716251,44.894334],[93.72262033323835,44.86948403473671],[95.32407021281412,44.287603939709015],[95.41378,44.298589],[95.43041,44.281882],[95.4107,44.245024],[95.38198354171482,44.23038769776604],[96.16988903823348,43.044738181645215],[96.363558,42.900562],[96.386348,42.727592],[96.742361,42.75704],[96.968411,42.756161],[97.172903,42.795257],[97.28254,42.782081],[97.831958,42.706047],[98.16993478035883,42.65694511313077],[99.70749264696846,42.602304388728804],[99.969267,42.647969],[100.004376,42.648849],[100.272309,42.636523],[100.32528,42.690213],[100.826655,42.675255],[100.862995,42.671295],[101.291689,42.586312],[101.557775,42.529887],[101.770274,42.509597],[101.803534,42.503861],[101.877447,42.432345],[102.070236,42.232374],[102.093642,42.223512],[102.449039,42.144133],[102.540814,42.162323],[102.621502,42.154338],[102.712045,42.153007],[103.021862,42.028212],[103.20726,41.96283],[103.418527,41.882233],[103.454868,41.877332],[103.868779,41.802427],[104.0452088848567,41.80466257300365],[104.498242,41.877002],[104.498242,41.87087520157869],[104.530298,41.875104],[104.524138,41.661745],[104.68921,41.6452],[104.803775,41.652355],[104.923267,41.654143],[104.99040752912828,41.598755625621074],[105.07164811923862,41.630253041540385],[105.230621,41.751103],[105.291599,41.749763],[105.385221,41.797073],[105.589713,41.888471],[105.74185,41.949033],[106.01348,42.032213],[106.344855,42.149457],[106.372572,42.161436],[106.612789,42.241679],[106.75042353108375,42.28112334307547],[106.77002,42.288721],[106.77869766715814,42.289226358464845],[106.785867,42.291281],[107.051337,42.319166],[107.271844,42.364285],[107.303872,42.412465],[107.46648,42.458842],[107.501589,42.456635],[107.57427,42.412907],[107.736262,42.415116],[107.939522,42.403628],[107.986949,42.413349],[108.022058,42.433229],[108.089195,42.436321],[108.238252,42.460167],[108.298614,42.438529],[108.532671,42.442945],[108.705134,42.413349],[108.798757,42.415116],[108.81617354202817,42.40788217477028],[108.8878562339741,42.41205673626214],[108.983539,42.449128],[109.026039,42.458401],[109.291509,42.435879],[109.35588267347072,42.44344979396835],[109.64467094606961,42.534753219622495],[109.683862,42.558988],[109.733753,42.579262],[109.906216,42.635643],[109.9709155096163,42.63789884248588],[110.400391,42.773682],[110.45002364152191,42.804046266323155],[110.469801,42.839156],[110.631177,42.936061],[110.689691,43.02144],[110.687227,43.036314],[110.736502,43.089657],[110.769763,43.099272],[110.82027,43.149067],[111.02045,43.329998],[111.069725,43.357852],[111.151029,43.38004],[111.183674,43.396132],[111.354289,43.436125],[111.400485,43.472618],[111.456535,43.494329],[111.564325,43.490422],[111.606209,43.513863],[111.79407,43.672068],[111.87111062716389,43.67343911702098],[111.933203,43.711426],[111.57058627416099,44.15934446268539],[111.559397,44.171238],[111.55685618493648,44.176304409703135],[111.44513999072231,44.31430065312984],[111.428818,44.319573],[111.41993836229152,44.345430697221914],[111.402246,44.367285],[111.44669625103471,44.42975343504795],[111.478709,44.488884],[111.49478558310825,44.49733607512776],[111.52816368326036,44.54424419449357],[111.530448,44.55033],[111.53430497799003,44.55287490100256],[111.56694157863241,44.59874094944899],[111.560629,44.647062],[111.585267,44.705789],[111.624687,44.778477],[111.69244,44.859983],[111.764505,44.969325],[111.87929530209563,45.03770918544191],[111.898047,45.064062],[111.92234744412922,45.059481523144335],[112.002874,45.090713],[112.071243,45.096206],[112.113743,45.072965],[112.396459,45.064512],[112.438959,45.071697],[112.540589,45.001072],[112.59870087293723,44.93199326776788],[113.38040726171673,44.78464665950457],[113.503918,44.777628],[113.540874,44.759358],[113.59497840022266,44.75097729455482],[114.55030738991933,45.38346955549944],[114.551014,45.387383],[114.600906,45.403773],[114.745035,45.438217],[114.84839449103647,45.407543531473515],[115.681055,45.458252],[116.562598,46.289795],[116.5852461536994,46.29191692749833],[116.585462,46.292504],[116.673541,46.325163],[116.745606,46.327642],[116.81336,46.355737],[116.834302,46.384229],[116.876801,46.375559],[117.097308,46.356976],[117.247597,46.366888],[117.3335433706788,46.36232335108949],[117.42847883479732,46.56565362670589],[117.42006,46.582029],[117.49582,46.600535],[117.596218,46.603414],[117.622704,46.596012],[117.62426407798424,46.59281670227344],[117.90740432954986,46.602833781399404],[117.914659,46.607936],[117.982412,46.614925],[117.992883,46.631366],[118.04647,46.631366],[118.124078,46.678195],[118.192448,46.682711],[118.238643,46.709392],[118.274984,46.715957],[118.316252,46.73934],[118.41049,46.728265],[118.446831,46.704467],[118.586033,46.692975],[118.639004,46.721291],[118.677192,46.6979],[118.788061,46.687227],[118.788061,46.717598],[118.845343,46.771731],[118.914329,46.77501],[118.912481,46.733188],[118.951285,46.722111],[119.011647,46.745902],[119.073857,46.676552],[119.11899727470983,46.64569812983811],[119.1292020726878,46.64605916034594],[119.152081,46.658072],[119.19915564267248,46.64853401315054],[119.8123136133408,46.670226626175136],[119.804361,46.68189],[119.85028711023196,46.67157007176772],[119.867188,46.672168],[119.711133,47.15],[119.56811771518191,47.248353220961356],[119.56784,47.248357],[119.56780697747645,47.24856691877865],[118.83433275742239,47.752985394931],[118.773278,47.771034],[118.71197672887766,47.83713101283974],[118.498438,47.983984],[117.77906290739925,47.98783371830006],[117.529081,47.782697],[117.519226,47.761782],[117.493357,47.758563],[117.384335,47.641356],[117.35798593702285,47.657989101425244],[117.350781,47.652197],[116.760547,47.869775],[115.98708189880486,47.70575345093135],[115.968291,47.689721],[115.939342,47.683275],[115.92523658592144,47.69263849072681],[115.898242,47.686914],[115.616406,47.874805],[115.62557737284257,47.89155900785876],[115.580249,47.921649],[115.539597,48.104607],[115.545141,48.134971],[115.529126,48.155336],[115.81061,48.257042],[115.822929,48.259432],[115.799523,48.514982],[115.83032,48.560156],[116.069305,48.811437],[116.077928,48.822471],[116.048363,48.873274],[116.428397,49.430659],[116.61552712699941,49.69997158094053],[116.683301,49.823779],[116.216797,50.009277],[115.429199,49.896484],[114.29707,50.274414],[112.806445,49.523584],[110.709766,49.142969],[108.613672,49.322803],[107.916602,49.947803],[107.233301,49.989404],[106.711133,50.312598],[105.383594,50.47373],[103.304395,50.200293],[102.288379,50.585107],[102.111523,51.353467],[98.893164,52.117285],[97.835742,51.05166],[98.250293,50.302441],[97.359766,49.741455],[94.614746,50.02373],[94.251074,50.556396],[92.354785,50.86416],[90.053711,50.09375],[89.395605,49.611523],[88.192578,49.451709],[87.82093939872802,49.16741607929131],[87.82048,49.148445]]]]}},{"type":"Feature","properties":{"name":"摩尔多瓦","full_name":"摩尔多瓦共和国","iso_a2":"MD","iso_a3":"MDA","iso_n3":"498","NAME_ZH":"摩尔多瓦","ADM0_A3":"MDA"},"geometry":{"type":"MultiPolygon","coordinates":[[[[26.618945,48.259863],[28.071777,46.978418],[28.2125,45.450439],[28.947754,46.049951],[28.958398,46.458496],[30.131055,46.423096],[29.134863,47.489697],[29.125391,47.964551],[27.549219,48.477734],[26.618945,48.259863]]]]}},{"type":"Feature","properties":{"name":"摩纳哥","full_name":"摩纳哥公国","iso_a2":"MC","iso_a3":"MCO","iso_n3":"492","NAME_ZH":"摩纳哥","ADM0_A3":"MCO"},"geometry":{"type":"MultiPolygon","coordinates":[[[[7.377734,43.731738],[7.438672,43.750439],[7.39502,43.765332],[7.377734,43.731738]]]]}},{"type":"Feature","properties":{"name":"墨西哥","full_name":"墨西哥合众国","iso_a2":"MX","iso_a3":"MEX","iso_n3":"484","NAME_ZH":"墨西哥","ADM0_A3":"MEX"},"geometry":{"type":"MultiPolygon","coordinates":[[[[-117.128271,32.53335],[-115.673828,29.756396],[-114.048486,28.426172],[-114.265869,27.934473],[-114.069336,27.675684],[-114.300586,27.872998],[-114.993506,27.736035],[-113.598535,26.721289],[-113.155811,26.94624],[-113.020752,26.583252],[-112.377246,26.213916],[-112.069873,25.572852],[-112.072559,24.840039],[-110.362695,23.604932],[-110.00625,22.894043],[-109.495703,23.159814],[-109.42085,23.480127],[-110.262891,24.344531],[-110.367432,24.100488],[-110.659326,24.341455],[-111.569678,26.707617],[-111.795264,26.879688],[-111.699414,26.580957],[-111.862646,26.678516],[-112.734033,27.825977],[-112.87085,28.424219],[-114.550488,30.022266],[-114.933594,31.900732],[-113.046729,31.179248],[-113.057666,30.651025],[-112.161768,29.018896],[-111.121387,27.966992],[-110.529883,27.864209],[-110.377295,27.233301],[-109.27627,26.533887],[-109.116699,26.252734],[-109.425635,26.032568],[-109.384961,25.727148],[-108.886572,25.733447],[-109.028809,25.480469],[-108.051465,25.067041],[-108.280762,25.081543],[-107.951172,24.614893],[-107.511914,24.48916],[-107.764941,24.471924],[-105.791797,22.62749],[-105.649121,21.988086],[-105.208691,21.49082],[-105.51084,20.80874],[-105.260156,20.579053],[-105.669434,20.385596],[-104.938477,19.309375],[-103.912451,18.828467],[-103.441602,18.325391],[-101.918701,17.959766],[-100.847803,17.200488],[-97.754785,15.966846],[-96.213574,15.693066],[-94.799414,16.209668],[-95.02085,16.277637],[-94.858691,16.419727],[-94.587109,16.31582],[-94.661523,16.201904],[-94.00127,16.018945],[-94.37417,16.284766],[-93.166895,15.448047],[-92.235156,14.54541],[-92.204248,15.275],[-91.736572,16.070166],[-90.447168,16.072705],[-90.416992,16.391016],[-91.409619,17.255859],[-90.992969,17.252441],[-90.98916,17.816406],[-89.161475,17.814844],[-88.295654,18.472412],[-88.031738,18.838916],[-87.881982,18.273877],[-87.761816,18.446143],[-87.424756,19.58335],[-87.687695,19.637109],[-86.771777,21.150537],[-87.034766,21.592236],[-88.466699,21.569385],[-90.353125,21.009424],[-90.739258,19.352246],[-91.43667,18.889795],[-91.275244,18.624463],[-91.533984,18.456543],[-92.441016,18.675293],[-94.459766,18.16665],[-95.181836,18.700732],[-95.920361,18.81958],[-97.186328,20.717041],[-97.753809,22.02666],[-97.40918,21.272559],[-97.314502,21.564209],[-97.84248,22.510303],[-97.667676,24.38999],[-97.14624,25.961475],[-99.107764,26.446924],[-99.505322,27.54834],[-101.440381,29.776855],[-102.614941,29.752344],[-103.168311,28.998193],[-104.110596,29.386133],[-104.978809,30.645947],[-106.44541,31.768408],[-108.211816,31.779346],[-108.214453,31.329443],[-111.041992,31.324219],[-114.835938,32.508301],[-114.724756,32.715332],[-117.128271,32.53335]]],[[[-115.35293,28.103955],[-115.170605,28.069385],[-115.233545,28.368359],[-115.35293,28.103955]]],[[[-112.514062,28.847607],[-112.278418,28.769336],[-112.203076,29.005322],[-112.423535,29.203662],[-112.514062,28.847607]]],[[[-112.296777,24.789648],[-112.057275,24.545703],[-112.159424,25.285645],[-112.296777,24.789648]]]]}},{"type":"Feature","properties":{"name":"毛里求斯","full_name":"毛里求斯共和国","iso_a2":"MU","iso_a3":"MUS","iso_n3":"480","NAME_ZH":"毛里求斯","ADM0_A3":"MUS"},"geometry":{"type":"MultiPolygon","coordinates":[[[[57.317676,-20.427637],[57.65127,-20.484863],[57.656543,-19.989941],[57.317676,-20.427637]]]]}},{"type":"Feature","properties":{"name":"毛里塔尼亚","full_name":"毛里塔尼亚伊斯兰共和国","iso_a2":"MR","iso_a3":"MRT","iso_n3":"478","NAME_ZH":"毛里塔尼亚","ADM0_A3":"MRT"},"geometry":{"type":"MultiPolygon","coordinates":[[[[-17.048047,20.806152],[-16.92793,21.114795],[-16.210449,20.22793],[-16.514453,19.361963],[-16.213086,19.00332],[-16.030322,17.887939],[-16.535254,15.838379],[-16.239014,16.531299],[-14.53374,16.655957],[-13.409668,16.05918],[-12.280615,14.809033],[-11.940918,14.886914],[-11.502686,15.636816],[-10.895605,15.150488],[-10.696582,15.422656],[-9.446924,15.458203],[-9.350586,15.677393],[-9.176807,15.496094],[-5.5125,15.496289],[-5.359912,16.282861],[-5.628662,16.568652],[-5.941016,19.296191],[-6.594092,24.994629],[-4.822607,24.995605],[-8.68335,27.285938],[-8.682227,25.995508],[-12.016309,25.99541],[-12.023438,23.467578],[-13.153271,22.820508],[-13.016211,21.333936],[-16.964551,21.329248],[-17.048047,20.806152]]]]}},{"type":"Feature","properties":{"name":"马耳他","full_name":"马耳他共和国","iso_a2":"MT","iso_a3":"MLT","iso_n3":"470","NAME_ZH":"马耳他","ADM0_A3":"MLT"},"geometry":{"type":"MultiPolygon","coordinates":[[[[14.35127,35.978418],[14.436426,35.82168],[14.566211,35.852734],[14.35127,35.978418]]]]}},{"type":"Feature","properties":{"name":"马里","full_name":"马里共和国","iso_a2":"ML","iso_a3":"MLI","iso_n3":"466","NAME_ZH":"马里","ADM0_A3":"MLI"},"geometry":{"type":"MultiPolygon","coordinates":[[[[-12.280615,14.809033],[-12.054199,13.633057],[-11.390381,12.941992],[-11.389404,12.404395],[-11.502197,12.198633],[-11.305176,12.01543],[-10.933203,12.205176],[-10.709229,11.89873],[-10.274854,12.212646],[-9.754004,12.029932],[-9.358105,12.25542],[-9.395361,12.464648],[-9.043066,12.402344],[-8.822021,11.673242],[-8.398535,11.366553],[-8.666699,11.009473],[-8.337402,10.990625],[-7.990625,10.1625],[-7.497949,10.439795],[-7.01709,10.143262],[-6.65415,10.656445],[-6.261133,10.724072],[-6.196875,10.232129],[-5.523535,10.426025],[-5.288135,11.82793],[-4.428711,12.337598],[-4.151025,13.306201],[-3.301758,13.280762],[-3.248633,13.65835],[-2.95083,13.648438],[-2.586719,14.227588],[-2.113232,14.168457],[-1.973047,14.456543],[-0.760449,15.047754],[0.21748,14.911475],[0.947461,14.982129],[1.300195,15.272266],[3.504297,15.356348],[3.842969,15.701709],[4.234668,16.996387],[4.227637,19.142773],[3.119727,19.103174],[3.130273,19.850195],[1.685449,20.378369],[1.145508,21.102246],[-4.822607,24.995605],[-6.594092,24.994629],[-5.941016,19.296191],[-5.628662,16.568652],[-5.359912,16.282861],[-5.5125,15.496289],[-9.176807,15.496094],[-9.350586,15.677393],[-9.446924,15.458203],[-10.696582,15.422656],[-10.895605,15.150488],[-11.502686,15.636816],[-11.940918,14.886914],[-12.280615,14.809033]]]]}},{"type":"Feature","properties":{"name":"马尔代夫","full_name":"马尔代夫共和国","iso_a2":"MV","iso_a3":"MDV","iso_n3":"462","NAME_ZH":"马尔代夫","ADM0_A3":"MDV"},"geometry":{"type":"MultiPolygon","coordinates":[[[[73.473047,4.170703],[73.512207,4.164551],[73.517773,4.247656],[73.473047,4.170703]]]]}},{"type":"Feature","properties":{"name":"马来西亚","full_name":"马来西亚","iso_a2":"MY","iso_a3":"MYS","iso_n3":"458","NAME_ZH":"马来西亚","ADM0_A3":"MYS"},"geometry":{"type":"MultiPolygon","coordinates":[[[[99.646289,6.418359],[99.74375,6.263281],[99.848047,6.465723],[99.646289,6.418359]]],[[[100.119141,6.441992],[100.71543,3.966211],[101.299902,3.253271],[101.295508,2.885205],[103.480273,1.329492],[103.694531,1.449658],[103.991504,1.454785],[103.981445,1.623633],[104.250098,1.388574],[103.812207,2.580469],[103.439453,2.933105],[103.41582,4.850293],[103.09707,5.408447],[102.101074,6.242236],[101.873633,5.825293],[101.556055,5.907764],[101.113965,5.636768],[101.053516,6.242578],[100.261426,6.682715],[100.119141,6.441992]]],[[[109.628906,2.027539],[109.654004,1.614893],[110.505762,0.861963],[111.808984,1.01167],[112.476172,1.559082],[113.622266,1.235938],[114.5125,1.452002],[114.786426,2.250488],[115.179102,2.523193],[115.117578,2.894873],[115.454395,3.034326],[115.678809,4.193018],[116.514746,4.370801],[117.574414,4.170605],[118.54834,4.379248],[118.260547,4.988867],[118.9125,5.0229],[119.266309,5.308105],[118.353125,5.806055],[117.973633,5.70625],[118.003809,6.05332],[117.501172,5.884668],[117.69375,6.35],[117.229883,6.93999],[116.788086,6.606104],[116.749805,6.9771],[115.877148,5.613525],[115.419043,5.413184],[115.554492,5.093555],[115.140039,4.899756],[115.290625,4.352588],[115.026758,4.899707],[114.74668,4.718066],[114.654102,4.037646],[114.063867,4.592676],[112.987891,3.161914],[111.5125,2.743018],[111.028711,1.557812],[111.223242,1.39585],[109.864844,1.764453],[109.628906,2.027539]]]]}},{"type":"Feature","properties":{"name":"马拉维","full_name":"马拉维共和国","iso_a2":"MW","iso_a3":"MWI","iso_n3":"454","NAME_ZH":"马拉维","ADM0_A3":"MWI"},"geometry":{"type":"MultiPolygon","coordinates":[[[[32.67041,-13.59043],[33.201758,-14.013379],[33.636426,-14.568164],[34.33252,-14.408594],[34.505273,-14.598145],[34.54082,-15.297266],[34.248242,-15.8875],[35.272559,-17.118457],[35.167188,-16.560254],[35.358496,-16.160547],[35.755273,-16.058301],[35.892773,-14.891797],[35.247461,-13.896875],[34.563672,-13.360156],[34.357813,-12.164746],[34.618555,-11.620215],[34.959473,-11.578125],[34.60791,-11.080469],[34.320898,-9.731543],[33.995605,-9.49541],[33.888867,-9.670117],[32.919922,-9.407422],[33.661523,-10.553125],[33.261328,-10.893359],[33.252344,-12.112598],[33.512305,-12.347754],[33.021582,-12.630469],[32.67041,-13.59043]]]]}},{"type":"Feature","properties":{"name":"马达加斯加","full_name":"马达加斯加共和国","iso_a2":"MG","iso_a3":"MDG","iso_n3":"450","NAME_ZH":"马达加斯加","ADM0_A3":"MDG"},"geometry":{"type":"MultiPolygon","coordinates":[[[[43.264844,-22.383594],[44.035352,-24.995703],[45.205762,-25.570508],[46.728516,-25.149902],[47.177344,-24.787207],[49.362891,-18.336328],[49.449316,-17.240625],[49.839063,-16.486523],[49.664355,-15.521582],[49.892578,-15.457715],[50.208984,-15.960449],[50.482715,-15.385645],[49.9375,-13.072266],[49.538281,-12.432129],[49.207031,-12.07959],[48.786328,-12.470898],[48.796484,-13.26748],[48.255273,-13.719336],[47.941016,-13.662402],[47.77334,-14.369922],[47.96416,-14.672559],[47.47832,-15.009375],[47.351953,-14.766113],[47.099219,-15.43418],[46.942285,-15.219043],[46.475098,-15.513477],[46.399609,-15.924609],[46.15752,-15.738281],[44.476172,-16.217285],[43.979395,-17.391602],[44.404688,-19.92207],[43.501855,-21.356445],[43.264844,-22.383594]]],[[[49.824023,-17.086523],[49.936426,-16.90293],[50.023047,-16.695312],[49.824023,-17.086523]]]]}},{"type":"Feature","properties":{"name":"北马其顿","full_name":"北马其顿共和国","iso_a2":"MK","iso_a3":"MKD","iso_n3":"807","NAME_ZH":"北马其顿","ADM0_A3":"MKD"},"geometry":{"type":"MultiPolygon","coordinates":[[[[20.488965,41.272607],[20.964258,40.849902],[22.916016,41.336279],[23.003613,41.739844],[22.344043,42.313965],[21.5625,42.24751],[20.566211,41.873682],[20.488965,41.272607]]]]}},{"type":"Feature","properties":{"name":"卢森堡","full_name":"卢森堡大公国","iso_a2":"LU","iso_a3":"LUX","iso_n3":"442","NAME_ZH":"卢森堡","ADM0_A3":"LUX"},"geometry":{"type":"MultiPolygon","coordinates":[[[[5.744043,49.919629],[5.789746,49.538281],[6.344336,49.452734],[6.487305,49.798486],[6.116504,50.120996],[5.744043,49.919629]]]]}},{"type":"Feature","properties":{"name":"立陶宛","full_name":"立陶宛共和国","iso_a2":"LT","iso_a3":"LTU","iso_n3":"440","NAME_ZH":"立陶宛","ADM0_A3":"LTU"},"geometry":{"type":"MultiPolygon","coordinates":[[[[20.899805,55.28667],[20.957813,55.278906],[21.114844,55.616504],[20.899805,55.28667]]],[[[21.046094,56.070068],[21.235742,55.264111],[22.567285,55.059131],[22.766211,54.356787],[23.484668,53.939795],[24.317969,53.892969],[25.461133,54.292773],[25.749219,54.156982],[25.780859,54.833252],[26.775684,55.273096],[26.457617,55.34248],[26.593555,55.667529],[24.841016,56.411182],[24.120703,56.264258],[22.08457,56.406738],[21.046094,56.070068]]]]}},{"type":"Feature","properties":{"name":"列支敦士登","full_name":"列支敦士登公国","iso_a2":"LI","iso_a3":"LIE","iso_n3":"438","NAME_ZH":"列支敦士登","ADM0_A3":"LIE"},"geometry":{"type":"MultiPolygon","coordinates":[[[[9.487695,47.062256],[9.580273,47.057373],[9.527539,47.270752],[9.487695,47.062256]]]]}},{"type":"Feature","properties":{"name":"利比亚","full_name":"利比亚国","iso_a2":"LY","iso_a3":"LBY","iso_n3":"434","NAME_ZH":"利比亚","ADM0_A3":"LBY"},"geometry":{"type":"MultiPolygon","coordinates":[[[[9.310254,30.115234],[9.805273,29.176953],[9.916016,27.785693],[9.883203,26.630811],[9.448242,26.067139],[10.255859,24.591016],[11.507617,24.314355],[11.967871,23.517871],[13.48125,23.180176],[14.215527,22.619678],[14.979004,22.996191],[15.984082,23.445215],[20.147656,21.389258],[23.980273,19.496631],[23.980273,19.995947],[24.979492,20.002588],[24.980273,21.99585],[24.980273,29.181885],[24.703223,30.201074],[24.961426,30.678516],[24.852734,31.334814],[25.150488,31.65498],[24.878516,31.984277],[23.286328,32.213818],[23.090625,32.61875],[21.635938,32.937305],[20.121484,32.21875],[19.926367,31.817529],[20.111523,30.963721],[19.713281,30.488379],[19.12373,30.266113],[17.830469,30.927588],[15.705957,31.426416],[15.176563,32.391162],[13.283496,32.914648],[12.279883,32.858545],[11.50459,33.181934],[11.50498,32.413672],[10.274609,31.684961],[10.216406,30.783203],[9.51875,30.229395],[9.310254,30.115234]]]]}},{"type":"Feature","properties":{"name":"利比里亚","full_name":"利比里亚共和国","iso_a2":"LR","iso_a3":"LBR","iso_n3":"430","NAME_ZH":"利比里亚","ADM0_A3":"LBR"},"geometry":{"type":"MultiPolygon","coordinates":[[[[-11.50752,6.906543],[-9.132178,5.054639],[-7.544971,4.351318],[-7.454395,5.841309],[-8.603564,6.507812],[-8.302344,6.980957],[-8.486426,7.558496],[-8.659766,7.688379],[-9.117578,7.215918],[-9.463818,7.415869],[-9.518262,8.346094],[-10.283203,8.485156],[-10.647461,7.759375],[-11.50752,6.906543]]]]}},{"type":"Feature","properties":{"name":"莱索托","full_name":"莱索托王国","iso_a2":"LS","iso_a3":"LSO","iso_n3":"426","NAME_ZH":"莱索托","ADM0_A3":"LSO"},"geometry":{"type":"MultiPolygon","coordinates":[[[[27.056934,-29.625586],[27.753125,-30.6],[28.056836,-30.631055],[28.39209,-30.147559],[28.736914,-30.101953],[29.098047,-29.919043],[29.390723,-29.269727],[28.625781,-28.581738],[27.735547,-28.940039],[27.056934,-29.625586]]]]}},{"type":"Feature","properties":{"name":"黎巴嫩","full_name":"黎巴嫩共和国","iso_a2":"LB","iso_a3":"LBN","iso_n3":"422","NAME_ZH":"黎巴嫩","ADM0_A3":"LBN"},"geometry":{"type":"MultiPolygon","coordinates":[[[[35.108594,33.083691],[35.840723,33.415674],[35.869141,33.431738],[36.584961,34.22124],[36.383887,34.65791],[35.97627,34.629199],[35.108594,33.083691]]]]}},{"type":"Feature","properties":{"name":"拉脱维亚","full_name":"拉脱维亚共和国","iso_a2":"LV","iso_a3":"LVA","iso_n3":"428","NAME_ZH":"拉脱维亚","ADM0_A3":"LVA"},"geometry":{"type":"MultiPolygon","coordinates":[[[[21.046094,56.070068],[22.08457,56.406738],[24.120703,56.264258],[24.841016,56.411182],[26.593555,55.667529],[27.576758,55.798779],[28.147949,56.14292],[27.639453,56.845654],[27.828613,57.293311],[27.351953,57.528125],[26.462109,57.544482],[25.282617,58.048486],[24.322559,57.870605],[24.382617,57.250049],[23.647754,56.971045],[22.55459,57.724268],[21.728711,57.570996],[21.071289,56.82373],[21.046094,56.070068]]]]}},{"type":"Feature","properties":{"name":"老挝","full_name":"老挝人民民主共和国","iso_a2":"LA","iso_a3":"LAO","iso_n3":"418","NAME_ZH":"老挝","ADM0_A3":"LAO"},"geometry":{"type":"MultiPolygon","coordinates":[[[[100.122461,20.31665],[100.519531,20.17793],[100.513574,19.553467],[101.211914,19.54834],[100.955859,17.541113],[102.101465,18.210645],[102.680078,17.824121],[103.366992,18.42334],[103.949609,18.318994],[104.739648,17.46167],[104.819336,16.466064],[105.641016,15.656543],[105.497363,14.590674],[105.183301,14.34624],[106.066797,13.921191],[105.978906,14.343018],[106.501465,14.578223],[106.938086,14.327344],[107.519434,14.705078],[107.653125,15.255225],[107.165918,15.80249],[107.396387,16.043018],[106.656445,16.492627],[106.502246,16.954102],[105.114551,18.405273],[105.146484,18.650977],[103.891602,19.30498],[104.032031,19.675146],[104.587891,19.61875],[104.92793,20.018115],[104.367773,20.441406],[104.583203,20.64668],[104.101367,20.945508],[103.635059,20.69707],[103.104492,20.89165],[102.851172,21.265918],[102.949609,21.681348],[102.662012,21.676025],[102.127441,22.379199],[101.95485293657467,22.430737276798272],[101.907628,22.437007],[101.901469,22.384447],[101.862665,22.389427],[101.823244,22.42705],[101.824476,22.45692],[101.8059387824997,22.4752060467675],[101.74677701053315,22.492872945155334],[101.72922695747494,22.484503056837358],[101.65144630902715,22.396795898988966],[101.671723,22.372826],[101.625528,22.28259],[101.56455,22.269299],[101.547304,22.238282],[101.596579,22.161262],[101.602738,22.131883],[101.573789,22.115251],[101.626144,22.005986],[101.606434,21.967695],[101.666796,21.934391],[101.701288,21.938832],[101.700057,21.897191],[101.735165,21.875534],[101.740093,21.845541],[101.771506,21.833319],[101.747484,21.729953],[101.76781,21.716054],[101.780129,21.640975],[101.807846,21.644313],[101.828788,21.617054],[101.804766,21.577546],[101.754875,21.58478],[101.755491,21.538027],[101.772737,21.512975],[101.741324,21.482906],[101.749948,21.409379],[101.74916549454919,21.40650266717851],[101.78045259507293,21.28852026383867],[101.791832,21.285636],[101.833715,21.252731],[101.834331,21.204756],[101.794911,21.208104],[101.76473,21.147835],[101.703136,21.14616],[101.672339,21.194713],[101.605818,21.172392],[101.588572,21.191365],[101.59336409134944,21.206867974975637],[101.33388321081956,21.199692903823838],[101.290457,21.17853],[101.26679746704922,21.19783787318019],[101.247852,21.197314],[101.24165736219584,21.21835399905872],[101.222088,21.234324],[101.23204449449346,21.251003967273753],[101.211751244844,21.31992970062923],[101.183899,21.334699],[101.142631,21.409379],[101.18196474820371,21.421099112156966],[101.138867,21.56748],[100.703125,21.251367],[100.622949,20.85957],[100.249316,20.730273],[100.122461,20.31665]]]]}},{"type":"Feature","properties":{"name":"吉尔吉斯斯坦","full_name":"吉尔吉斯共和国","iso_a2":"KG","iso_a3":"KGZ","iso_n3":"417","NAME_ZH":"吉尔吉斯斯坦","ADM0_A3":"KGZ"},"geometry":{"type":"MultiPolygon","coordinates":[[[[69.297656,39.524805],[70.501172,39.587354],[70.799316,39.394727],[71.470312,39.603662],[72.22998,39.20752],[73.60354279590305,39.44403867015689],[73.61076,39.465702],[73.6471,39.474479],[73.64714594606542,39.47447318442005],[73.84386004391587,39.79921667629405],[73.845433,39.831115],[73.87604685670375,39.85235195277523],[73.90903736010205,39.90681399382523],[73.910722,39.934443],[73.9493884993698,39.97342726664143],[73.97018590187027,40.00776044958921],[73.943367,40.016076],[73.99064377026161,40.041533116064585],[73.991602,40.043115],[74.00849656346895,40.0519172751759],[74.023439,40.085251],[74.07395569252542,40.08602228580779],[74.8160442936039,40.47265956611372],[74.819233,40.505647],[74.844486,40.521117],[74.891914,40.507467],[74.90900465397674,40.49723255695603],[75.48813537058123,40.611849649045304],[75.550353,40.64883],[75.599628,40.659727],[75.636584,40.624306],[75.627345,40.605226],[75.631041,40.548862],[75.646439,40.516567],[75.733287,40.474242],[75.717272,40.443278],[75.686475,40.418223],[75.669845,40.363982],[75.688323,40.343915],[75.70043349698916,40.30749676590634],[75.81051070994563,40.315465864128896],[75.831221,40.327492],[75.83740514118858,40.317412900744905],[75.92888762441855,40.32403582364532],[75.932235,40.339353],[75.986438,40.381763],[76.026474,40.355317],[76.048648,40.357141],[76.048648,40.388601],[76.081293,40.39635],[76.144118,40.393615],[76.176147,40.381307],[76.22419,40.401819],[76.279625,40.439179],[76.283321,40.415034],[76.327668,40.391336],[76.33060334597593,40.36598687314402],[76.65087376030364,40.73124822468984],[76.646725,40.73686],[76.646725,40.759983],[76.69294002870652,40.77922387702594],[76.7322731824672,40.82408247232686],[76.741579,40.912119],[76.761905,40.954167],[76.817956,40.975406],[76.85368,40.97631],[76.885709,41.027347],[76.940528,41.028701],[77.002122,41.073381],[77.023064,41.059394],[77.091433,41.062553],[77.108063,41.038181],[77.11877514377848,41.033104774039444],[77.82681319107209,41.063078031190926],[77.807155,41.091876],[77.814546,41.13426],[77.836104,41.153189],[77.905089,41.185174],[77.972842,41.173013],[78.094798,41.224347],[78.129291,41.228398],[78.136682,41.279239],[78.165015,41.340825],[78.149617,41.368228],[78.163783,41.383497],[78.235232,41.399211],[78.324544,41.384395],[78.338094,41.397415],[78.385522,41.394721],[78.391681,41.408189],[78.454507,41.412228],[78.527188,41.440947],[78.580774,41.481759],[78.650375,41.467411],[78.675629,41.50238],[78.707042,41.522098],[78.696571,41.54181],[78.739071,41.555695],[78.825302,41.560173],[78.86657,41.593749],[78.891824,41.597777],[78.957729,41.65146],[78.99407,41.664427],[79.021787,41.657273],[79.043345,41.681414],[79.10925,41.697503],[79.138199,41.722968],[79.21704,41.725648],[79.271858,41.767174],[79.276786,41.78101],[79.326061,41.809565],[79.356242,41.795735],[79.415372,41.836769],[79.457256,41.847915],[79.500988,41.835432],[79.5434894999391,41.834292175043224],[79.85360022814334,41.999967665699806],[79.852689,42.015319],[79.923522,42.042436],[79.93364957864448,42.04273373025299],[80.1651635705338,42.16641921002416],[80.168666,42.200462],[80.18543277359272,42.20299051024152],[79.12666,42.775732],[75.366211,42.836963],[74.209082,43.240381],[73.55625,43.002783],[73.492969,42.409033],[71.760547,42.821484],[71.256641,42.733545],[70.946777,42.248682],[71.228516,42.162891],[70.200879,41.514453],[71.393066,41.123389],[71.664941,41.541211],[72.187305,41.025928],[73.136914,40.810645],[71.69248,40.152344],[70.958008,40.238867],[70.515137,39.949902],[69.966797,40.202246],[69.530273,40.097314],[69.297656,39.524805]]]]}},{"type":"Feature","properties":{"name":"科威特","full_name":"科威特国","iso_a2":"KW","iso_a3":"KWT","iso_n3":"414","NAME_ZH":"科威特","ADM0_A3":"KWT"},"geometry":{"type":"MultiPolygon","coordinates":[[[[46.531445,29.09624],[47.433203,28.989551],[47.671289,28.533154],[48.44248,28.54292],[48.051465,29.355371],[47.722656,29.393018],[48.143457,29.572461],[47.978711,29.982812],[47.148242,30.000977],[46.531445,29.09624]]]]}},{"type":"Feature","properties":{"name":"基里巴斯","full_name":"基里巴斯共和国","iso_a2":"KI","iso_a3":"KIR","iso_n3":"296","NAME_ZH":"基里巴斯","ADM0_A3":"KIR"},"geometry":{"type":"MultiPolygon","coordinates":[[[[-157.578955,1.902051],[-157.175781,1.739844],[-157.342139,1.855566],[-157.578955,1.902051]]]]}},{"type":"Feature","properties":{"name":"肯尼亚","full_name":"肯尼亚共和国","iso_a2":"KE","iso_a3":"KEN","iso_n3":"404","NAME_ZH":"肯尼亚","ADM0_A3":"KEN"},"geometry":{"type":"MultiPolygon","coordinates":[[[[33.903223,-1.002051],[37.643848,-3.04541],[37.608203,-3.49707],[39.221777,-4.692383],[40.11543,-3.250586],[40.222461,-2.688379],[41.532715,-1.695312],[40.978711,-0.870313],[40.964453,2.814648],[41.883984,3.977734],[41.14043,3.962988],[40.765234,4.273047],[39.494434,3.456104],[38.086133,3.648828],[36.905566,4.411475],[36.021973,4.468115],[35.74502,5.343994],[35.268359,5.492285],[33.976074,4.220215],[34.437695,3.650586],[34.978223,1.773633],[33.943164,0.173779],[33.903223,-1.002051]]]]}},{"type":"Feature","properties":{"name":"哈萨克斯坦","full_name":"哈萨克斯坦共和国","iso_a2":"KZ","iso_a3":"KAZ","iso_n3":"398","NAME_ZH":"哈萨克斯坦","ADM0_A3":"KAZ"},"geometry":{"type":"MultiPolygon","coordinates":[[[[46.660938,48.412256],[47.292383,47.740918],[48.166992,47.708789],[48.959375,46.774609],[48.541211,46.605615],[49.232227,46.337158],[51.178027,47.110156],[52.138281,46.828613],[52.483203,46.990674],[53.069434,46.856055],[53.135254,46.19165],[52.773828,45.572754],[53.200391,45.331982],[51.415723,45.357861],[51.009375,44.921826],[51.543555,44.531006],[50.409473,44.624023],[50.25293,44.461523],[50.830762,44.192773],[51.29541,43.174121],[52.596582,42.760156],[52.493848,41.780371],[53.055859,42.147754],[54.120996,42.335205],[55.434375,41.296289],[55.977441,41.322217],[55.975684,44.994922],[58.555273,45.555371],[61.00791,44.393799],[61.990234,43.492139],[64.905469,43.714697],[65.803027,42.876953],[66.100293,42.99082],[66.00957,42.004883],[66.498633,41.994873],[66.709668,41.17915],[67.935742,41.196582],[68.291895,40.656104],[68.572656,40.622656],[69.153613,41.425244],[70.946777,42.248682],[71.256641,42.733545],[71.760547,42.821484],[73.492969,42.409033],[73.55625,43.002783],[74.209082,43.240381],[75.366211,42.836963],[79.12666,42.775732],[80.18543277359272,42.20299051024152],[80.20915855758192,42.20656847277993],[80.20456358347377,42.55748166307199],[80.180985,42.590718],[80.163738,42.629919],[80.179753,42.670415],[80.2029447674999,42.68110888370898],[80.202246,42.734473],[80.25006090656512,42.76947186679438],[80.259209,42.790865],[80.262289,42.828623],[80.280151,42.838278],[80.33546981911275,42.83198825275106],[80.4930329867758,42.9473190713783],[80.487106,42.948766],[80.397795,42.996933],[80.378701,43.031502],[80.416889,43.05687],[80.482795,43.06955],[80.556092,43.104515],[80.593048,43.133347],[80.650946,43.147321],[80.706997,43.143828],[80.73225,43.131163],[80.752576,43.148194],[80.76355546479363,43.14533221943577],[80.785742,43.161572],[80.71407578667666,43.31735010669145],[80.69283,43.32042],[80.686055,43.333916],[80.69953293974774,43.34896133680166],[80.355273,44.097266],[80.39853605653536,44.30879551904584],[80.383013,44.401297],[80.350368,44.484615],[80.411962,44.605321],[80.400259,44.628751],[80.313412,44.704938],[80.238883,44.7228],[80.200695,44.756808],[80.178521,44.796741],[80.17910142300485,44.79855476691992],[80.11657755494033,44.815900846373495],[80.115695,44.815424],[80.087978,44.817122],[79.999283,44.793768],[79.991891,44.830281],[79.953703,44.849377],[79.95921892942823,44.85955705807846],[79.871875,44.883789],[79.92100521319657,44.8963562405341],[79.887798,44.90917],[79.944464,44.937985],[79.951855,44.957892],[79.98142,44.964244],[80.056565,45.011227],[80.060876,45.026033],[80.111999,45.052675],[80.136021,45.041259],[80.144644,45.059017],[80.195767,45.030686],[80.24381,45.031532],[80.291854,45.06578],[80.328194,45.070007],[80.358375,45.040836],[80.404571,45.049293],[80.443991,45.077614],[80.445839,45.097895],[80.493882,45.127037],[80.519135,45.108878],[80.599207,45.105921],[80.686055,45.129148],[80.731634,45.156164],[80.816634,45.152788],[80.84993836795371,45.13397227426117],[80.92822103634829,45.153996553810494],[80.93551,45.160384],[80.966307,45.168402],[80.97964776947097,45.167151231614355],[81.09238660884415,45.195989211744205],[81.111669,45.218168],[81.15726101262624,45.212583730346715],[81.17172699662581,45.21628405014296],[81.175111,45.227863],[81.236705,45.247248],[81.26996622838308,45.24141310973892],[81.31000775883658,45.251655514805414],[81.327864,45.260729],[81.34239073486964,45.259938903427994],[81.39729919501553,45.27398418801184],[81.398697,45.275471],[81.41453444093942,45.278392869902206],[81.57869908463108,45.32038529025287],[81.582863,45.336503],[81.645072,45.359216],[81.677101,45.35459],[81.78797,45.3836],[81.832318,45.319673],[81.84951869567256,45.30684909382238],[82.04629440156228,45.253740016570916],[82.052824,45.255674],[82.09594,45.249776],[82.09432121453747,45.24077774712354],[82.15717426847596,45.223813926909976],[82.206809,45.236713],[82.294272,45.247669],[82.344779,45.219011],[82.487061,45.181058],[82.49586321162458,45.18380203234051],[82.3547722353263,45.50493125109255],[82.281954,45.53891],[82.266555,45.620172],[82.288729,45.655321],[82.289961,45.71636],[82.340468,45.772742],[82.349707,45.822811],[82.336156,45.882418],[82.342932,45.935303],[82.401446,45.972333],[82.461808,45.97982],[82.518474,46.153798],[82.609017,46.294985],[82.69525909565611,46.44143125518567],[82.779674774394,46.6294679247404],[82.788872,46.677784],[82.829524,46.772551],[82.8481299521464,46.78195243746117],[82.92888079944287,46.96182566262945],[82.937929,47.014248],[82.96260099065915,47.0369376862234],[83.029492,47.185938],[83.02994498378797,47.185846398377315],[83.02724,47.21544],[83.108544,47.221944],[83.15474,47.236168],[83.17445,47.218286],[83.207094,47.213814],[83.221877,47.186977],[83.257602,47.173147],[83.306261,47.179656],[83.324739,47.167858],[83.370318,47.178436],[83.418978,47.119012],[83.463325,47.132042],[83.53847,47.083977],[83.566803,47.080717],[83.56841025434326,47.076958853493075],[83.99733937504348,46.99022152531917],[84.002888,46.990576],[84.00820335538329,46.98802462941602],[84.10410768489668,46.96863101657686],[84.150098,46.977512],[84.195061,47.003638],[84.2893,46.994658],[84.336727,47.00527],[84.37122,46.993434],[84.425422,47.008943],[84.506726,46.97302],[84.563393,46.991801],[84.668718,46.995067],[84.699515,47.008535],[84.748175,47.009759],[84.781435,46.979962],[84.849189,46.957092],[84.867051,46.927673],[84.92158710566291,46.87585163680586],[84.98251028163568,46.89615363577324],[84.987159,46.918272],[85.082014,46.939933],[85.102956,46.968936],[85.175637,46.997924],[85.213825,47.041172],[85.276651,47.068898],[85.325926,47.044842],[85.355491,47.054629],[85.441106,47.063191],[85.47813877924199,47.06131654932688],[85.484766,47.063525],[85.6023684196365,47.65077899788366],[85.547048,48.008205],[85.531649,48.046227],[85.551975,48.081423],[85.55136,48.127781],[85.576613,48.15853],[85.587084,48.191654],[85.622193,48.202824],[85.633895,48.232731],[85.678243,48.266205],[85.695489,48.302445],[85.695489,48.335078],[85.758315,48.403064],[85.791576,48.418954],[85.916612,48.438015],[86.053966,48.441192],[86.06040788783693,48.44086452071818],[86.2977156199746,48.483447613442294],[86.305269,48.491984],[86.35057256832134,48.492932396396],[86.549414,48.528613],[86.74569348287416,48.92368907894112],[86.730267,48.959797],[86.732115,48.994757],[86.772151,49.02773],[86.80301754834291,49.039072341026],[86.808301,49.049707],[86.83658227302642,49.051690285341756],[86.84976,49.066563],[86.854071,49.109284],[86.887948,49.132001],[86.953853,49.131218],[87.000049,49.142572],[87.088128,49.133567],[87.112766,49.15549],[87.211932,49.140615],[87.239033,49.114376],[87.29772398307968,49.112632350789454],[86.675488,49.777295],[86.180859,49.499316],[85.232617,49.61582],[84.989453,50.061426],[84.323242,50.23916],[83.357324,50.99458],[82.493945,50.727588],[81.465918,50.739844],[80.735254,51.293408],[79.98623,50.774561],[77.859961,53.269189],[76.484766,54.022559],[76.837305,54.442383],[74.351562,53.487646],[73.858984,53.619727],[73.406934,53.447559],[73.712402,54.042383],[72.622266,54.134326],[72.446777,53.941846],[72.186035,54.325635],[71.093164,54.212207],[70.738086,55.305176],[70.182422,55.162451],[68.977246,55.3896],[68.155859,54.976709],[65.476953,54.623291],[65.088379,54.340186],[61.231055,54.019482],[60.979492,53.621729],[61.534961,53.523291],[61.199219,53.287158],[62.082715,53.00542],[61.047461,52.972461],[60.774414,52.675781],[60.994531,52.336865],[60.030273,51.933252],[61.554688,51.324609],[61.389453,50.861035],[60.942285,50.695508],[60.058594,50.850293],[59.523047,50.492871],[57.838867,51.09165],[57.442188,50.888867],[56.491406,51.019531],[55.68623,50.582861],[54.641602,51.011572],[54.555273,50.535791],[53.338086,51.482373],[52.219141,51.709375],[51.344531,51.475342],[50.793945,51.729199],[48.625098,50.612695],[48.758984,49.92832],[48.334961,49.858252],[47.429199,50.357959],[46.889551,49.696973],[47.031348,49.150293],[46.660938,48.412256]]]]}},{"type":"Feature","properties":{"name":"约旦","full_name":"约旦哈希姆王国","iso_a2":"JO","iso_a3":"JOR","iso_n3":"400","NAME_ZH":"约旦","ADM0_A3":"JOR"},"geometry":{"type":"MultiPolygon","coordinates":[[[[34.950781,29.353516],[36.068457,29.200537],[36.755273,29.866016],[37.469238,29.995068],[37.980078,30.5],[36.958594,31.491504],[39.14541,32.124512],[38.773535,33.372217],[36.818359,32.317285],[35.787305,32.734912],[35.551465,32.395508],[35.450586,31.479297],[34.973438,29.555029],[34.950781,29.353516]]]]}},{"type":"Feature","properties":{"name":"日本","full_name":"日本国","iso_a2":"JP","iso_a3":"JPN","iso_n3":"392","NAME_ZH":"日本","ADM0_A3":"JPN"},"geometry":{"type":"MultiPolygon","coordinates":[[[[127.653125,26.094727],[128.258789,26.652783],[128.254883,26.881885],[127.907227,26.693604],[127.653125,26.094727]]],[[[129.164648,28.249756],[129.452539,28.208984],[129.689551,28.51748],[129.164648,28.249756]]],[[[129.580078,33.236279],[129.991699,32.851562],[129.679102,33.059961],[129.768555,32.570996],[130.34043,32.701855],[130.2375,33.177637],[130.547266,32.831592],[130.147266,31.408496],[130.58877,31.178516],[130.77627,31.706299],[130.685742,31.015137],[131.070801,31.436865],[131.337207,31.404688],[132.002148,32.882373],[131.896582,33.25459],[131.537402,33.274072],[131.696289,33.602832],[131.174609,33.602588],[130.715625,33.927783],[129.580078,33.236279]]],[[[130.918848,33.975732],[131.740527,34.052051],[132.146484,33.83877],[132.312598,34.324951],[133.142383,34.302441],[134.740039,34.765234],[135.415918,34.61748],[135.12793,34.006982],[135.695312,33.486963],[136.329883,34.176855],[136.853711,34.324072],[136.533008,34.678369],[136.804199,35.050293],[136.871289,34.733105],[137.275195,34.77251],[137.061719,34.582812],[138.189063,34.596338],[138.719629,35.124072],[138.8375,34.619238],[139.249414,35.278027],[139.675,35.149268],[139.834766,35.658057],[140.096875,35.585156],[139.843945,34.914893],[140.354688,35.181445],[140.874023,35.724951],[140.573535,36.231348],[141.00166,37.114648],[140.962109,38.148877],[141.46748,38.40415],[141.976953,39.428809],[141.430469,40.72334],[141.455469,41.404736],[141.229297,41.372656],[140.936914,41.505566],[140.801855,41.253662],[141.244238,41.205615],[141.118555,40.882275],[140.748633,40.830322],[140.627637,41.19541],[140.344434,41.20332],[139.741504,39.92085],[140.064746,39.624414],[139.801953,38.881592],[139.363867,38.099023],[138.319922,37.218408],[137.246289,36.753174],[136.899902,37.117676],[137.322656,37.52207],[136.843457,37.382129],[135.903125,35.606885],[135.326953,35.525537],[135.174316,35.74707],[132.922949,35.511279],[131.354395,34.413184],[131.004199,34.392578],[130.918848,33.975732]]],[[[132.032617,33.33999],[132.412793,33.430469],[132.495117,32.916602],[132.804297,32.752002],[133.632031,33.510986],[134.181641,33.247217],[134.738867,33.820508],[134.6375,34.226611],[134.357422,34.256348],[133.94834,34.348047],[133.193066,33.933203],[132.935156,34.095312],[132.032617,33.33999]]],[[[134.667871,34.294141],[134.932812,34.288135],[135.004688,34.544043],[134.667871,34.294141]]],[[[139.860156,42.581738],[140.085156,41.434082],[140.659863,41.815576],[141.150977,41.805078],[140.32666,42.293359],[140.480469,42.559375],[140.986133,42.342139],[141.851367,42.579053],[143.236523,42.000195],[143.969336,42.881396],[145.833008,43.385938],[145.34082,43.302539],[145.139648,43.6625],[145.369531,44.327393],[144.715234,43.927979],[143.824316,44.116992],[141.937695,45.509521],[141.667969,45.40127],[141.760938,44.48252],[141.374121,43.279639],[140.392383,43.303125],[140.432227,42.954102],[139.860156,42.581738]]]]}},{"type":"Feature","properties":{"name":"牙买加","full_name":"牙买加","iso_a2":"JM","iso_a3":"JAM","iso_n3":"388","NAME_ZH":"牙买加","ADM0_A3":"JAM"},"geometry":{"type":"MultiPolygon","coordinates":[[[[-78.339502,18.287207],[-77.20498,17.714941],[-76.853223,17.97373],[-76.210791,17.913525],[-77.261475,18.457422],[-77.873438,18.522217],[-78.339502,18.287207]]]]}},{"type":"Feature","properties":{"name":"意大利","full_name":"意大利共和国","iso_a2":"IT","iso_a3":"ITA","iso_n3":"380","NAME_ZH":"意大利","ADM0_A3":"ITA"},"geometry":{"type":"MultiPolygon","coordinates":[[[[6.634766,45.068164],[6.992676,44.827295],[6.900195,44.335742],[7.637207,44.164844],[7.493164,43.767139],[8.76582,44.422314],[10.188086,43.94751],[10.514844,42.967529],[11.141211,42.389893],[15.692773,39.990186],[16.209961,38.941113],[15.645801,38.034229],[16.056836,37.941846],[16.616699,38.800146],[17.174609,38.998096],[17.114551,39.380615],[16.521875,39.747559],[16.928223,40.458057],[17.865039,40.280176],[18.34375,39.821387],[18.460645,40.221045],[15.900488,41.512061],[16.164648,41.896191],[15.16875,41.934033],[14.540723,42.244287],[13.56416,43.571289],[12.396289,44.223877],[12.274316,45.446045],[13.206348,45.771387],[13.719824,45.587598],[13.378223,46.261621],[13.7,46.520264],[12.388281,46.702637],[12.169434,47.082129],[10.993262,46.777002],[10.452832,46.864941],[10.12832,46.238232],[9.260156,46.475195],[9.02373,45.845703],[8.422559,46.446045],[7.787891,45.921826],[7.021094,45.925781],[6.790918,45.740869],[7.146387,45.381738],[6.634766,45.068164]],[[12.396875,43.93457],[12.503711,43.989746],[12.485254,43.901416],[12.396875,43.93457]],[[12.430566,41.897559],[12.430566,41.905469],[12.43916,41.898389],[12.430566,41.897559]]],[[[8.224219,40.91333],[8.648535,38.926562],[9.056348,39.23916],[9.5625,39.166016],[9.632031,40.882031],[9.228418,41.25708],[8.571875,40.850195],[8.224219,40.91333]]],[[[12.435547,37.819775],[15.112598,36.687842],[15.295703,37.055176],[15.099512,37.458594],[15.576563,38.220312],[13.788867,37.981201],[12.734375,38.183057],[12.435547,37.819775]]]]}},{"type":"Feature","properties":{"name":"以色列","full_name":"以色列国","iso_a2":"IL","iso_a3":"ISR","iso_n3":"376","NAME_ZH":"以色列","ADM0_A3":"ISR"},"geometry":{"type":"MultiPolygon","coordinates":[[[[34.245313,31.208301],[34.904297,29.477344],[34.973438,29.555029],[35.450586,31.479297],[34.872754,31.396875],[35.203711,31.75],[34.953809,31.84126],[35.065039,32.460449],[35.551465,32.395508],[35.787305,32.734912],[35.816125,33.361879],[35.840723,33.415674],[35.108594,33.083691],[34.477344,31.584863],[34.245313,31.208301]]]]}},{"type":"Feature","properties":{"name":"巴勒斯坦","full_name":"巴勒斯坦国","iso_a2":"PS","iso_a3":"PSE","iso_n3":"275","NAME_ZH":"巴勒斯坦","ADM0_A3":"PSE"},"geometry":{"type":"MultiPolygon","coordinates":[[[[34.198145,31.322607],[34.245313,31.208301],[34.477344,31.584863],[34.198145,31.322607]]],[[[34.872754,31.396875],[35.450586,31.479297],[35.551465,32.395508],[35.065039,32.460449],[34.953809,31.84126],[35.203711,31.75],[34.872754,31.396875]]]]}},{"type":"Feature","properties":{"name":"爱尔兰","full_name":"爱尔兰","iso_a2":"IE","iso_a3":"IRL","iso_n3":"372","NAME_ZH":"爱尔兰","ADM0_A3":"IRL"},"geometry":{"type":"MultiPolygon","coordinates":[[[[-10.356689,52.206934],[-9.909668,52.122949],[-10.341064,51.798926],[-9.598828,51.874414],[-10.120752,51.600684],[-8.813428,51.584912],[-8.40918,51.88877],[-6.325,52.24668],[-6.027393,52.9271],[-6.218018,54.088721],[-6.649805,54.058643],[-7.007715,54.406689],[-7.606543,54.143848],[-8.118262,54.414258],[-7.218652,55.091992],[-6.96167,55.237891],[-7.308789,55.36582],[-7.65874,54.970947],[-7.66709,55.256494],[-8.274609,55.146289],[-8.763916,54.681201],[-8.133447,54.64082],[-8.545557,54.241211],[-10.056396,54.257812],[-9.578223,53.80542],[-10.09126,53.412842],[-8.930127,53.20708],[-9.916602,52.569727],[-8.783447,52.679639],[-10.356689,52.206934]]]]}},{"type":"Feature","properties":{"name":"伊拉克","full_name":"伊拉克共和国","iso_a2":"IQ","iso_a3":"IRQ","iso_n3":"368","NAME_ZH":"伊拉克","ADM0_A3":"IRQ"},"geometry":{"type":"MultiPolygon","coordinates":[[[[38.773535,33.372217],[39.14541,32.124512],[40.369336,31.938965],[42.074414,31.080371],[44.69082,29.202344],[46.531445,29.09624],[47.148242,30.000977],[47.978711,29.982812],[48.546484,29.962354],[48.014941,30.465625],[48.010645,30.989795],[47.679492,31.002393],[47.82998,31.794434],[47.371289,32.42373],[46.112793,32.957666],[46.019922,33.415723],[45.39707,33.97085],[46.273438,35.773242],[45.361621,36.015332],[44.765137,37.142432],[44.281836,36.978027],[44.114453,37.301855],[42.774609,37.371875],[42.358984,37.108594],[41.295996,36.38335],[40.987012,34.429053],[38.773535,33.372217]]]]}},{"type":"Feature","properties":{"name":"伊朗","full_name":"伊朗伊斯兰共和国","iso_a2":"IR","iso_a3":"IRN","iso_n3":"364","NAME_ZH":"伊朗","ADM0_A3":"IRN"},"geometry":{"type":"MultiPolygon","coordinates":[[[[44.023242,39.377441],[44.449902,38.334229],[44.211328,37.908057],[44.589941,37.710352],[44.765137,37.142432],[45.361621,36.015332],[46.273438,35.773242],[45.39707,33.97085],[46.019922,33.415723],[46.112793,32.957666],[47.371289,32.42373],[47.82998,31.794434],[47.679492,31.002393],[48.010645,30.989795],[48.014941,30.465625],[48.546484,29.962354],[48.919141,30.120898],[49.001953,30.506543],[49.554883,30.028955],[50.071582,30.198535],[51.278906,28.131348],[53.705762,26.725586],[54.759277,26.505078],[55.424023,26.770557],[55.650293,26.977539],[56.356152,27.200244],[56.982227,26.905469],[57.33457,25.791553],[59.046094,25.417285],[61.587891,25.202344],[61.842383,26.225928],[63.157812,26.649756],[63.301563,27.151465],[62.762988,27.250195],[62.758008,28.243555],[61.889844,28.546533],[60.843359,29.858691],[61.81084,30.913281],[61.660156,31.382422],[60.820703,31.495166],[60.561914,33.058789],[60.916992,33.505225],[60.51084,33.638916],[60.485742,34.094775],[60.889453,34.319434],[60.72627,34.518262],[61.262012,35.61958],[61.119629,36.642578],[60.341309,36.637646],[59.301758,37.510645],[58.261621,37.66582],[57.193555,38.216406],[55.380859,38.051123],[54.699414,37.470166],[53.91416,37.343555],[53.970117,36.818311],[52.190137,36.621729],[51.118555,36.742578],[50.130469,37.407129],[49.171191,37.600586],[48.86875,38.435498],[47.996484,38.85376],[48.322168,39.399072],[47.995898,39.683936],[46.490625,38.906689],[46.114453,38.877783],[45.479688,39.00625],[44.817188,39.650439],[44.587109,39.768555],[44.389355,39.422119],[44.023242,39.377441]]],[[[55.311523,26.592627],[56.187988,26.921143],[55.757617,26.947656],[55.762598,26.811963],[55.311523,26.592627]]]]}},{"type":"Feature","properties":{"name":"印度尼西亚","full_name":"印度尼西亚共和国","iso_a2":"ID","iso_a3":"IDN","iso_n3":"360","NAME_ZH":"印度尼西亚","ADM0_A3":"IDN"},"geometry":{"type":"MultiPolygon","coordinates":[[[[95.227832,5.564795],[95.578613,4.661963],[96.968945,3.575146],[97.59082,2.846582],[97.700781,2.358545],[98.595313,1.8646],[99.15918,0.351758],[99.669824,0.045068],[100.308203,-0.82666],[100.889551,-2.248535],[101.578613,-3.166992],[104.601562,-5.90459],[104.639551,-5.52041],[105.081348,-5.745508],[105.349414,-5.549512],[105.74834,-5.818262],[106.044336,-3.10625],[105.396973,-2.380176],[104.650781,-2.595215],[104.845215,-2.092969],[104.515918,-1.819434],[104.360547,-1.038379],[103.721094,-0.886719],[103.438574,-0.575586],[103.428516,-0.191797],[103.786719,0.046973],[103.672656,0.288916],[103.338965,0.513721],[102.55,0.216455],[103.031836,0.578906],[102.389941,0.841992],[102.019922,1.442139],[101.47666,1.693066],[101.046191,2.257471],[100.828223,2.242578],[100.887891,1.948242],[100.523828,2.18916],[99.732324,3.183057],[98.307324,4.092871],[97.547168,5.205859],[96.492578,5.229346],[95.227832,5.564795]]],[[[97.079199,1.425488],[97.82041,0.564453],[97.931934,0.973926],[97.481543,1.465088],[97.079199,1.425488]]],[[[98.322949,-0.000781],[98.459277,-0.530469],[98.544141,-0.257617],[98.322949,-0.000781]]],[[[98.676074,-0.970508],[98.827734,-1.609961],[99.163867,-1.77793],[98.932617,-0.954004],[98.676074,-0.970508]]],[[[99.987891,-2.525391],[100.014941,-2.819727],[100.204102,-2.741016],[99.987891,-2.525391]]],[[[100.198535,-2.785547],[100.465137,-3.328516],[100.425098,-3.18291],[100.198535,-2.785547]]],[[[101.409668,2.02168],[101.500781,1.733203],[101.719434,1.78916],[101.708105,2.078418],[101.409668,2.02168]]],[[[102.49043,0.856641],[103.027539,0.746631],[102.506641,1.08877],[102.49043,0.856641]]],[[[104.251953,1.014893],[104.575195,0.831934],[104.585352,1.216113],[104.251953,1.014893]]],[[[104.257129,-0.463281],[104.363184,-0.658594],[104.590137,-0.466602],[104.474219,-0.334668],[104.257129,-0.463281]]],[[[104.44707,-0.18916],[105.005371,-0.282812],[104.778613,-0.175977],[104.542676,0.017725],[104.44707,-0.18916]]],[[[105.133398,-2.042578],[105.78584,-2.181348],[105.99873,-2.824902],[106.667188,-3.071777],[106.818457,-2.57334],[106.365918,-2.464844],[106.045703,-1.669434],[105.45957,-1.574707],[105.133398,-2.042578]]],[[[105.255469,-6.835254],[106.198242,-6.927832],[106.519727,-7.053711],[106.455273,-7.368652],[107.91748,-7.724121],[109.281641,-7.704883],[111.509961,-8.305078],[113.25332,-8.286719],[114.583789,-8.769629],[114.386914,-8.405176],[114.409277,-7.79248],[113.013574,-7.657715],[112.539258,-6.926465],[111.181543,-6.686719],[110.834766,-6.424219],[110.42627,-6.947266],[108.677832,-6.790527],[108.330176,-6.286035],[107.373926,-6.007617],[106.075,-5.91416],[105.255469,-6.835254]]],[[[107.614453,-3.209375],[108.055273,-3.226855],[108.207227,-2.997656],[108.215137,-2.696973],[107.666309,-2.566309],[107.614453,-3.209375]]],[[[108.002344,3.982861],[108.316016,3.689648],[108.24834,4.217139],[108.002344,3.982861]]],[[[108.944531,0.355664],[109.25752,0.031152],[109.258789,-0.807422],[109.983301,-1.274805],[110.256055,-2.966113],[111.694727,-2.889453],[111.858105,-3.551855],[112.758008,-3.322168],[113.033984,-2.933496],[113.705078,-3.455273],[114.344336,-3.235156],[114.693555,-4.169727],[115.956152,-3.59502],[116.257227,-3.126367],[116.166309,-2.93457],[116.56543,-2.299707],[116.275488,-1.784863],[116.753418,-1.327344],[116.739844,-1.044238],[116.913965,-1.223633],[117.5625,-0.770898],[117.522168,0.235889],[117.911621,1.098682],[118.534766,0.813525],[118.984961,0.982129],[117.789258,2.026855],[118.066602,2.317822],[117.055957,3.622656],[117.777246,3.689258],[117.574414,4.170605],[116.514746,4.370801],[115.678809,4.193018],[115.454395,3.034326],[115.117578,2.894873],[115.179102,2.523193],[114.786426,2.250488],[114.5125,1.452002],[113.622266,1.235938],[112.476172,1.559082],[111.808984,1.01167],[110.505762,0.861963],[109.654004,1.614893],[109.628906,2.027539],[109.075879,1.495898],[108.944531,0.355664]]],[[[109.463672,-1.277539],[109.710254,-1.180664],[109.475977,-0.985352],[109.463672,-1.277539]]],[[[112.725879,-7.072754],[113.844531,-7.105371],[114.073633,-6.960156],[113.067383,-6.87998],[112.725879,-7.072754]]],[[[114.467578,-8.166309],[115.055078,-8.573047],[115.144922,-8.849023],[115.704297,-8.407129],[115.447852,-8.155176],[114.467578,-8.166309]]],[[[115.240527,-6.86123],[115.377051,-6.970801],[115.546094,-6.938672],[115.240527,-6.86123]]],[[[115.857324,-8.787891],[116.586523,-8.886133],[116.64082,-8.613867],[116.718945,-8.336035],[116.401563,-8.204199],[115.857324,-8.787891]]],[[[116.058789,-4.006934],[116.30332,-3.868164],[116.269727,-3.251074],[116.058789,-4.006934]]],[[[116.788477,-9.006348],[119.129687,-8.668164],[118.926172,-8.297656],[118.242383,-8.317773],[117.755273,-8.149512],[118.234863,-8.591895],[117.969531,-8.728027],[117.164844,-8.367188],[116.835059,-8.532422],[116.788477,-9.006348]]],[[[117.649023,4.168994],[117.736816,4.004004],[117.884766,4.186133],[117.649023,4.168994]]],[[[118.783301,-2.720801],[118.867676,-3.398047],[119.46748,-3.512988],[119.623633,-4.034375],[119.360352,-5.31416],[119.557422,-5.611035],[120.430371,-5.591016],[120.261035,-2.949316],[120.653613,-2.667578],[121.052148,-2.75166],[120.891797,-3.520605],[121.618066,-4.092676],[121.588672,-4.75957],[122.038086,-4.832422],[122.114258,-4.540234],[122.872266,-4.391992],[122.847949,-4.064551],[122.25293,-3.62041],[122.291699,-2.907617],[121.355469,-1.878223],[122.250684,-1.555273],[122.902832,-0.900977],[123.37793,-1.004102],[123.43418,-0.778223],[123.171484,-0.570703],[121.969629,-0.933301],[121.575586,-0.828516],[121.148535,-1.339453],[120.667383,-1.370117],[120.062891,-0.555566],[120.192285,0.268506],[120.579004,0.52832],[123.753809,0.305518],[124.427539,0.470605],[124.888867,0.995312],[125.233789,1.502295],[125.110938,1.685693],[123.930762,0.850439],[122.838281,0.845703],[121.081738,1.327637],[120.602539,0.854395],[120.269531,0.970801],[119.721875,-0.088477],[119.844336,-0.861914],[119.711328,-0.680762],[119.508203,-0.906738],[119.321875,-1.929688],[118.783301,-2.720801]]],[[[118.958789,-9.519336],[120.144824,-10.200098],[120.698047,-10.206641],[120.784473,-9.957031],[120.0125,-9.374707],[118.958789,-9.519336]]],[[[119.80791,-8.697656],[121.035254,-8.935449],[122.78291,-8.611719],[122.916992,-8.105566],[122.323242,-8.62832],[120.610254,-8.24043],[119.874805,-8.419824],[119.80791,-8.697656]]],[[[120.477344,-5.775293],[120.487305,-6.464844],[120.52832,-6.298438],[120.477344,-5.775293]]],[[[121.704688,-10.555664],[121.883008,-10.590332],[121.99834,-10.446973],[121.704688,-10.555664]]],[[[121.808496,-5.256152],[122.042969,-5.437988],[121.913672,-5.072266],[121.808496,-5.256152]]],[[[122.283105,-5.319531],[122.645117,-5.269434],[122.701953,-4.618652],[122.368945,-4.767188],[122.283105,-5.319531]]],[[[122.64502,-5.663379],[123.187305,-5.333008],[122.97168,-5.138477],[123.179785,-4.551172],[123.074609,-4.386914],[122.85332,-4.618359],[122.64502,-5.663379]]],[[[122.845703,-10.761816],[122.948926,-10.909277],[123.418164,-10.65127],[123.371094,-10.474902],[122.845703,-10.761816]]],[[[122.89043,-1.587207],[123.150391,-1.304492],[123.172949,-1.616016],[123.511914,-1.447363],[123.212305,-1.171289],[122.908008,-1.182227],[122.89043,-1.587207]]],[[[122.969043,-4.02998],[123.076172,-4.227148],[123.242383,-4.112988],[122.969043,-4.02998]]],[[[123.230078,-8.530664],[123.924805,-8.272461],[123.391211,-8.280469],[123.230078,-8.530664]]],[[[123.589258,-9.966797],[123.747266,-10.347168],[124.427539,-10.148633],[125.068164,-9.511914],[124.960156,-9.21377],[125.149023,-9.042578],[124.922266,-8.94248],[124.444434,-9.190332],[124.282324,-9.42793],[124.036328,-9.341602],[123.589258,-9.966797]]],[[[124.329688,-1.858887],[125.314063,-1.877148],[124.969531,-1.705469],[124.417578,-1.659277],[124.329688,-1.858887]]],[[[124.380664,-8.415137],[125.131738,-8.326465],[124.575586,-8.14082],[124.380664,-8.415137]]],[[[125.387207,-1.843066],[126.331738,-1.822852],[126.024219,-1.789746],[125.387207,-1.843066]]],[[[125.798242,-7.98457],[126.47207,-7.950391],[126.800977,-7.667871],[125.975293,-7.663379],[125.798242,-7.98457]]],[[[126.056543,-3.420996],[126.686328,-3.823633],[127.22959,-3.633008],[126.861133,-3.087891],[126.088281,-3.105469],[126.056543,-3.420996]]],[[[127.3,-0.500293],[127.761133,-0.883691],[127.566992,-0.318945],[127.3,-0.500293]]],[[[127.39502,-1.589844],[128.153027,-1.660547],[127.64668,-1.332422],[127.39502,-1.589844]]],[[[127.428516,1.13999],[127.691602,-0.241895],[128.425488,-0.892676],[127.887402,0.29834],[127.983105,0.471875],[128.899609,0.21626],[128.260645,0.733789],[128.702637,1.106396],[128.688379,1.572559],[127.732715,0.848145],[127.652832,1.013867],[128.011719,1.331738],[128.036426,2.199023],[127.631738,1.843701],[127.428516,1.13999]]],[[[127.902344,-3.496289],[128.132031,-3.157422],[128.516602,-3.449121],[128.8625,-3.234961],[129.467676,-3.453223],[129.844141,-3.327148],[130.805078,-3.857715],[130.569922,-3.130859],[129.754688,-2.86582],[128.198535,-2.865918],[127.902344,-3.496289]]],[[[127.925,-3.699316],[128.275586,-3.674609],[128.329102,-3.515918],[127.925,-3.699316]]],[[[128.217969,2.297461],[128.453906,2.051758],[128.602148,2.597607],[128.217969,2.297461]]],[[[129.737695,-1.866895],[130.248047,-2.047754],[130.35332,-1.690527],[129.737695,-1.866895]]],[[[130.236621,-0.209668],[130.750195,-0.443848],[130.899219,-0.344434],[130.622168,-0.085938],[131.005371,-0.360742],[131.339746,-0.290332],[130.813281,-0.004102],[130.236621,-0.209668]]],[[[130.672949,-0.959766],[131.001855,-1.315527],[131.033008,-0.917578],[130.672949,-0.959766]]],[[[130.995898,-1.424707],[131.930371,-1.559668],[132.307617,-2.242285],[133.921582,-2.102051],[133.700098,-2.624609],[133.191016,-2.437793],[132.725,-2.789062],[131.971191,-2.788574],[132.751367,-3.294629],[132.914453,-4.056934],[133.400879,-3.899023],[133.841504,-3.054785],[133.67832,-3.479492],[133.973828,-3.817969],[134.886523,-3.938477],[134.679688,-4.079102],[135.195605,-4.450684],[137.279785,-4.94541],[138.06084,-5.465234],[138.087109,-5.70918],[138.339648,-5.675684],[138.199609,-5.807031],[138.864551,-6.858398],[138.601367,-6.936523],[139.176855,-7.19043],[138.747949,-7.251465],[139.087988,-7.587207],[138.890625,-8.237793],[139.248828,-7.982422],[139.385645,-8.189062],[140.116992,-7.92373],[140.00293,-8.195508],[140.976172,-9.11875],[140.973438,-2.609766],[139.789551,-2.348242],[137.80625,-1.483203],[137.123438,-1.840918],[137.07207,-2.105078],[136.389941,-2.27334],[135.85918,-2.995313],[135.251563,-3.368555],[134.886816,-3.209863],[134.627441,-2.536719],[134.459961,-2.832324],[134.194824,-2.309082],[134.25957,-1.362988],[133.974512,-0.744336],[132.39375,-0.355469],[131.257227,-0.855469],[130.995898,-1.424707]]],[[[131.11377,-7.997363],[131.325586,-7.999512],[131.624414,-7.626172],[131.643457,-7.112793],[131.137793,-7.684863],[131.11377,-7.997363]]],[[[134.09082,-6.833789],[134.322754,-6.84873],[134.536816,-6.442285],[134.114648,-6.19082],[134.09082,-6.833789]]],[[[134.154883,-6.062891],[134.441113,-6.334863],[134.71416,-6.295117],[134.746973,-5.707031],[134.570801,-5.427344],[134.205371,-5.707227],[134.343066,-5.833008],[134.154883,-6.062891]]],[[[135.383008,-0.651367],[135.915039,-1.178418],[136.375293,-1.094043],[135.383008,-0.651367]]],[[[135.474219,-1.591797],[136.228125,-1.893652],[136.892578,-1.799707],[135.474219,-1.591797]]],[[[137.650391,-8.386133],[138.535352,-8.273633],[138.989063,-7.696094],[138.769824,-7.39043],[138.081836,-7.566211],[137.650391,-8.386133]]],[[[138.563379,-8.309082],[138.895117,-8.388672],[138.796191,-8.173633],[138.563379,-8.309082]]]]}},{"type":"Feature","properties":{"name":"印度","full_name":"印度共和国","iso_a2":"IN","iso_a3":"IND","iso_n3":"356","NAME_ZH":"印度","ADM0_A3":"IND"},"geometry":{"type":"MultiPolygon","coordinates":[[[[68.165039,23.857324],[68.234961,23.596973],[68.776758,23.8521],[68.41748,23.571484],[69.235937,22.848535],[69.664648,22.759082],[70.489258,23.089502],[70.177246,22.572754],[68.969922,22.290283],[70.485059,20.840186],[71.024609,20.738867],[72.015234,21.155713],[72.254004,21.531006],[72.037207,21.823047],[72.182813,22.269727],[72.80918,22.233301],[72.553027,22.159961],[72.543066,21.696582],[73.1125,21.750439],[72.613281,21.461816],[72.89375,20.672754],[72.667773,19.830957],[72.987207,19.277441],[72.803027,19.079297],[72.97207,19.15332],[72.875488,18.642822],[73.476074,16.054248],[74.382227,14.494727],[74.945508,12.564551],[75.723828,11.361768],[76.553418,8.902783],[77.517578,8.07832],[78.060156,8.38457],[78.421484,9.105029],[79.411426,9.192383],[78.939941,9.565771],[79.314551,10.256689],[79.838184,10.322559],[79.693164,11.312549],[80.342383,13.361328],[80.062109,13.60625],[80.306543,13.485059],[80.053418,15.074023],[80.293457,15.710742],[80.646582,15.89502],[80.978711,15.75835],[81.286133,16.337061],[82.258789,16.559863],[82.35957,17.096191],[84.104102,18.292676],[85.441602,19.626562],[85.180762,19.594873],[85.248633,19.757666],[86.279492,19.919434],[86.975488,20.700146],[86.954102,21.365332],[87.82373,21.727344],[88.159277,22.121729],[87.941406,22.374316],[88.196289,22.139551],[88.12207,21.635791],[88.584668,21.659717],[88.641602,22.121973],[88.74502,21.584375],[89.05166,21.654102],[89.051465,22.093164],[88.928125,23.186621],[88.567383,23.674414],[88.723535,24.274902],[88.023438,24.627832],[88.45625,25.188428],[88.95166,25.259277],[88.08457,25.888232],[88.418164,26.571533],[88.828027,26.252197],[89.018652,26.410254],[89.369727,26.006104],[89.670898,26.213818],[89.833301,25.292773],[92.049707,25.169482],[92.468359,24.944141],[91.876953,24.195312],[91.36709,24.093506],[91.160449,23.660645],[91.315234,23.104395],[91.619531,22.979688],[91.92959,23.685986],[92.246094,23.683594],[92.574902,21.978076],[93.151172,22.230615],[93.32627,24.064209],[94.127637,23.876465],[94.707617,25.04873],[94.579883,25.319824],[95.132422,26.04126],[95.128711,26.597266],[96.19082,27.261279],[96.731641,27.331494],[97.102051,27.11543],[96.876855,27.586719],[97.07935156352477,27.74181205783586],[97.062649,27.742568],[97.05854258189653,27.764231098071704],[96.86746566638311,27.877455085086158],[96.849534,27.874375],[96.810114,27.890245],[96.78896240831149,27.92397274970624],[96.76422727962773,27.938629726355494],[96.711564,27.9574],[96.690622,27.948942],[96.635188,27.994926],[96.6247695248586,28.021266412072432],[96.53494147116591,28.0744946649857],[96.499681,28.067297],[96.48094349068803,28.10649155285677],[96.40684421958032,28.150399603639023],[96.395587,28.143842],[96.398667,28.118509],[96.367254,28.118509],[96.298269,28.140148],[96.275479,28.228241],[96.194175,28.212949],[96.098088,28.212421],[96.074683,28.193434],[95.989067,28.198181],[95.936096,28.240368],[95.907763,28.241422],[95.899756,28.278322],[95.8890715462038,28.28657120725899],[95.832003,28.295186],[95.787655,28.270416],[95.76734442705538,28.27244718576921],[95.56887326986255,28.202649809055632],[95.528345,28.182885],[95.48187066168319,28.172053152573916],[95.39715,28.142259],[95.36417388836773,28.08208763454808],[95.352802,28.04089],[95.32894502196469,28.017805677401846],[95.28628,27.939955],[94.88592,27.743098],[94.836645,27.728796],[94.78121,27.699127],[94.722696,27.683759],[94.660486,27.650367],[94.524979,27.596282],[94.478168,27.602116],[94.443675,27.585143],[94.399944,27.589386],[94.353132,27.578778],[94.277372,27.58143],[93.8424883519607,27.0556768065669],[93.841903,27.045973],[93.817265,27.025183],[93.73028277726004,27.007302541808514],[93.625092,26.955323],[93.56781,26.938252],[93.24836372165952,26.908237086202647],[93.111399,26.880082],[93.050421,26.883819],[92.95293671280093,26.904844643283727],[92.90168052381523,26.912854364374915],[92.802813,26.895028],[92.68452549451142,26.94678882678213],[92.64698,26.952656],[92.53339667474144,26.935551959425947],[92.496691,26.921711],[92.404916,26.9025],[92.28604,26.892359],[92.197961,26.86994],[92.109265,26.854991],[92.11176515655329,26.87206022260653],[91.99834,26.85498],[89.609961,26.719434],[88.857617,26.961475],[88.891406,27.316064],[88.88700964363272,27.35069893612484],[88.867577,27.3818],[88.838012,27.37808],[88.809063,27.405711],[88.783193,27.467324],[88.797976,27.521473],[88.770874,27.563924],[88.813374,27.606889],[88.816454,27.641354],[88.84690384704382,27.666656421607204],[88.803711,28.006934],[88.13018282115658,27.874615987630804],[88.111819,27.864852],[88.10949889420152,27.867137761762685],[87.995117,26.382373],[85.794531,26.60415],[84.091016,27.491357],[82.733398,27.518994],[80.070703,28.830176],[80.401855,29.730273],[81.010254,30.164502],[80.56433814919862,30.455196011173143],[80.549316,30.448905],[80.504969,30.483466],[80.446454,30.495327],[80.43044,30.515952],[80.357759,30.520592],[80.322035,30.564403],[80.261673,30.566465],[80.214245,30.586044],[80.143412,30.55822],[80.04363,30.603559],[80.014065,30.661748],[79.970333,30.685941],[79.955551,30.738422],[79.961094,30.771337],[79.900732,30.7991],[79.913051,30.833022],[79.890877,30.855116],[79.835443,30.851006],[79.75845,30.936769],[79.729501,30.941389],[79.668523,30.980392],[79.660516,30.956787],[79.59769,30.925989],[79.550879,30.957813],[79.505915,31.027584],[79.427075,31.018353],[79.42579910791005,31.04065625653348],[79.37471512950437,31.045559171123134],[79.35809,31.031174],[79.316206,31.01784],[79.33222,30.969103],[79.227511,30.949088],[79.205953,31.0004],[79.181931,31.015788],[79.096931,30.992192],[79.059359,31.028097],[79.010084,31.043994],[78.99096855942476,31.08239022296939],[78.807678,31.099982],[78.50071312354501,32.14262646425982],[78.469905,32.127808],[78.429869,32.194683],[78.430485,32.212407],[78.4733487651277,32.23557291843182],[78.389648,32.519873],[78.40324912621927,32.52324444977706],[78.395377,32.530339],[78.424942,32.565652],[78.500086,32.580782],[78.518564,32.605993],[78.577695,32.615067],[78.588782,32.637748],[78.628202,32.630188],[78.675013,32.658408],[78.6861,32.680071],[78.741534,32.703743],[78.74215,32.654881],[78.781571,32.608009],[78.760629,32.563635],[78.77221092058751,32.51890085925881],[78.90119053044569,32.37764705322251],[78.904142,32.374798],[78.9252150969447,32.361185163315774],[79.13333845604748,32.46017212510349],[79.135736,32.472295],[79.180083,32.492994],[79.190554,32.511669],[79.21522591346925,32.51369021108169],[78.92971674651375,33.39008147173298],[78.896751,33.41247],[78.84994,33.419963],[78.816679,33.480882],[78.74215,33.55323],[78.755085,33.623025],[78.713201,33.623025],[78.684868,33.654415],[78.692259,33.676331],[78.779723,33.73259],[78.758165,33.790802],[78.766172,33.823124],[78.756317,33.8773],[78.76173603332636,33.90571055140575],[78.76024264405439,33.91029461895309],[78.734143,33.918529],[78.74213322803651,33.965882795342694],[78.73025740758743,34.00233649441518],[78.656535,34.030196],[78.661462,34.086718],[78.737223,34.089692],[78.801897,34.137258],[78.8230965416917,34.12795792431377],[78.970117,34.302637],[78.44614706186374,34.55010200805133],[78.436029,34.543942],[78.4339867637545,34.55584517774579],[78.326953,34.606396],[78.32576599243394,34.610042863274614],[78.280812,34.623269],[78.265413,34.651335],[78.267261,34.705472],[78.213059,34.717771],[78.21429,34.760556],[78.230921,34.776288],[78.23760118890924,34.88091306939623],[78.23705600586457,34.882588044417766],[78.206283,34.891726],[78.182262,34.936874],[78.201972,34.974642],[78.160704,34.990823],[78.123131,35.036897],[78.150849,35.069721],[78.124979,35.108407],[78.078784,35.100084],[78.062769,35.114772],[78.060306,35.180344],[78.01719,35.228267],[78.020885,35.315237],[78.013494,35.366008],[78.046755,35.384063],[78.06779923431989,35.40259846538967],[78.042676,35.479785],[78.03877263565836,35.480043548024916],[78.029509,35.469404],[78.01900288370922,35.481353041546946],[77.97593157320927,35.48420596566204],[77.951284,35.478664],[77.92683068188069,35.4874582724834],[77.91714593298386,35.488099763381996],[77.914944,35.465017],[77.87717873161365,35.49074707992004],[77.86402917915639,35.4916180697941],[77.85643,35.487436],[77.84985454510384,35.49255695822916],[77.80044557447351,35.49582967136876],[77.797299,35.491334],[77.79205073543682,35.492112452635745],[77.73711829529815,35.46387099095868],[77.735706,35.461605],[77.72875033312741,35.459568915857645],[77.048633,35.109912],[75.70918,34.503076],[73.96123,34.653467],[73.904102,34.075684],[74.250879,33.946094],[73.976465,33.721289],[74.003809,33.189453],[74.35459,32.768701],[74.663281,32.757666],[74.685742,32.493799],[75.333496,32.279199],[74.555566,31.818555],[74.632812,31.034668],[73.80918,30.093359],[73.381641,29.934375],[72.90332,29.02876],[72.341895,28.751904],[71.870313,27.9625],[70.797949,27.709619],[70.403711,28.025049],[69.537012,27.122949],[69.506934,26.742676],[70.147656,26.506445],[70.100195,25.910059],[70.648438,25.666943],[71.044043,24.400098],[69.805176,24.165234],[68.781152,24.313721],[68.724121,23.964697],[68.165039,23.857324]]],[[[92.352832,10.751123],[92.502832,10.554883],[92.510352,10.897461],[92.352832,10.751123]]],[[[92.533887,11.873389],[92.722754,11.536084],[93.062305,13.545459],[92.533887,11.873389]]],[[[93.658008,7.016064],[93.890039,6.831055],[93.822461,7.236621],[93.658008,7.016064]]]]}},{"type":"Feature","properties":{"name":"冰岛","full_name":"冰岛共和国","iso_a2":"IS","iso_a3":"ISL","iso_n3":"352","NAME_ZH":"冰岛","ADM0_A3":"ISL"},"geometry":{"type":"MultiPolygon","coordinates":[[[[-24.475684,65.525195],[-21.844385,65.447363],[-22.509082,65.196777],[-21.892139,65.048779],[-24.026172,64.863428],[-21.590625,64.626367],[-22.053369,64.313916],[-21.46333,64.37915],[-22.701172,64.083203],[-22.652197,63.827734],[-21.152393,63.944531],[-20.198145,63.555811],[-18.653613,63.406689],[-14.927393,64.319678],[-13.599316,65.035938],[-13.617871,65.519336],[-14.8271,65.764258],[-15.117383,66.125635],[-14.59585,66.381543],[-15.543115,66.228516],[-16.249316,66.5229],[-16.48501,66.195947],[-17.550439,65.964404],[-18.297168,66.157422],[-18.141943,65.734082],[-18.845898,66.183936],[-19.489697,65.768066],[-20.20752,66.100098],[-21.129687,65.266602],[-21.406885,66.025586],[-22.944336,66.429443],[-22.441699,65.908301],[-23.452539,66.181006],[-23.832617,65.849219],[-23.285352,65.75],[-24.092627,65.776465],[-23.856738,65.538379],[-24.475684,65.525195]]]]}},{"type":"Feature","properties":{"name":"匈牙利","full_name":"匈牙利","iso_a2":"HU","iso_a3":"HUN","iso_n3":"348","NAME_ZH":"匈牙利","ADM0_A3":"HUN"},"geometry":{"type":"MultiPolygon","coordinates":[[[[16.093066,46.863281],[16.516211,46.499902],[17.807129,45.79043],[18.905371,45.931738],[20.241797,46.108594],[21.12168,46.282422],[21.999707,47.505029],[22.87666,47.947266],[22.131836,48.405322],[20.490039,48.526904],[19.950391,48.146631],[18.791895,48.000293],[18.724219,47.787158],[17.761914,47.770166],[17.147363,48.005957],[17.066602,47.707568],[16.421289,47.674463],[16.676563,47.536035],[16.093066,46.863281]]]]}},{"type":"Feature","properties":{"name":"洪都拉斯","full_name":"洪都拉斯共和国","iso_a2":"HN","iso_a3":"HND","iso_n3":"340","NAME_ZH":"洪都拉斯","ADM0_A3":"HND"},"geometry":{"type":"MultiPolygon","coordinates":[[[[-89.362598,14.416016],[-88.482666,13.854248],[-87.802246,13.88999],[-87.814209,13.39917],[-87.489111,13.35293],[-87.337256,12.979248],[-86.729297,13.284375],[-86.733643,13.763477],[-86.040381,14.050146],[-85.733936,13.858691],[-84.985156,14.752441],[-84.453564,14.643701],[-83.15752,14.993066],[-84.095068,15.400928],[-83.765283,15.405469],[-84.261426,15.822607],[-84.97373,15.989893],[-88.22832,15.729004],[-89.142578,15.072314],[-89.362598,14.416016]]]]}},{"type":"Feature","properties":{"name":"海地","full_name":"海地共和国","iso_a2":"HT","iso_a3":"HTI","iso_n3":"332","NAME_ZH":"海地","ADM0_A3":"HTI"},"geometry":{"type":"MultiPolygon","coordinates":[[[[-74.478125,18.45],[-73.884961,18.041895],[-73.385156,18.251172],[-71.768311,18.03916],[-72.000391,18.5979],[-71.645312,19.163525],[-71.779248,19.718164],[-73.400537,19.807422],[-72.703223,19.441064],[-72.811084,19.071582],[-72.376074,18.574463],[-72.789355,18.434814],[-74.227734,18.662695],[-74.478125,18.45]]]]}},{"type":"Feature","properties":{"name":"圭亚那","full_name":"圭亚那合作共和国","iso_a2":"GY","iso_a3":"GUY","iso_n3":"328","NAME_ZH":"圭亚那","ADM0_A3":"GUY"},"geometry":{"type":"MultiPolygon","coordinates":[[[[-61.39082,5.93877],[-60.742139,5.202051],[-60.142041,5.238818],[-59.990674,5.082861],[-60.148633,4.533252],[-59.703271,4.381104],[-59.551123,3.933545],[-59.854395,3.5875],[-59.994336,2.68999],[-59.666602,1.746289],[-59.231201,1.376025],[-58.821777,1.201221],[-57.31748,1.963477],[-56.482812,1.942139],[-57.197363,2.853271],[-57.303662,3.3771],[-57.646729,3.394531],[-58.054297,4.10166],[-57.917041,4.82041],[-57.331006,5.020166],[-57.194775,5.548438],[-57.227539,6.178418],[-57.982568,6.785889],[-58.41499,6.851172],[-58.672949,6.390771],[-58.511084,7.398047],[-60.017529,8.549316],[-59.849072,8.248682],[-60.718652,7.535937],[-60.3521,7.002881],[-61.145605,6.694531],[-61.128711,6.214307],[-61.39082,5.93877]]]]}},{"type":"Feature","properties":{"name":"几内亚比绍","full_name":"几内亚比绍共和国","iso_a2":"GW","iso_a3":"GNB","iso_n3":"624","NAME_ZH":"几内亚比绍","ADM0_A3":"GNB"},"geometry":{"type":"MultiPolygon","coordinates":[[[[-16.711816,12.354834],[-16.24458,12.237109],[-16.328076,12.051611],[-15.941748,11.786621],[-15.078271,11.968994],[-15.501904,11.723779],[-15.072656,11.597803],[-15.479492,11.410303],[-15.043018,10.940137],[-14.682959,11.508496],[-13.732764,11.736035],[-13.948877,12.178174],[-13.70791,12.312695],[-13.729248,12.673926],[-15.196094,12.679932],[-16.711816,12.354834]]]]}},{"type":"Feature","properties":{"name":"几内亚","full_name":"几内亚共和国","iso_a2":"GN","iso_a3":"GIN","iso_n3":"324","NAME_ZH":"几内亚","ADM0_A3":"GIN"},"geometry":{"type":"MultiPolygon","coordinates":[[[[-15.043018,10.940137],[-14.593506,10.766699],[-14.426904,10.24834],[-13.689795,9.927783],[-13.691357,9.535791],[-13.292676,9.049219],[-12.427979,9.898145],[-11.273633,9.996533],[-10.690527,9.314258],[-10.500537,8.687549],[-10.712109,8.335254],[-10.283203,8.485156],[-9.518262,8.346094],[-9.463818,7.415869],[-9.117578,7.215918],[-8.659766,7.688379],[-8.486426,7.558496],[-8.231885,7.556738],[-8.009863,8.078516],[-8.236963,8.455664],[-7.681201,8.410352],[-7.950977,8.786816],[-7.896191,9.415869],[-8.136963,9.495703],[-7.990625,10.1625],[-8.337402,10.990625],[-8.666699,11.009473],[-8.398535,11.366553],[-8.822021,11.673242],[-9.043066,12.402344],[-9.395361,12.464648],[-9.358105,12.25542],[-9.754004,12.029932],[-10.274854,12.212646],[-10.709229,11.89873],[-10.933203,12.205176],[-11.305176,12.01543],[-11.502197,12.198633],[-11.389404,12.404395],[-12.399072,12.340088],[-13.729248,12.673926],[-13.70791,12.312695],[-13.948877,12.178174],[-13.732764,11.736035],[-14.682959,11.508496],[-15.043018,10.940137]]]]}},{"type":"Feature","properties":{"name":"危地马拉","full_name":"危地马拉共和国","iso_a2":"GT","iso_a3":"GTM","iso_n3":"320","NAME_ZH":"危地马拉","ADM0_A3":"GTM"},"geometry":{"type":"MultiPolygon","coordinates":[[[[-92.235156,14.54541],[-91.377344,13.990186],[-90.095215,13.736523],[-89.362598,14.416016],[-89.142578,15.072314],[-88.22832,15.729004],[-88.894043,15.890625],[-89.2375,15.894434],[-89.161475,17.814844],[-90.98916,17.816406],[-90.992969,17.252441],[-91.409619,17.255859],[-90.416992,16.391016],[-90.447168,16.072705],[-91.736572,16.070166],[-92.204248,15.275],[-92.235156,14.54541]]]]}},{"type":"Feature","properties":{"name":"格林纳达","full_name":"格林纳达","iso_a2":"GD","iso_a3":"GRD","iso_n3":"308","NAME_ZH":"格林纳达","ADM0_A3":"GRD"},"geometry":{"type":"MultiPolygon","coordinates":[[[[-61.715527,12.012646],[-61.607031,12.223291],[-61.71499,12.185156],[-61.715527,12.012646]]]]}},{"type":"Feature","properties":{"name":"希腊","full_name":"希腊共和国","iso_a2":"GR","iso_a3":"GRC","iso_n3":"300","NAME_ZH":"希腊","ADM0_A3":"GRC"},"geometry":{"type":"MultiPolygon","coordinates":[[[[19.646484,39.76709],[20.07793,39.432715],[19.926074,39.77373],[19.646484,39.76709]]],[[[20.00127,39.709424],[20.713379,39.035156],[21.118359,39.02998],[20.768555,38.874414],[21.182617,38.345557],[22.42168,38.438525],[23.148926,38.176074],[22.920313,37.958301],[21.824707,38.328125],[21.124707,37.891602],[21.678906,37.387207],[21.58291,37.080957],[21.892383,36.737305],[22.080469,37.028955],[22.427734,36.475781],[22.717188,36.793945],[23.160156,36.448096],[22.725391,37.542139],[23.489258,37.440186],[23.036328,37.878369],[23.501758,38.034863],[24.019727,37.677734],[24.024512,38.139795],[22.569141,38.86748],[23.066699,39.037939],[22.921387,39.306348],[23.327734,39.174902],[22.592188,40.036914],[22.629492,40.495557],[22.922266,40.590869],[23.627344,39.924072],[23.42627,40.263965],[23.94707,39.965576],[23.72793,40.329736],[24.343359,40.147705],[23.762793,40.747803],[25.104492,40.994727],[26.038965,40.726758],[26.624902,41.401758],[26.320898,41.716553],[25.92334,41.311914],[25.251172,41.243555],[24.487891,41.555225],[22.916016,41.336279],[20.964258,40.849902],[20.657422,40.117383],[20.00127,39.709424]]],[[[20.352539,38.179883],[20.761328,38.070557],[20.612305,38.38335],[20.352539,38.179883]]],[[[22.870313,38.870508],[24.536523,37.979736],[24.127539,38.648486],[23.41543,38.958643],[22.870313,38.870508]]],[[[23.569824,35.534766],[23.592773,35.257227],[24.799805,34.934473],[26.165625,35.018604],[26.320215,35.315137],[25.791309,35.122852],[25.730176,35.348584],[23.852246,35.535449],[23.569824,35.534766]]],[[[25.844141,39.200049],[26.46875,38.972803],[26.410156,39.329443],[25.844141,39.200049]]],[[[25.846094,38.574023],[26.094043,38.218066],[26.160352,38.540723],[25.846094,38.574023]]],[[[26.581055,37.72373],[27.055078,37.709277],[26.824414,37.811426],[26.581055,37.72373]]],[[[27.716309,36.171582],[27.842773,35.929297],[28.231836,36.433643],[27.716309,36.171582]]]]}},{"type":"Feature","properties":{"name":"加纳","full_name":"加纳共和国","iso_a2":"GH","iso_a3":"GHA","iso_n3":"288","NAME_ZH":"加纳","ADM0_A3":"GHA"},"geometry":{"type":"MultiPolygon","coordinates":[[[[-3.235791,6.807227],[-2.75498,5.43252],[-3.019141,5.130811],[-3.086719,5.12832],[-3.114014,5.088672],[-2.001855,4.762451],[0.259668,5.757324],[0.949707,5.810254],[1.187207,6.089404],[0.525586,6.850928],[0.686328,8.354883],[0.372559,8.759277],[0.525684,9.398486],[0.233398,9.463525],[0.380859,10.291846],[-0.086328,10.673047],[-0.068604,11.115625],[-0.627148,10.927393],[-2.829932,10.998389],[-2.69585,9.481348],[-2.505859,8.20874],[-3.235791,6.807227]]]]}},{"type":"Feature","properties":{"name":"德国","full_name":"德意志联邦共和国","iso_a2":"DE","iso_a3":"DEU","iso_n3":"276","NAME_ZH":"德国","ADM0_A3":"DEU"},"geometry":{"type":"MultiPolygon","coordinates":[[[[5.94873,51.802686],[5.993945,50.750439],[6.340918,50.451758],[6.116504,50.120996],[6.487305,49.798486],[6.344336,49.452734],[6.735449,49.160596],[8.134863,48.973584],[7.615625,47.592725],[8.454004,47.596191],[8.572656,47.775635],[9.524023,47.524219],[10.183008,47.278809],[10.439453,47.551562],[11.041992,47.393115],[12.209277,47.718262],[13.014355,47.478076],[12.760352,48.106982],[13.814746,48.766943],[12.681152,49.414502],[12.089844,50.301758],[12.942676,50.406445],[14.319727,51.037793],[14.809375,50.858984],[15.016602,51.252734],[14.619434,52.528516],[14.128613,52.878223],[14.258887,53.729639],[12.575391,54.467383],[11.399609,53.944629],[10.85459,54.009814],[11.013379,54.37915],[9.868652,54.472461],[9.739746,54.825537],[8.670313,54.903418],[8.92041,53.965332],[9.783984,53.554639],[8.618945,53.875],[8.495215,53.394238],[8.009277,53.690723],[7.285254,53.681348],[7.197266,53.282275],[7.033008,52.651367],[6.710742,52.617871],[7.035156,52.380225],[6.800391,51.967383],[5.94873,51.802686]]],[[[13.190039,54.325635],[13.70918,54.382715],[13.336816,54.697119],[13.190039,54.325635]]],[[[13.827734,54.127246],[14.213672,53.870752],[14.211426,53.950342],[13.827734,54.127246]]]]}},{"type":"Feature","properties":{"name":"格鲁吉亚","full_name":"格鲁吉亚","iso_a2":"GE","iso_a3":"GEO","iso_n3":"268","NAME_ZH":"格鲁吉亚","ADM0_A3":"GEO"},"geometry":{"type":"MultiPolygon","coordinates":[[[[39.97832,43.419824],[41.48877,42.659326],[41.762988,41.97002],[41.510059,41.51748],[42.754102,41.578906],[43.439453,41.107129],[45.001367,41.290967],[45.280957,41.449561],[46.534375,41.088574],[46.672559,41.286816],[46.182129,41.65708],[46.429883,41.890967],[45.638574,42.205078],[45.705273,42.498096],[44.870996,42.756396],[43.825977,42.571533],[42.760645,43.16958],[41.580566,43.219238],[40.648047,43.533887],[39.97832,43.419824]]]]}},{"type":"Feature","properties":{"name":"冈比亚","full_name":"冈比亚共和国","iso_a2":"GM","iso_a3":"GMB","iso_n3":"270","NAME_ZH":"冈比亚","ADM0_A3":"GMB"},"geometry":{"type":"MultiPolygon","coordinates":[[[[-16.76333,13.06416],[-15.834277,13.156445],[-15.151123,13.556494],[-14.246777,13.23584],[-13.826709,13.407812],[-15.10835,13.812109],[-15.509668,13.58623],[-16.562305,13.587305],[-16.351807,13.343359],[-15.42749,13.468359],[-16.413379,13.269727],[-16.669336,13.475],[-16.76333,13.06416]]]]}},{"type":"Feature","properties":{"name":"加蓬","full_name":"加蓬共和国","iso_a2":"GA","iso_a3":"GAB","iso_n3":"266","NAME_ZH":"加蓬","ADM0_A3":"GAB"},"geometry":{"type":"MultiPolygon","coordinates":[[[[8.703125,-0.591016],[9.064648,-1.29834],[9.501074,-1.555176],[9.318848,-1.632031],[9.036328,-1.308887],[9.624609,-2.36709],[10.062012,-2.549902],[9.72207,-2.467578],[11.130176,-3.916309],[11.504297,-3.520312],[11.879883,-3.665918],[11.93418,-3.318555],[11.537793,-2.836719],[11.605469,-2.342578],[12.446387,-2.32998],[12.59043,-1.826855],[12.991992,-2.313379],[13.464941,-2.39541],[13.733789,-2.138477],[13.993848,-2.490625],[14.383984,-1.890039],[14.474121,-0.573438],[13.860059,-0.20332],[13.949609,0.353809],[14.429883,0.901465],[14.180859,1.370215],[13.216309,1.248438],[13.293555,2.161572],[11.328711,2.167432],[11.335352,0.999707],[9.59082,1.031982],[9.617969,0.576514],[9.324805,0.5521],[10.001465,0.194971],[9.796777,0.044238],[9.354883,0.343604],[9.29668,-0.35127],[8.946387,-0.68877],[8.703125,-0.591016]]]]}},{"type":"Feature","properties":{"name":"法国","full_name":"法兰西共和国","iso_a2":"FR","iso_a3":"FRA","iso_n3":"250","NAME_ZH":"法国","ADM0_A3":"FRA"},"geometry":{"type":"MultiPolygon","coordinates":[[[[-61.522168,16.228027],[-61.327148,16.23042],[-61.172607,16.256104],[-61.471191,16.506641],[-61.522168,16.228027]]],[[[-61.21333,14.848584],[-61.063721,14.46709],[-60.82627,14.494482],[-61.21333,14.848584]]],[[[-54.61626,2.326758],[-54.130078,2.121045],[-53.767773,2.354834],[-52.903467,2.211523],[-51.652539,4.061279],[-51.827539,4.635693],[-52.00293,4.352295],[-52.058105,4.717383],[-52.899316,5.425049],[-53.847168,5.782227],[-54.155957,5.358984],[-54.479688,4.836523],[-54.00957,3.448535],[-54.61626,2.326758]]],[[[-4.7625,48.450244],[-4.241406,48.303662],[-4.678809,48.039502],[-4.312109,47.8229],[-1.742529,47.215967],[-2.19707,47.162939],[-2.059375,46.810303],[-1.146289,46.311377],[-1.195996,45.714453],[-0.548486,45.000586],[-1.081006,45.532422],[-1.076953,44.689844],[-1.484863,43.56377],[-1.794043,43.407324],[-1.46084,43.051758],[-0.586426,42.798975],[0.631641,42.6896],[0.696875,42.845117],[1.42832,42.595898],[1.706055,42.50332],[3.211426,42.431152],[3.051758,42.915137],[3.91084,43.563086],[6.115918,43.072363],[7.377734,43.731738],[7.39502,43.765332],[7.438672,43.750439],[7.493164,43.767139],[7.637207,44.164844],[6.900195,44.335742],[6.992676,44.827295],[6.634766,45.068164],[7.146387,45.381738],[6.790918,45.740869],[7.021094,45.925781],[6.758105,46.415771],[5.97002,46.214697],[6.968359,47.453223],[7.615625,47.592725],[8.134863,48.973584],[6.735449,49.160596],[6.344336,49.452734],[5.789746,49.538281],[4.867578,49.788135],[4.818652,50.153174],[4.149316,49.971582],[4.174609,50.246484],[2.759375,50.750635],[2.524902,51.097119],[1.672266,50.88501],[1.592773,50.252197],[0.186719,49.703027],[0.416895,49.448389],[-1.138525,49.387891],[-1.258643,49.680176],[-1.856445,49.683789],[-1.376465,48.652588],[-2.692334,48.536816],[-3.231445,48.84082],[-4.7625,48.450244]]],[[[8.565625,42.357715],[8.80752,41.588379],[9.186133,41.384912],[9.550684,42.129736],[9.480371,42.80542],[9.363184,43.017383],[9.313379,42.713184],[8.565625,42.357715]]],[[[55.311328,-20.904102],[55.362695,-21.273633],[55.797363,-21.339355],[55.661914,-20.90625],[55.311328,-20.904102]]]]}},{"type":"Feature","properties":{"name":"圣皮埃尔和密克隆群岛","full_name":"圣皮埃尔和密克隆群岛（法国）","iso_a2":"PM","iso_a3":"SPM","iso_n3":"666","NAME_ZH":"圣皮埃尔和密克隆群岛","ADM0_A3":"SPM"},"geometry":{"type":"MultiPolygon","coordinates":[[[[-56.384766,46.819434],[-56.26709,46.838477],[-56.364648,47.098975],[-56.384766,46.819434]]]]}},{"type":"Feature","properties":{"name":"瓦利斯和富图纳群岛","full_name":"瓦利斯和富图纳群岛","iso_a2":"WF","iso_a3":"WLF","iso_n3":"876","NAME_ZH":"瓦利斯和富图纳群岛","ADM0_A3":"WLF"},"geometry":{"type":"MultiPolygon","coordinates":[[[[-178.194385,-14.255469],[-178.158594,-14.311914],[-178.04668,-14.318359],[-178.194385,-14.255469]]]]}},{"type":"Feature","properties":{"name":"法属圣马丁","full_name":"法属圣马丁岛","iso_a2":"MF","iso_a3":"MAF","iso_n3":"663","NAME_ZH":"法属圣马丁","ADM0_A3":"MAF"},"geometry":{"type":"MultiPolygon","coordinates":[[[[-63.123047,18.068945],[-63.011182,18.068945],[-63.063086,18.115332],[-63.123047,18.068945]]]]}},{"type":"Feature","properties":{"name":"圣巴泰勒米","full_name":"圣巴泰勒米（法国）","iso_a2":"BL","iso_a3":"BLM","iso_n3":"652","NAME_ZH":"圣巴泰勒米","ADM0_A3":"BLM"},"geometry":{"type":"MultiPolygon","coordinates":[[[[-62.874219,17.922266],[-62.831934,17.876465],[-62.799707,17.908691],[-62.874219,17.922266]]]]}},{"type":"Feature","properties":{"name":"法属波利尼西亚","full_name":"法属波利尼西亚","iso_a2":"PF","iso_a3":"PYF","iso_n3":"258","NAME_ZH":"法属波利尼西亚","ADM0_A3":"PYF"},"geometry":{"type":"MultiPolygon","coordinates":[[[[-149.63501,-17.564258],[-149.181787,-17.862305],[-149.321533,-17.690039],[-149.63501,-17.564258]]],[[[-139.134082,-9.829492],[-138.827344,-9.741602],[-139.024316,-9.695215],[-139.134082,-9.829492]]]]}},{"type":"Feature","properties":{"name":"新喀里多尼亚","full_name":"新喀里多尼亚","iso_a2":"NC","iso_a3":"NCL","iso_n3":"540","NAME_ZH":"新喀里多尼亚","ADM0_A3":"NCL"},"geometry":{"type":"MultiPolygon","coordinates":[[[[164.059668,-20.141504],[164.927441,-21.289844],[166.467969,-22.256055],[166.970313,-22.322852],[166.942383,-22.090137],[165.191797,-20.768848],[164.202344,-20.246094],[164.059668,-20.141504]]],[[[167.055762,-20.720215],[167.072656,-20.997266],[167.400879,-21.160645],[167.297949,-20.73252],[167.055762,-20.720215]]],[[[167.81543,-21.392676],[167.966797,-21.641602],[168.010938,-21.42998],[167.81543,-21.392676]]]]}},{"type":"Feature","properties":{"name":"法属南部和南极领地","full_name":"法属南部和南极领地","iso_a2":"TF","iso_a3":"ATF","iso_n3":"260","NAME_ZH":"法属南部和南极领地","ADM0_A3":"ATF"},"geometry":{"type":"MultiPolygon","coordinates":[[[[68.814746,-49.699609],[69.153125,-49.529688],[70.124316,-49.704395],[70.247754,-49.530664],[69.759961,-49.430176],[70.386133,-49.433984],[70.555469,-49.201465],[70.320215,-49.058594],[69.542383,-49.255664],[69.592773,-48.970996],[69.184863,-49.10957],[69.002441,-48.66123],[68.814746,-49.699609]]]]}},{"type":"Feature","properties":{"name":"奥兰群岛","full_name":"奥兰群岛（芬兰）","iso_a2":"AX","iso_a3":"ALA","iso_n3":"248","NAME_ZH":"奥兰群岛","ADM0_A3":"ALA"},"geometry":{"type":"MultiPolygon","coordinates":[[[[19.799805,60.081738],[20.258887,60.261279],[19.989551,60.351172],[19.799805,60.081738]]]]}},{"type":"Feature","properties":{"name":"芬兰","full_name":"芬兰共和国","iso_a2":"FI","iso_a3":"FIN","iso_n3":"246","NAME_ZH":"芬兰","ADM0_A3":"FIN"},"geometry":{"type":"MultiPolygon","coordinates":[[[[20.622168,69.036865],[23.638867,67.954395],[24.155469,65.805273],[24.628027,65.85918],[25.347852,65.479248],[25.288184,64.860352],[24.55791,64.801025],[21.143848,62.73999],[21.436035,60.596387],[22.584961,60.380566],[22.462695,60.029199],[22.911719,60.209717],[23.021289,59.816016],[25.758008,60.267529],[26.569336,60.624561],[26.534668,60.412891],[27.797656,60.536133],[31.533984,62.8854],[29.991504,63.735156],[30.51377,64.2],[29.604199,64.968408],[30.102734,65.72627],[29.066211,66.891748],[29.988086,67.668262],[28.685156,68.189795],[28.414062,68.90415],[28.96582,69.021973],[29.141602,69.671436],[27.747852,70.064844],[26.072461,69.691553],[24.941406,68.593262],[23.854004,68.805908],[22.410938,68.719873],[21.59375,69.273584],[20.622168,69.036865]]]]}},{"type":"Feature","properties":{"name":"斐济","full_name":"斐济共和国","iso_a2":"FJ","iso_a3":"FJI","iso_n3":"242","NAME_ZH":"斐济","ADM0_A3":"FJI"},"geometry":{"type":"MultiPolygon","coordinates":[[[[177.321387,-18.077539],[177.955469,-18.264062],[178.667676,-18.080859],[178.280176,-17.371973],[177.504492,-17.539551],[177.321387,-18.077539]]],[[[178.497461,-16.787891],[178.706641,-16.976172],[179.202344,-16.712695],[179.92793,-16.744434],[179.930371,-16.519434],[179.56416,-16.636914],[179.999219,-16.168555],[180,-16.15293],[178.497461,-16.787891]]]]}},{"type":"Feature","properties":{"name":"埃塞俄比亚","full_name":"埃塞俄比亚联邦民主共和国","iso_a2":"ET","iso_a3":"ETH","iso_n3":"231","NAME_ZH":"埃塞俄比亚","ADM0_A3":"ETH"},"geometry":{"type":"MultiPolygon","coordinates":[[[[32.998926,7.899512],[33.902441,7.509521],[34.710645,6.660303],[35.268359,5.492285],[35.74502,5.343994],[36.021973,4.468115],[36.905566,4.411475],[38.086133,3.648828],[39.494434,3.456104],[40.765234,4.273047],[41.14043,3.962988],[41.883984,3.977734],[43.583496,4.85498],[44.940527,4.912012],[47.978223,7.99707],[46.978223,7.99707],[43.983789,9.008838],[42.841602,10.203076],[42.656445,10.6],[42.922754,10.999316],[41.798242,10.980469],[41.792676,11.686035],[42.378516,12.466406],[40.820117,14.11167],[40.140625,14.456055],[39.023828,14.628223],[38.431445,14.428613],[37.88418,14.852295],[37.571191,14.149072],[37.257227,14.45376],[36.524316,14.256836],[36.125195,12.757031],[35.670215,12.62373],[35.112305,11.816553],[34.931445,10.864795],[34.343945,10.658643],[34.078125,9.461523],[34.072754,8.545264],[33.281055,8.437256],[32.998926,7.899512]]]]}},{"type":"Feature","properties":{"name":"爱沙尼亚","full_name":"爱沙尼亚共和国","iso_a2":"EE","iso_a3":"EST","iso_n3":"233","NAME_ZH":"爱沙尼亚","ADM0_A3":"EST"},"geometry":{"type":"MultiPolygon","coordinates":[[[[21.862305,58.497168],[21.996875,57.931348],[23.323242,58.45083],[22.617383,58.62124],[21.862305,58.497168]]],[[[22.05625,58.943604],[22.542188,58.68999],[22.92373,58.826904],[22.649414,59.087109],[22.05625,58.943604]]],[[[23.494434,59.195654],[23.767578,58.36084],[24.529102,58.354248],[24.322559,57.870605],[25.282617,58.048486],[26.462109,57.544482],[27.351953,57.528125],[27.778516,57.870703],[27.43418,58.787256],[28.0125,59.484277],[25.509277,59.639014],[23.494434,59.195654]]]]}},{"type":"Feature","properties":{"name":"厄立特里亚","full_name":"厄立特里亚国","iso_a2":"ER","iso_a3":"ERI","iso_n3":"232","NAME_ZH":"厄立特里亚","ADM0_A3":"ERI"},"geometry":{"type":"MultiPolygon","coordinates":[[[[36.426758,15.13208],[36.524316,14.256836],[37.257227,14.45376],[37.571191,14.149072],[37.88418,14.852295],[38.431445,14.428613],[39.023828,14.628223],[40.140625,14.456055],[40.820117,14.11167],[42.378516,12.466406],[42.703711,12.380322],[43.116699,12.708594],[41.176465,14.620312],[40.204102,15.014111],[39.86377,15.470312],[39.785547,15.124854],[38.609473,18.005078],[37.411035,17.061719],[37.008984,17.058887],[36.426758,15.13208]]],[[[39.956738,15.889404],[39.975195,15.612451],[40.399023,15.579883],[40.141211,15.696143],[39.956738,15.889404]]]]}},{"type":"Feature","properties":{"name":"赤道几内亚","full_name":"赤道几内亚共和国","iso_a2":"GQ","iso_a3":"GNQ","iso_n3":"226","NAME_ZH":"赤道几内亚","ADM0_A3":"GNQ"},"geometry":{"type":"MultiPolygon","coordinates":[[[[8.474902,3.264648],[8.704004,3.223633],[8.946094,3.627539],[8.735742,3.758301],[8.474902,3.264648]]],[[[9.385938,1.139258],[9.59082,1.031982],[11.335352,0.999707],[11.328711,2.167432],[9.800781,2.304443],[9.385938,1.139258]]]]}},{"type":"Feature","properties":{"name":"萨尔瓦多","full_name":"萨尔瓦多共和国","iso_a2":"SV","iso_a3":"SLV","iso_n3":"222","NAME_ZH":"萨尔瓦多","ADM0_A3":"SLV"},"geometry":{"type":"MultiPolygon","coordinates":[[[[-90.095215,13.736523],[-88.512012,13.183936],[-88.685645,13.281494],[-87.930859,13.180664],[-87.814209,13.39917],[-87.802246,13.88999],[-88.482666,13.854248],[-89.362598,14.416016],[-90.095215,13.736523]]]]}},{"type":"Feature","properties":{"name":"埃及","full_name":"阿拉伯埃及共和国","iso_a2":"EG","iso_a3":"EGY","iso_n3":"818","NAME_ZH":"埃及","ADM0_A3":"EGY"},"geometry":{"type":"MultiPolygon","coordinates":[[[[24.703223,30.201074],[24.980273,29.181885],[24.980273,21.99585],[31.092676,21.994873],[31.400293,22.202441],[31.434473,21.99585],[36.871387,21.996729],[35.697852,22.946191],[35.504395,23.779297],[35.783887,23.937793],[35.194141,24.475146],[33.959082,26.649023],[33.54707,27.898145],[32.359766,29.630664],[32.565723,29.973975],[33.247754,28.567725],[34.220117,27.764307],[34.904297,29.477344],[34.245313,31.208301],[34.198145,31.322607],[32.60332,31.06875],[32.216211,31.29375],[32.101758,31.092822],[31.771094,31.292578],[31.892188,31.482471],[32.136035,31.341064],[31.888965,31.541406],[31.08291,31.60332],[29.07207,30.830273],[25.150488,31.65498],[24.852734,31.334814],[24.961426,30.678516],[24.703223,30.201074]]]]}},{"type":"Feature","properties":{"name":"厄瓜多尔","full_name":"厄瓜多尔共和国","iso_a2":"EC","iso_a3":"ECU","iso_n3":"218","NAME_ZH":"厄瓜多尔","ADM0_A3":"ECU"},"geometry":{"type":"MultiPolygon","coordinates":[[[[-91.596826,0.0021],[-91.120947,-0.559082],[-91.49541,-0.860938],[-91.131055,-1.019629],[-90.799658,-0.752051],[-91.272168,0.025146],[-91.596826,0.0021]]],[[[-90.531689,-0.581445],[-90.334863,-0.771582],[-90.269385,-0.484668],[-90.531689,-0.581445]]],[[[-89.608594,-0.888574],[-89.418896,-0.911035],[-89.287842,-0.689844],[-89.608594,-0.888574]]],[[[-80.932178,-2.269141],[-80.284717,-2.706738],[-80.006641,-2.353809],[-79.925586,-2.548535],[-79.842139,-2.067383],[-79.729883,-2.579102],[-79.96333,-3.157715],[-80.324658,-3.387891],[-80.179248,-3.877734],[-80.490137,-4.010059],[-80.478564,-4.430078],[-79.638525,-4.454883],[-79.330957,-4.927832],[-79.033301,-4.969141],[-78.686035,-4.562402],[-78.345361,-3.397363],[-78.158496,-3.465137],[-77.860596,-2.981641],[-76.679102,-2.562598],[-75.570557,-1.53125],[-75.259375,-0.590137],[-75.62627,-0.122852],[-75.284473,-0.106543],[-76.270605,0.439404],[-76.494629,0.235449],[-77.396338,0.393896],[-77.702881,0.837842],[-78.859668,1.455371],[-78.899658,1.20625],[-80.088281,0.784766],[-80.046143,0.155371],[-80.482275,-0.368262],[-80.282373,-0.620508],[-80.902393,-1.078906],[-80.760596,-1.93457],[-80.932178,-2.269141]]],[[[-80.223682,-2.753125],[-80.131592,-2.973145],[-79.909033,-2.725586],[-80.223682,-2.753125]]]]}},{"type":"Feature","properties":{"name":"多米尼加","full_name":"多米尼加共和国","iso_a2":"DO","iso_a3":"DOM","iso_n3":"214","NAME_ZH":"多米尼加","ADM0_A3":"DOM"},"geometry":{"type":"MultiPolygon","coordinates":[[[[-72.000391,18.5979],[-71.768311,18.03916],[-71.438965,17.635596],[-71.027832,18.273193],[-69.274512,18.439844],[-68.687402,18.214941],[-68.33916,18.611523],[-69.623633,19.117822],[-69.232471,19.271826],[-69.739404,19.299219],[-69.956836,19.671875],[-70.95415,19.913965],[-71.779248,19.718164],[-71.645312,19.163525],[-72.000391,18.5979]]]]}},{"type":"Feature","properties":{"name":"多米尼克","full_name":"多米尼克国","iso_a2":"DM","iso_a3":"DMA","iso_n3":"212","NAME_ZH":"多米尼克","ADM0_A3":"DMA"},"geometry":{"type":"MultiPolygon","coordinates":[[[[-61.458105,15.633105],[-61.281689,15.249023],[-61.277246,15.526709],[-61.458105,15.633105]]]]}},{"type":"Feature","properties":{"name":"美国本土外小岛屿","full_name":"美国本土外小岛屿","iso_a2":"UM","iso_a3":"UMI","iso_n3":"581","NAME_ZH":"美国本土外小岛屿","ADM0_A3":"UMI"},"geometry":{"type":"MultiPolygon","coordinates":[[[[166.61939537900003,19.281642971000053],[166.64421634200005,19.27558014500005],[166.63819420700008,19.286444403000075],[166.61939537900003,19.281642971000053]]]]}},{"type":"Feature","properties":{"name":"吉布提","full_name":"吉布提共和国","iso_a2":"DJ","iso_a3":"DJI","iso_n3":"262","NAME_ZH":"吉布提","ADM0_A3":"DJI"},"geometry":{"type":"MultiPolygon","coordinates":[[[[41.792676,11.686035],[41.798242,10.980469],[42.922754,10.999316],[43.245996,11.499805],[42.521777,11.572168],[43.380273,12.09126],[43.116699,12.708594],[42.703711,12.380322],[42.378516,12.466406],[41.792676,11.686035]]]]}},{"type":"Feature","properties":{"name":"格陵兰","full_name":"格陵兰","iso_a2":"GL","iso_a3":"GRL","iso_n3":"304","NAME_ZH":"格陵兰","ADM0_A3":"GRL"},"geometry":{"type":"MultiPolygon","coordinates":[[[[-72.818066,78.194336],[-69.351367,77.467139],[-66.691211,77.681201],[-66.389453,77.280273],[-68.135547,77.37959],[-71.141455,77.028662],[-68.114258,76.650635],[-69.484082,76.39917],[-68.14873,76.067041],[-66.674805,75.977393],[-66.992578,76.212939],[-63.291309,76.352051],[-58.516211,75.689062],[-58.565527,75.352734],[-56.255469,74.526807],[-57.230566,74.125293],[-56.225391,74.129102],[-55.288281,73.3271],[-55.668555,73.00791],[-54.737939,72.87251],[-55.601709,72.453467],[-55.581445,72.178857],[-54.840137,72.356104],[-55.594043,71.553516],[-53.962988,71.458984],[-53.652148,72.362646],[-53.440088,71.579004],[-51.769922,71.671729],[-53.007568,71.17998],[-51.018945,71.001318],[-51.774316,71.010449],[-50.872363,70.364893],[-52.801953,70.750586],[-54.530762,70.699268],[-52.254639,70.058936],[-50.291699,70.014453],[-50.945703,68.682666],[-51.623145,68.534814],[-52.60459,68.70874],[-53.383154,68.297363],[-51.210156,68.419922],[-51.456494,68.116064],[-53.151562,68.207764],[-53.735205,67.549023],[-52.344824,67.836914],[-50.968848,67.806641],[-50.613477,67.52793],[-52.666455,67.749707],[-53.884424,67.135547],[-52.386865,66.881152],[-53.41875,66.648535],[-53.53877,66.139355],[-51.225,66.881543],[-53.392041,66.04834],[-53.198975,65.594043],[-52.55127,65.461377],[-51.091895,65.775781],[-52.537695,65.328809],[-51.922607,64.21875],[-50.721582,64.797607],[-50.960645,65.201123],[-50.121631,64.70376],[-50.008984,64.447266],[-50.49209,64.693164],[-51.40376,64.463184],[-51.584912,64.103174],[-50.260693,64.214258],[-51.54751,64.006104],[-51.468848,63.642285],[-50.390088,62.822021],[-49.793115,63.044629],[-50.319238,62.473193],[-49.553467,62.232715],[-49.623779,61.998584],[-48.828711,62.079688],[-49.380273,61.890186],[-49.289062,61.589941],[-48.386426,61.004736],[-47.770312,60.997754],[-48.180811,60.769238],[-46.874463,60.816406],[-45.870215,61.218311],[-46.046631,60.615723],[-45.380518,60.444922],[-44.756738,60.6646],[-45.379248,60.20293],[-44.613281,60.01665],[-44.224365,60.273535],[-44.412939,59.922607],[-43.906543,59.815479],[-43.955029,60.025488],[-43.1229,60.06123],[-43.212988,60.390674],[-43.922705,60.595361],[-43.044092,60.523682],[-42.585303,61.71748],[-42.110205,61.857227],[-42.152979,62.568457],[-42.94165,62.720215],[-41.908984,62.737109],[-41.634473,62.972461],[-42.174512,63.208789],[-41.387891,63.061865],[-40.550391,63.725244],[-40.617773,64.131738],[-41.581006,64.29834],[-40.781738,64.221777],[-40.182227,64.479932],[-41.084424,65.10083],[-39.937256,65.141602],[-39.57793,65.340771],[-40.173535,65.556152],[-38.203369,65.711719],[-38.520361,66.009668],[-38.139941,65.903516],[-37.752344,66.261523],[-38.156641,66.385596],[-37.278711,66.304395],[-37.954785,65.633594],[-36.665186,65.790088],[-36.527246,66.007715],[-36.379199,65.830811],[-35.630078,66.139941],[-35.867236,66.441406],[-35.188574,66.250293],[-34.198242,66.655078],[-32.164551,67.991113],[-32.327441,68.437305],[-30.978564,68.061328],[-26.48291,68.675928],[-22.287061,70.033398],[-25.529883,70.353174],[-27.38418,69.991602],[-27.56084,70.124463],[-26.621777,70.463379],[-29.07207,70.444971],[-28.069873,70.699023],[-28.398438,70.99292],[-26.71792,70.950488],[-25.742236,71.183594],[-25.842725,71.480176],[-27.087207,71.626562],[-25.885156,71.571924],[-24.562207,71.223535],[-23.327832,70.450977],[-22.690674,70.437305],[-22.437012,70.86001],[-22.384131,70.462402],[-21.522656,70.526221],[-21.752246,71.47832],[-22.479639,71.383447],[-21.959668,71.744678],[-25.117871,72.346973],[-24.81333,72.901514],[-26.657617,72.71582],[-24.62998,73.037646],[-24.069043,72.49873],[-22.293213,72.119531],[-22.036328,72.918457],[-24.132666,73.409375],[-27.348047,73.067822],[-27.561621,73.138477],[-26.541846,73.248975],[-27.27041,73.436279],[-26.062305,73.253027],[-24.79126,73.511279],[-25.521289,73.851611],[-22.346875,73.269238],[-20.509668,73.492871],[-20.367285,73.848242],[-22.134814,73.990479],[-22.321582,74.302539],[-21.94292,74.565723],[-21.954932,74.244287],[-20.653125,74.137354],[-19.369141,74.284033],[-19.287012,74.546387],[-19.984912,74.975195],[-20.861572,74.635938],[-20.985791,75.074365],[-22.232861,75.119727],[-20.484961,75.314258],[-19.526367,75.180225],[-19.508984,75.75752],[-20.103613,76.219092],[-21.488232,76.271875],[-22.609326,76.704297],[-20.486719,76.920801],[-18.510303,76.778174],[-18.442627,77.259375],[-20.680811,77.618994],[-19.49043,77.718896],[-20.862598,77.911865],[-21.72959,77.708545],[-21.13374,78.658643],[-18.991992,79.178369],[-20.150146,80.01123],[-19.429199,80.257715],[-16.48877,80.251953],[-16.760596,80.573389],[-11.430664,81.456836],[-14.241992,81.813867],[-17.456055,81.397705],[-19.629932,81.639893],[-23.117725,80.778174],[-21.337988,82.068701],[-24.293066,81.700977],[-25.148828,82.001123],[-29.887402,82.054834],[-23.118066,82.324707],[-21.58252,82.63418],[-25.123389,83.159619],[-32.032715,82.983447],[-25.795068,83.260986],[-29.952881,83.564844],[-37.72334,83.497754],[-38.15625,82.998633],[-40.356836,83.332178],[-41.300146,83.100781],[-43.009277,83.2646],[-46.169043,83.063867],[-46.136816,82.858838],[-41.369629,82.75],[-45.556543,82.747021],[-44.238867,82.368164],[-44.729492,81.779834],[-50.037109,82.472412],[-49.541064,81.918066],[-53.022559,82.321729],[-53.555664,81.653271],[-54.548877,82.350635],[-59.261816,82.006641],[-56.615137,81.362891],[-59.281934,81.884033],[-60.842871,81.855371],[-61.435986,81.133594],[-62.903369,81.218359],[-63.028662,80.889551],[-64.515527,81],[-67.050635,80.384521],[-66.843652,80.076221],[-64.17915,80.099268],[-65.825537,79.17373],[-71.651318,78.623145],[-72.818066,78.194336]]],[[[-56.214795,72.719189],[-55.566602,72.564355],[-55.016895,72.791113],[-56.214795,72.719189]]],[[[-54.919141,69.713623],[-53.578418,69.256641],[-51.900195,69.604785],[-52.731152,69.944727],[-54.371631,70.317285],[-54.919141,69.713623]]],[[[-47.272266,82.656934],[-44.864551,82.083643],[-44.91748,82.480518],[-47.272266,82.656934]]],[[[-46.788086,60.758398],[-46.266699,60.781396],[-46.205225,60.943506],[-46.788086,60.758398]]],[[[-28.035254,70.486816],[-26.604687,70.553369],[-26.217871,70.454053],[-25.432324,70.921338],[-27.617236,70.91377],[-28.035254,70.486816]]],[[[-19.138281,79.852344],[-17.6125,79.825879],[-17.98291,80.055176],[-19.138281,79.852344]]],[[[-18.856055,75.319141],[-18.670801,75.00166],[-17.391992,75.036914],[-18.000537,75.407324],[-18.856055,75.319141]]]]}},{"type":"Feature","properties":{"name":"法罗群岛","full_name":"法罗群岛（丹麦）","iso_a2":"FO","iso_a3":"FRO","iso_n3":"234","NAME_ZH":"法罗群岛","ADM0_A3":"FRO"},"geometry":{"type":"MultiPolygon","coordinates":[[[[-7.172168,62.285596],[-6.725195,61.951465],[-6.631055,62.227881],[-7.172168,62.285596]]]]}},{"type":"Feature","properties":{"name":"丹麦","full_name":"丹麦王国","iso_a2":"DK","iso_a3":"DNK","iso_n3":"208","NAME_ZH":"丹麦","ADM0_A3":"DNK"},"geometry":{"type":"MultiPolygon","coordinates":[[[[8.132129,55.599805],[8.615918,55.418213],[8.670313,54.903418],[9.739746,54.825537],[9.591113,55.493213],[10.926172,56.443262],[10.282715,56.620508],[10.609961,57.736914],[8.284082,56.852344],[8.468359,56.664551],[9.254883,57.011719],[8.67168,56.495654],[8.163965,56.606885],[8.132129,55.599805]]],[[[9.860645,55.515479],[9.98877,55.163184],[10.785254,55.133398],[10.645117,55.609814],[9.860645,55.515479]]],[[[10.978906,55.721533],[11.862305,54.772607],[12.56875,55.785059],[12.218945,56.118652],[11.819727,55.697656],[11.627734,55.956885],[10.978906,55.721533]]],[[[11.035547,54.773096],[11.765918,54.679443],[11.361426,54.89165],[11.035547,54.773096]]]]}},{"type":"Feature","properties":{"name":"捷克","full_name":"捷克共和国","iso_a2":"CZ","iso_a3":"CZE","iso_n3":"203","NAME_ZH":"捷克","ADM0_A3":"CZE"},"geometry":{"type":"MultiPolygon","coordinates":[[[[12.089844,50.301758],[12.681152,49.414502],[13.814746,48.766943],[14.691309,48.599219],[15.066797,48.997852],[16.953125,48.598828],[18.832227,49.510791],[18.562402,49.879346],[17.627051,50.116406],[17.702246,50.307178],[16.880078,50.427051],[16.63916,50.102148],[16.282227,50.655615],[14.99375,51.014355],[14.809375,50.858984],[14.319727,51.037793],[12.942676,50.406445],[12.089844,50.301758]]]]}},{"type":"Feature","properties":{"name":"北塞浦路斯","full_name":"北塞浦路斯土耳其共和国","iso_a2":"-99","iso_a3":"-99","iso_n3":"-99","NAME_ZH":"北塞浦路斯","ADM0_A3":"-99"},"geometry":{"type":"MultiPolygon","coordinates":[[[[32.712695,35.171045],[34.004492,35.065234],[33.941992,35.292041],[34.556055,35.662061],[32.712695,35.171045]]]]}},{"type":"Feature","properties":{"name":"塞浦路斯","full_name":"塞浦路斯共和国","iso_a2":"CY","iso_a3":"CYP","iso_n3":"196","NAME_ZH":"塞浦路斯","ADM0_A3":"CYP"},"geometry":{"type":"MultiPolygon","coordinates":[[[[32.317188,34.95332],[33.00791,34.56958],[34.004492,35.065234],[32.712695,35.171045],[32.317188,34.95332]]]]}},{"type":"Feature","properties":{"name":"古巴","full_name":"古巴共和国","iso_a2":"CU","iso_a3":"CUB","iso_n3":"192","NAME_ZH":"古巴","ADM0_A3":"CUB"},"geometry":{"type":"MultiPolygon","coordinates":[[[[-84.887207,21.856982],[-84.030957,21.943115],[-82.738037,22.689258],[-81.838818,22.672461],[-81.710352,22.49668],[-82.077734,22.387695],[-81.849414,22.213672],[-81.185498,22.267969],[-79.357422,21.585156],[-78.727686,21.592725],[-78.116357,20.761865],[-77.22959,20.64375],[-77.103809,20.40752],[-77.715088,19.855469],[-75.116406,19.901416],[-74.153711,20.168555],[-74.882568,20.650635],[-75.724561,20.714551],[-75.722949,21.111035],[-77.252881,21.483496],[-77.366162,21.612646],[-77.144141,21.643604],[-77.497266,21.871631],[-79.275684,22.407617],[-79.820264,22.887012],[-81.837451,23.163037],[-84.044922,22.666016],[-84.361279,22.378906],[-84.326367,22.074316],[-84.887207,21.856982]]],[[[-83.183789,21.593457],[-82.561768,21.57168],[-82.991211,21.942725],[-82.973584,21.592285],[-83.183789,21.593457]]]]}},{"type":"Feature","properties":{"name":"克罗地亚","full_name":"克罗地亚共和国","iso_a2":"HR","iso_a3":"HRV","iso_n3":"191","NAME_ZH":"克罗地亚","ADM0_A3":"HRV"},"geometry":{"type":"MultiPolygon","coordinates":[[[[13.57793,45.516895],[13.860742,44.837402],[14.550488,45.297705],[15.470996,44.271973],[15.18584,44.172119],[15.985547,43.519775],[16.903125,43.392432],[17.585156,42.938379],[15.736621,44.76582],[15.788086,45.178955],[16.293359,45.008838],[16.918652,45.276562],[19.007129,44.869189],[19.4,45.2125],[19.004688,45.399512],[18.905371,45.931738],[17.807129,45.79043],[16.516211,46.499902],[15.635938,46.200732],[15.339453,45.467041],[14.568848,45.657227],[13.57793,45.516895]]],[[[14.450391,45.079199],[14.810254,44.977051],[14.571094,45.224756],[14.450391,45.079199]]],[[[17.04541,43.014893],[18.51748,42.43291],[18.436328,42.559717],[17.667578,42.897119],[17.04541,43.014893]]]]}},{"type":"Feature","properties":{"name":"科特迪瓦","full_name":"科特迪瓦共和国","iso_a2":"CI","iso_a3":"CIV","iso_n3":"384","NAME_ZH":"科特迪瓦","ADM0_A3":"CIV"},"geometry":{"type":"MultiPolygon","coordinates":[[[[-8.603564,6.507812],[-7.454395,5.841309],[-7.544971,4.351318],[-5.061816,5.130664],[-5.282373,5.210254],[-3.347559,5.130664],[-3.199951,5.354492],[-3.019141,5.130811],[-2.75498,5.43252],[-3.235791,6.807227],[-2.505859,8.20874],[-2.69585,9.481348],[-3.223535,9.895459],[-4.62583,9.713574],[-5.523535,10.426025],[-6.196875,10.232129],[-6.261133,10.724072],[-6.65415,10.656445],[-7.01709,10.143262],[-7.497949,10.439795],[-7.990625,10.1625],[-8.136963,9.495703],[-7.896191,9.415869],[-7.950977,8.786816],[-7.681201,8.410352],[-8.236963,8.455664],[-8.009863,8.078516],[-8.231885,7.556738],[-8.486426,7.558496],[-8.302344,6.980957],[-8.603564,6.507812]]]]}},{"type":"Feature","properties":{"name":"哥斯达黎加","full_name":"哥斯达黎加共和国","iso_a2":"CR","iso_a3":"CRI","iso_n3":"188","NAME_ZH":"哥斯达黎加","ADM0_A3":"CRI"},"geometry":{"type":"MultiPolygon","coordinates":[[[[-85.908008,10.897559],[-85.667236,10.74502],[-85.849658,10.292041],[-85.681006,9.958594],[-85.114502,9.581787],[-84.886426,9.820947],[-85.263184,10.256641],[-85.025049,10.115723],[-84.581592,9.568359],[-83.637256,9.035352],[-83.604736,8.480322],[-83.291504,8.406006],[-83.469727,8.706836],[-83.285791,8.664355],[-82.879346,8.070654],[-83.027344,8.337744],[-82.727832,8.916064],[-82.939844,9.44917],[-82.563574,9.57666],[-83.641992,10.917236],[-83.919287,10.735352],[-84.63418,11.045605],[-85.744336,11.062109],[-85.908008,10.897559]]]]}},{"type":"Feature","properties":{"name":"刚果（金）","full_name":"刚果民主共和国","iso_a2":"CD","iso_a3":"COD","iso_n3":"180","NAME_ZH":"刚果（金）","ADM0_A3":"COD"},"geometry":{"type":"MultiPolygon","coordinates":[[[[12.213672,-5.758691],[12.45293,-6.000488],[13.068164,-5.864844],[16.431445,-5.900195],[17.57959,-8.099023],[19.34082,-7.966602],[19.527637,-7.144434],[19.875195,-6.986328],[20.590039,-6.919922],[20.607813,-7.277734],[21.781641,-7.314648],[21.813184,-9.46875],[22.274512,-10.259082],[22.226172,-11.121973],[23.966504,-10.871777],[24.365723,-11.129883],[24.37793,-11.41709],[25.28877,-11.212402],[25.349414,-11.623047],[26.025977,-11.890137],[26.824023,-11.965234],[27.15918,-11.579199],[27.573828,-12.227051],[28.412891,-12.518066],[29.014258,-13.368848],[29.554199,-13.248926],[29.775195,-13.438086],[29.795117,-12.155469],[29.485547,-12.418457],[29.064355,-12.348828],[28.383398,-11.566699],[28.645508,-10.550195],[28.400684,-9.224805],[28.898145,-8.485449],[30.751172,-8.193652],[30.212695,-7.037891],[29.54082,-6.313867],[29.403223,-4.449316],[29.014355,-2.720215],[28.876367,-2.400293],[29.576953,-1.387891],[29.942871,0.819238],[31.252734,2.04458],[30.728613,2.455371],[30.838574,3.490723],[29.676855,4.586914],[28.19209,4.350244],[27.40332,5.10918],[25.525098,5.312109],[25.065234,4.967432],[22.864551,4.723877],[22.422168,4.134961],[20.558105,4.462695],[19.500977,5.12749],[18.594141,4.34624],[18.610352,3.478418],[18.072168,2.013281],[17.752832,-0.549023],[16.879883,-1.225879],[16.215332,-2.177832],[15.990039,-3.766211],[14.70791,-4.881738],[14.410742,-4.83125],[14.358301,-4.299414],[13.71709,-4.454492],[13.414941,-4.837402],[13.072754,-4.634766],[12.451465,-5.071484],[12.503711,-5.695801],[12.213672,-5.758691]]]]}},{"type":"Feature","properties":{"name":"刚果（布）","full_name":"刚果共和国","iso_a2":"CG","iso_a3":"COG","iso_n3":"178","NAME_ZH":"刚果（布）","ADM0_A3":"COG"},"geometry":{"type":"MultiPolygon","coordinates":[[[[11.130176,-3.916309],[12.018359,-5.004297],[12.798242,-4.430566],[13.072754,-4.634766],[13.414941,-4.837402],[13.71709,-4.454492],[14.358301,-4.299414],[14.410742,-4.83125],[14.70791,-4.881738],[15.990039,-3.766211],[16.215332,-2.177832],[16.879883,-1.225879],[17.752832,-0.549023],[18.072168,2.013281],[18.610352,3.478418],[17.491602,3.687305],[16.610742,3.505371],[16.183398,2.270068],[16.059375,1.676221],[14.578906,2.199121],[13.293555,2.161572],[13.216309,1.248438],[14.180859,1.370215],[14.429883,0.901465],[13.949609,0.353809],[13.860059,-0.20332],[14.474121,-0.573438],[14.383984,-1.890039],[13.993848,-2.490625],[13.733789,-2.138477],[13.464941,-2.39541],[12.991992,-2.313379],[12.59043,-1.826855],[12.446387,-2.32998],[11.605469,-2.342578],[11.537793,-2.836719],[11.93418,-3.318555],[11.879883,-3.665918],[11.504297,-3.520312],[11.130176,-3.916309]]]]}},{"type":"Feature","properties":{"name":"科摩罗","full_name":"科摩罗联盟","iso_a2":"KM","iso_a3":"COM","iso_n3":"174","NAME_ZH":"科摩罗","ADM0_A3":"COM"},"geometry":{"type":"MultiPolygon","coordinates":[[[[43.22666,-11.751855],[43.46582,-11.90127],[43.299023,-11.374512],[43.22666,-11.751855]]],[[[44.220117,-12.171387],[44.50498,-12.356543],[44.476367,-12.081543],[44.220117,-12.171387]]]]}},{"type":"Feature","properties":{"name":"哥伦比亚","full_name":"哥伦比亚共和国","iso_a2":"CO","iso_a3":"COL","iso_n3":"170","NAME_ZH":"哥伦比亚","ADM0_A3":"COL"},"geometry":{"type":"MultiPolygon","coordinates":[[[[-79.025439,1.623682],[-78.859668,1.455371],[-77.702881,0.837842],[-77.396338,0.393896],[-76.494629,0.235449],[-76.270605,0.439404],[-75.284473,-0.106543],[-74.801758,-0.200098],[-74.246387,-0.970605],[-73.664307,-1.248828],[-72.941113,-2.394043],[-70.968555,-2.206836],[-70.09585,-2.658203],[-70.735107,-3.781543],[-70.339502,-3.814355],[-69.965918,-4.235938],[-69.400244,-1.194922],[-69.633984,-0.509277],[-70.070508,-0.138867],[-70.053906,0.578613],[-69.15332,0.658789],[-69.311816,1.050488],[-69.852148,1.059521],[-69.848584,1.70874],[-68.176562,1.719824],[-68.193799,1.987012],[-67.93623,1.748486],[-67.400439,2.116699],[-67.082275,1.1854],[-66.876025,1.223047],[-67.21084,2.390137],[-67.859082,2.793604],[-67.311133,3.415869],[-67.855273,4.506885],[-67.481982,6.180273],[-69.427148,6.123975],[-70.129199,6.953613],[-72.006641,7.032617],[-72.471973,7.524268],[-72.390332,8.287061],[-72.796387,9.108984],[-73.366211,9.194141],[-72.690088,10.83584],[-71.958105,11.666406],[-71.319727,11.861914],[-71.137305,12.046338],[-71.262109,12.335303],[-71.714551,12.419971],[-73.313379,11.295752],[-74.14292,11.32085],[-74.400879,10.765234],[-74.330225,10.99668],[-74.84458,11.109717],[-75.70835,10.143408],[-75.538574,10.205176],[-75.639355,9.450439],[-76.920459,8.57373],[-76.786572,7.931592],[-77.374219,8.658301],[-77.195996,7.972461],[-77.538281,7.56626],[-77.761914,7.698828],[-77.901172,7.229346],[-77.368799,6.575586],[-77.469434,6.176758],[-77.249268,5.780176],[-77.534424,5.537109],[-77.286328,4.721729],[-77.520703,4.212793],[-77.076807,3.913281],[-77.813574,2.716357],[-78.591699,2.356641],[-78.576904,1.773779],[-79.025439,1.623682]]]]}},{"type":"Feature","properties":{"name":"智利","full_name":"智利共和国","iso_a2":"CL","iso_a3":"CHL","iso_n3":"152","NAME_ZH":"智利","ADM0_A3":"CHL"},"geometry":{"type":"MultiPolygon","coordinates":[[[[-75.706396,-46.705273],[-75.430371,-46.93457],[-75.540332,-46.69873],[-74.98418,-46.512109],[-75.005957,-46.741113],[-74.313574,-46.788184],[-74.158398,-47.18252],[-74.482666,-47.430469],[-74.134082,-47.59082],[-74.654932,-47.702246],[-74.227051,-47.968945],[-73.715869,-47.655469],[-73.391064,-48.145898],[-74.584668,-47.999023],[-74.474414,-48.463965],[-74.009082,-48.475],[-74.341016,-48.595703],[-74.366553,-49.400488],[-73.934961,-49.020898],[-73.836377,-49.609375],[-74.29082,-49.604102],[-73.958594,-49.994727],[-74.62959,-50.194043],[-73.950342,-50.510547],[-74.185596,-50.485352],[-73.978027,-50.827051],[-73.654443,-50.492676],[-73.806543,-50.938379],[-74.139404,-50.817773],[-74.365576,-50.487891],[-74.644482,-50.360938],[-74.685742,-50.662012],[-75.094678,-50.68125],[-74.814746,-51.062891],[-73.939502,-51.266309],[-74.19668,-51.680566],[-73.518164,-52.041016],[-72.600049,-51.799121],[-73.16875,-51.453906],[-72.76123,-51.573242],[-72.489648,-51.763672],[-72.52334,-52.255469],[-72.677051,-52.384668],[-72.79502,-51.949512],[-73.834473,-52.233984],[-74.264941,-52.104883],[-74.014453,-52.639355],[-73.123926,-52.487988],[-73.645215,-52.837012],[-73.122461,-53.073926],[-72.712109,-52.535547],[-71.511279,-52.605371],[-72.727686,-52.762305],[-73.052734,-53.243457],[-72.548926,-53.460742],[-72.278027,-53.132324],[-71.227148,-52.810645],[-71.791455,-53.48457],[-71.941699,-53.234082],[-72.412891,-53.350195],[-71.297754,-53.883398],[-70.795117,-52.76875],[-69.241016,-52.205469],[-68.443359,-52.356641],[-69.960254,-52.008203],[-71.918652,-51.989551],[-72.407666,-51.54082],[-72.340234,-50.681836],[-73.15293,-50.738281],[-73.50127,-50.125293],[-73.554199,-49.463867],[-72.354736,-48.36582],[-72.51792,-47.876367],[-71.699658,-46.651367],[-71.746191,-45.578906],[-71.349316,-45.331934],[-72.063721,-44.771875],[-71.261133,-44.763086],[-71.159717,-44.560254],[-71.82002,-44.383105],[-71.750635,-43.237305],[-72.146436,-42.990039],[-72.108203,-42.251855],[-71.75,-42.046777],[-71.932129,-40.691699],[-71.401562,-38.935059],[-70.858643,-38.604492],[-71.192187,-36.843652],[-70.404785,-36.061719],[-70.555176,-35.246875],[-69.852441,-34.224316],[-69.819629,-33.283789],[-70.084863,-33.201758],[-70.51958,-31.148438],[-69.844287,-30.175],[-70.026807,-29.324023],[-69.656934,-28.413574],[-68.846338,-27.153711],[-68.318652,-26.973242],[-68.591602,-26.47041],[-68.384229,-25.091895],[-68.562012,-24.747363],[-67.356201,-24.033789],[-67.008789,-23.001367],[-67.194873,-22.82168],[-67.879443,-22.822949],[-68.197021,-21.300293],[-68.760547,-20.416211],[-68.462891,-19.432813],[-68.968311,-18.967969],[-69.093945,-18.050488],[-69.510938,-17.506055],[-69.8521,-17.703809],[-69.926367,-18.206055],[-70.418262,-18.345605],[-70.080029,-21.356836],[-70.593359,-23.255469],[-70.392334,-23.565918],[-70.445361,-25.172656],[-70.925781,-27.588672],[-71.519238,-28.926465],[-71.315723,-29.649707],[-71.708936,-30.628027],[-71.452246,-32.65957],[-72.223779,-35.096191],[-73.215967,-37.166895],[-73.662402,-37.341016],[-73.226465,-39.224414],[-73.965869,-41.118262],[-73.624023,-41.773633],[-72.318262,-41.499023],[-72.824072,-41.908789],[-72.499414,-41.980859],[-72.412354,-42.388184],[-72.773242,-42.257715],[-72.758008,-43.039453],[-73.224463,-43.897949],[-73.265088,-44.168652],[-72.663867,-44.436426],[-72.680078,-44.593945],[-73.444971,-45.238184],[-72.933838,-45.452344],[-73.730762,-45.47998],[-73.591846,-45.899121],[-73.845361,-46.566016],[-73.735254,-45.811719],[-73.967578,-46.154102],[-74.392969,-46.217383],[-74.019922,-46.055859],[-73.957178,-45.404395],[-74.157861,-45.767188],[-75.066699,-45.874902],[-74.924463,-46.159668],[-75.706396,-46.705273]]],[[[-75.641162,-49.19541],[-75.106689,-48.836523],[-75.583105,-48.858887],[-75.641162,-49.19541]]],[[[-75.549805,-49.791309],[-75.066016,-49.852344],[-74.723828,-49.423828],[-74.594727,-50.006641],[-74.476172,-49.147852],[-74.546094,-48.766895],[-74.89624,-48.733203],[-75.549805,-49.791309]]],[[[-75.510254,-48.763477],[-75.158496,-48.622656],[-75.391406,-48.019727],[-75.510254,-48.763477]]],[[[-75.449121,-50.343359],[-75.054785,-50.296094],[-74.875977,-50.109961],[-75.32666,-50.011816],[-75.449121,-50.343359]]],[[[-75.427637,-50.480566],[-75.302002,-50.67998],[-75.115332,-50.510449],[-75.427637,-50.480566]]],[[[-75.289111,-51.625391],[-74.558643,-51.277051],[-75.153662,-51.278809],[-75.289111,-51.625391]]],[[[-75.212891,-48.141699],[-74.923047,-48.626465],[-74.567285,-48.591992],[-74.895654,-47.839355],[-75.212891,-48.141699]]],[[[-75.105371,-51.788867],[-74.694482,-52.279199],[-74.822949,-51.630176],[-75.105371,-51.788867]]],[[[-74.689844,-45.662598],[-74.312891,-45.691504],[-74.310547,-45.172656],[-74.689844,-45.662598]]],[[[-74.617773,-44.647949],[-74.01626,-45.344922],[-73.728174,-45.195898],[-74.002051,-44.590918],[-73.735352,-44.394531],[-73.994922,-44.140234],[-74.617773,-44.647949]]],[[[-74.387354,-43.231641],[-73.773389,-43.345898],[-73.436328,-42.936523],[-73.789258,-42.585742],[-73.4229,-42.192871],[-73.527832,-41.896289],[-74.03667,-41.795508],[-74.387354,-43.231641]]],[[[-73.845459,-53.545801],[-73.210645,-53.98584],[-72.76377,-53.864844],[-72.870996,-54.126562],[-72.20542,-53.807422],[-72.923242,-53.481641],[-73.845459,-53.545801]]],[[[-73.39707,-44.774316],[-72.986133,-44.780078],[-72.776367,-44.508594],[-73.207715,-44.334961],[-73.39707,-44.774316]]],[[[-72.210449,-54.047754],[-71.948535,-54.300879],[-71.143262,-54.374023],[-71.021924,-54.111816],[-71.390479,-54.032812],[-71.996484,-53.884863],[-72.210449,-54.047754]]],[[[-71.927734,-54.528711],[-68.653223,-54.853613],[-68.629932,-52.652637],[-69.414062,-52.48623],[-69.935449,-52.821094],[-70.380127,-52.751953],[-70.329297,-53.377637],[-69.355957,-53.416309],[-70.151123,-53.888086],[-69.044336,-54.406738],[-69.253174,-54.557422],[-70.535303,-54.136133],[-70.531299,-53.627344],[-70.863086,-54.110449],[-70.310986,-54.528516],[-70.797266,-54.327246],[-71.927734,-54.528711]]],[[[-71.437207,-54.889258],[-70.297852,-55.11377],[-70.991602,-54.867969],[-71.437207,-54.889258]]],[[[-69.979785,-55.147461],[-69.411816,-55.444238],[-69.192627,-55.171875],[-68.04834,-55.643164],[-68.458008,-54.959668],[-69.702979,-54.919043],[-69.979785,-55.147461]]],[[[-68.301367,-54.980664],[-68.07002,-55.221094],[-67.079932,-55.153809],[-68.301367,-54.980664]]]]}},{"type":"Feature","properties":{"name":"乍得","full_name":"乍得共和国","iso_a2":"TD","iso_a3":"TCD","iso_n3":"148","NAME_ZH":"乍得","ADM0_A3":"TCD"},"geometry":{"type":"MultiPolygon","coordinates":[[[[13.448242,14.380664],[13.606348,13.70459],[14.063965,13.078516],[14.461719,13.021777],[14.84707,12.5021],[15.132227,10.648486],[15.654883,10.007812],[14.243262,9.979736],[13.977246,9.691553],[15.116211,8.557324],[15.549805,7.787891],[15.480078,7.523779],[15.957617,7.507568],[16.545313,7.865479],[16.784766,7.550977],[17.649414,7.983594],[18.56416,8.045898],[19.108691,8.656152],[18.95625,8.938867],[20.34209,9.1271],[21.682715,10.289844],[21.771484,10.642822],[22.493848,10.99624],[22.860059,10.919678],[22.922656,11.344873],[22.591113,11.579883],[22.352344,12.660449],[21.825293,12.790527],[22.228125,13.32959],[22.106445,13.799805],[22.538574,14.161865],[22.381543,14.550488],[22.932324,15.162109],[22.933887,15.533105],[23.970801,15.721533],[23.980273,19.496631],[20.147656,21.389258],[15.984082,23.445215],[14.979004,22.996191],[15.181836,21.523389],[15.963184,20.346191],[15.735059,19.904053],[15.474316,16.908398],[13.448242,14.380664]]]]}},{"type":"Feature","properties":{"name":"中非","full_name":"中非共和国","iso_a2":"CF","iso_a3":"CAF","iso_n3":"140","NAME_ZH":"中非","ADM0_A3":"CAF"},"geometry":{"type":"MultiPolygon","coordinates":[[[[14.431152,6.038721],[14.73125,4.602393],[15.063574,4.284863],[15.128711,3.826904],[16.063477,2.908594],[16.183398,2.270068],[16.610742,3.505371],[17.491602,3.687305],[18.610352,3.478418],[18.594141,4.34624],[19.500977,5.12749],[20.558105,4.462695],[22.422168,4.134961],[22.864551,4.723877],[25.065234,4.967432],[25.525098,5.312109],[27.40332,5.10918],[27.143945,5.722949],[26.514258,6.069238],[26.361816,6.635303],[25.278906,7.42749],[24.85332,8.137549],[24.291406,8.291406],[24.147363,8.665625],[23.537305,8.81582],[23.646289,9.8229],[22.860059,10.919678],[22.493848,10.99624],[21.771484,10.642822],[21.682715,10.289844],[20.34209,9.1271],[18.95625,8.938867],[19.108691,8.656152],[18.56416,8.045898],[17.649414,7.983594],[16.784766,7.550977],[16.545313,7.865479],[15.957617,7.507568],[15.480078,7.523779],[14.431152,6.038721]]]]}},{"type":"Feature","properties":{"name":"佛得角","full_name":"佛得角共和国","iso_a2":"CV","iso_a3":"CPV","iso_n3":"132","NAME_ZH":"佛得角","ADM0_A3":"CPV"},"geometry":{"type":"MultiPolygon","coordinates":[[[[-25.337109,17.091016],[-25.169824,16.946484],[-25.034668,17.176465],[-25.337109,17.091016]]],[[[-23.748096,15.328516],[-23.705371,14.961328],[-23.444238,15.007959],[-23.748096,15.328516]]],[[[-22.959277,16.045117],[-22.710107,16.043359],[-22.917725,16.237256],[-22.959277,16.045117]]]]}},{"type":"Feature","properties":{"name":"加拿大","full_name":"加拿大","iso_a2":"CA","iso_a3":"CAN","iso_n3":"124","NAME_ZH":"加拿大","ADM0_A3":"CAN"},"geometry":{"type":"MultiPolygon","coordinates":[[[[-141.002148,60.300244],[-139.079248,60.343701],[-139.185156,60.083594],[-137.438574,58.903125],[-135.475928,59.793262],[-133.401123,58.410889],[-131.824268,56.58999],[-130.097852,56.109277],[-130.025098,55.888232],[-130.048486,55.057275],[-129.795166,55.55957],[-129.560645,55.462549],[-130.430273,54.420996],[-129.626025,54.230273],[-130.335254,53.723926],[-129.563721,53.251465],[-128.959375,53.841455],[-128.532129,53.858105],[-128.675537,53.55459],[-127.927832,53.274707],[-128.905615,53.559326],[-128.85459,53.704541],[-129.171582,53.533594],[-128.365039,52.825781],[-128.053271,52.910693],[-128.271533,52.362988],[-127.940234,52.545166],[-128.357617,52.158887],[-128.102246,51.788428],[-127.791895,52.289355],[-126.951367,52.751025],[-127.193994,52.457666],[-126.713965,52.060693],[-127.437939,52.356152],[-127.795361,52.191016],[-127.850537,51.673193],[-127.668701,51.477588],[-127.338721,51.707373],[-126.691455,51.703418],[-127.419678,51.608057],[-127.708105,51.151172],[-127.057568,50.867529],[-126.517334,51.056836],[-126.514355,50.679395],[-125.904102,50.704932],[-126.447461,50.587744],[-126.094336,50.497607],[-125.058789,50.513867],[-124.859863,50.872412],[-125.056689,50.418652],[-124.782373,50.020117],[-124.141602,49.792676],[-123.880127,50.173633],[-123.874414,49.736816],[-123.582471,49.68125],[-124.028613,49.602881],[-123.530566,49.397314],[-123.1875,49.680322],[-123.276758,49.343945],[-122.879102,49.398926],[-123.196338,49.147705],[-122.78877,48.993018],[-114.585107,48.993066],[-106.483838,48.993115],[-97.529834,48.993164],[-95.162061,48.991748],[-95.155273,49.369678],[-94.620898,48.742627],[-92.99624,48.611816],[-91.518311,48.058301],[-90.916064,48.209131],[-89.455664,47.99624],[-88.378174,48.303076],[-84.875977,46.899902],[-84.561768,46.457373],[-84.149463,46.542773],[-83.977783,46.084912],[-83.615967,46.116846],[-83.592676,45.817139],[-82.551074,45.347363],[-82.137842,43.570898],[-82.545312,42.624707],[-83.149658,42.141943],[-82.690039,41.675195],[-79.036719,42.802344],[-79.171875,43.466553],[-78.72041,43.624951],[-76.819971,43.628809],[-76.151172,44.303955],[-74.708887,45.003857],[-73.973828,45.345117],[-74.315088,45.531055],[-73.476611,45.738232],[-72.981006,46.209717],[-71.87959,46.686816],[-71.267773,46.795947],[-70.705859,47.139795],[-69.994434,47.739893],[-69.865527,48.172266],[-71.018262,48.455615],[-69.673877,48.19917],[-68.281934,49.197168],[-67.372021,49.348438],[-66.495508,50.211865],[-62.71543,50.30166],[-61.724854,50.104053],[-59.886328,50.316406],[-58.510352,51.295068],[-56.975977,51.457666],[-55.695215,52.137793],[-56.011719,52.394482],[-55.746484,52.474561],[-56.324902,52.544531],[-55.802832,52.643164],[-55.797949,53.211963],[-56.46499,53.765039],[-57.331738,53.469092],[-57.416064,54.162744],[-58.19209,54.228174],[-57.935986,54.091162],[-60.329492,53.266113],[-60.100293,53.486963],[-60.39541,53.65332],[-58.633203,54.049561],[-57.404492,54.590869],[-57.962451,54.875732],[-58.780176,54.838379],[-59.25957,55.199951],[-59.837793,54.813965],[-59.437891,55.175928],[-59.758789,55.30957],[-60.617139,55.060205],[-60.341016,55.784668],[-61.449512,55.995703],[-61.364697,56.216016],[-61.713086,56.230957],[-61.425293,56.360645],[-62.497266,56.801709],[-61.371631,56.680811],[-61.33374,57.010596],[-62.495557,57.489209],[-61.967969,57.611914],[-61.958643,57.911768],[-62.48623,58.154053],[-63.261523,58.014697],[-62.593848,58.474023],[-63.537061,58.329932],[-62.873877,58.672461],[-63.248437,59.068311],[-63.971143,59.053809],[-63.415137,59.194385],[-63.945459,59.380176],[-64.283496,60.064062],[-64.768457,60.012109],[-64.499414,60.268262],[-64.817334,60.331055],[-65.028174,59.770703],[-65.433398,59.776514],[-65.038232,59.387891],[-65.475098,59.470312],[-65.383545,59.060205],[-66.043066,58.820654],[-66.002393,58.431201],[-66.362402,58.791162],[-67.678271,57.991113],[-68.021045,58.485303],[-68.413574,58.051758],[-69.04082,57.90249],[-68.356543,58.163232],[-68.381152,58.743506],[-68.698193,58.904541],[-70.154346,58.760596],[-69.531641,58.869238],[-69.344043,59.303076],[-69.681885,59.341748],[-69.733936,59.918018],[-70.654834,60.026221],[-69.67373,60.075879],[-69.50332,61.04043],[-69.992432,60.856494],[-71.422705,61.158936],[-71.638281,61.617188],[-72.215869,61.587256],[-72.686963,62.124561],[-73.705078,62.473145],[-74.632568,62.115674],[-77.372412,62.57251],[-78.133398,62.282275],[-77.514355,61.556299],[-78.181348,60.819141],[-77.589551,60.808594],[-77.349072,59.578955],[-77.726172,59.675879],[-78.515088,58.682373],[-76.809814,57.657959],[-76.604053,56.199561],[-77.775293,55.29126],[-79.712354,54.671826],[-78.996045,54.00249],[-78.448096,52.261377],[-78.981641,51.774561],[-78.903174,51.200293],[-79.338672,51.628174],[-79.737451,51.186279],[-79.3479,50.762646],[-80.103564,51.282861],[-80.851221,51.125],[-80.443311,51.388574],[-80.588037,51.667236],[-81.827881,52.224219],[-81.599414,52.432617],[-82.291553,53.030713],[-82.393262,55.067822],[-83.910596,55.314648],[-85.365283,55.079297],[-85.559326,55.540186],[-87.482422,56.021289],[-88.948486,56.851318],[-90.897461,57.256934],[-92.798145,56.921973],[-92.432812,57.320312],[-93.17876,58.725635],[-94.123193,58.736719],[-94.332227,58.297363],[-94.287061,58.716016],[-94.957324,59.068848],[-94.761719,60.498242],[-93.312012,61.767285],[-93.581787,61.942041],[-92.905518,62.215137],[-93.205371,62.364941],[-92.527979,62.168408],[-92.551416,62.546729],[-91.93584,62.592383],[-92.361279,62.819385],[-90.698584,63.063867],[-90.970068,63.442773],[-91.841846,63.697559],[-92.465088,63.555078],[-92.156885,63.691699],[-93.559814,63.865283],[-93.696338,64.147168],[-90.811914,63.580908],[-90.154736,63.689648],[-90.04165,64.140869],[-89.131543,63.968506],[-88.105615,64.183301],[-87.027539,65.198096],[-88.974023,65.348291],[-89.924072,65.780273],[-91.427246,65.9479],[-89.749414,65.936035],[-87.452881,65.338965],[-85.95874,66.119043],[-86.708154,66.523047],[-85.603857,66.568262],[-83.869043,66.213574],[-84.223047,66.682471],[-85.113721,66.906934],[-84.538477,66.972803],[-83.406445,66.37124],[-81.467578,67.069873],[-81.294336,67.497412],[-82.552686,68.446484],[-81.281543,68.657227],[-81.95791,68.883643],[-81.377832,69.185645],[-82.227539,69.248877],[-82.618359,69.691064],[-85.507373,69.845264],[-84.867578,68.77334],[-85.643164,68.699707],[-86.560791,67.482129],[-87.359375,67.177246],[-88.313818,67.950342],[-88.346973,68.288281],[-87.813574,68.345703],[-88.223535,68.915039],[-89.279541,69.255469],[-90.204785,68.257471],[-91.237207,69.285547],[-90.415576,69.456982],[-92.887793,69.668213],[-91.976709,70.038672],[-92.320508,70.235352],[-91.564062,70.178271],[-94.734863,71.982959],[-95.872314,71.573145],[-95.564258,71.336768],[-96.446582,71.239893],[-95.878613,70.548975],[-96.551367,70.210303],[-95.964941,69.802783],[-93.532275,69.480908],[-94.600439,68.803223],[-93.852441,69.000342],[-93.448926,68.618896],[-95.460693,68.021387],[-95.25874,67.262549],[-95.399658,66.949463],[-96.036865,66.9375],[-95.787549,66.616797],[-96.422559,67.051758],[-95.418896,67.013232],[-96.369141,67.509766],[-95.970312,68.249121],[-96.72207,68.03877],[-96.430664,68.310596],[-97.410352,68.496533],[-98.650488,68.363525],[-98.192529,67.922998],[-97.206543,67.855078],[-97.454932,67.616992],[-98.631543,68.072559],[-98.412109,67.807178],[-98.920459,67.725781],[-102.320361,67.735645],[-103.474121,68.115039],[-104.486816,68.063184],[-106.164453,68.919873],[-108.313477,68.610791],[-108.718115,68.297461],[-107.73418,68.17373],[-105.750195,68.592285],[-107.958398,67.818604],[-107.259473,66.398535],[-108.496045,67.092285],[-107.988721,67.256396],[-110.073926,67.99292],[-112.503027,67.681934],[-115.133203,67.819189],[-115.127051,68.132031],[-113.964404,68.399072],[-115.442285,68.940918],[-117.226953,68.913428],[-122.070068,69.816162],[-123.025781,69.81001],[-123.528418,69.389355],[-124.338086,69.364844],[-124.555029,70.151221],[-125.524951,69.351563],[-127.991016,70.573828],[-127.683789,70.260352],[-128.853027,69.751025],[-128.898926,69.966162],[-130.117627,69.720068],[-130.970654,69.209082],[-131.063428,69.450684],[-131.788379,69.431982],[-133.196826,68.739844],[-132.81748,69.205762],[-129.648291,69.997754],[-129.675635,70.192969],[-134.174316,69.252832],[-134.408936,69.681787],[-135.691455,69.311182],[-135.939014,68.97417],[-135.258838,68.684326],[-141.002148,69.650781],[-141.002148,60.300244]]],[[[-133.079492,53.837012],[-132.347266,53.189209],[-131.957422,53.308691],[-131.667627,54.141357],[-132.534668,53.651709],[-132.166113,53.955225],[-132.655518,54.12749],[-133.048389,54.158936],[-133.079492,53.837012]]],[[[-132.546777,53.1375],[-131.221533,52.153613],[-131.455225,52.701709],[-131.971777,52.879834],[-131.634668,52.922168],[-131.753711,53.195557],[-132.546777,53.1375]]],[[[-130.703174,53.892236],[-130.236279,53.958545],[-130.447998,54.089014],[-130.703174,53.892236]]],[[[-129.175928,52.964941],[-128.746338,52.763379],[-128.678955,52.289648],[-128.552441,52.939746],[-129.033252,53.279932],[-129.175928,52.964941]]],[[[-128.346045,50.744238],[-128.05835,50.498486],[-127.465918,50.583105],[-127.486523,50.404639],[-127.905859,50.445215],[-127.863916,50.127734],[-127.249805,50.137988],[-127.114307,49.879736],[-126.134082,49.672314],[-126.519141,49.396777],[-125.9354,49.401465],[-125.489453,48.933789],[-124.812646,49.212646],[-125.120703,48.760791],[-123.310645,48.411035],[-125.48208,50.316797],[-127.197314,50.640381],[-127.918066,50.860547],[-128.346045,50.744238]]],[[[-125.845312,71.978662],[-124.007764,71.677441],[-123.095654,71.093799],[-120.619336,71.505762],[-120.179883,72.212646],[-115.446875,73.438867],[-117.514844,74.231738],[-119.736328,74.112646],[-121.50415,74.545117],[-124.69624,74.348193],[-123.797266,73.768164],[-125.845312,71.978662]]],[[[-122.533057,75.950928],[-120.848389,76.182666],[-119.912891,75.858838],[-117.880811,76.805078],[-117.233594,76.281543],[-115.55127,77.363281],[-116.511328,77.547607],[-116.843555,77.339551],[-119.090186,77.305078],[-122.519385,76.353174],[-122.533057,75.950928]]],[[[-119.39458,75.617334],[-118.328125,75.579688],[-117.633691,76.115088],[-119.39458,75.617334]]],[[[-118.987695,71.764258],[-117.742334,71.659326],[-117.935645,71.39209],[-115.303418,71.493701],[-118.269092,71.034717],[-117.587061,70.629541],[-113.757275,70.690723],[-111.632568,70.308838],[-117.19541,70.054053],[-116.513477,69.424609],[-113.694141,69.19502],[-113.127734,68.494141],[-109.472119,68.676709],[-107.439893,69.002148],[-106.659082,69.4396],[-104.571436,68.872119],[-101.857129,69.023975],[-102.045947,69.464844],[-103.120215,69.20459],[-103.464893,69.644482],[-102.621094,69.551514],[-102.182129,69.845947],[-100.982373,69.679883],[-101.042676,70.110791],[-103.58457,70.630859],[-104.514795,71.064258],[-105.415137,72.78833],[-106.482129,73.196191],[-108.029053,73.34873],[-108.237402,73.149902],[-107.306006,71.894678],[-107.812842,71.626172],[-110.008447,72.983643],[-110.66084,73.008203],[-110.205127,72.661279],[-111.675098,72.300146],[-111.269727,72.713721],[-112.753613,72.986035],[-114.521533,72.59292],[-114.051709,73.070996],[-114.638232,73.372656],[-118.133105,72.632812],[-118.987695,71.764258]]],[[[-117.565234,75.23335],[-115.728857,74.968115],[-114.451758,75.087891],[-114.016504,75.434277],[-113.711768,75.068604],[-111.093457,75.256299],[-114.312695,74.715088],[-112.519336,74.416846],[-108.831299,75.064893],[-107.153418,74.927148],[-106.092627,75.089453],[-105.632666,75.945361],[-106.677002,76.02373],[-106.913525,75.679639],[-108.292383,76.057129],[-109.098242,76.811865],[-110.314453,76.369385],[-108.947168,75.541797],[-111.052686,75.548535],[-112.697607,76.201709],[-114.998486,76.497461],[-115.822168,76.27002],[-114.778613,76.172607],[-116.209863,76.194434],[-116.664551,75.957568],[-114.991504,75.896338],[-117.163623,75.644873],[-115.141846,75.678516],[-117.565234,75.23335]]],[[[-114.98042,77.91543],[-113.832471,77.754639],[-114.330371,78.077539],[-114.98042,77.91543]]],[[[-113.223047,78.2979],[-109.484473,78.316406],[-109.815967,78.650391],[-110.877588,78.735059],[-113.223047,78.2979]]],[[[-113.215186,77.903516],[-112.372656,77.364111],[-110.198486,77.524512],[-110.865625,77.834131],[-109.622266,78.074756],[-110.458057,78.103223],[-113.215186,77.903516]]],[[[-106.921533,73.479834],[-105.288916,72.919922],[-104.5875,73.578076],[-106.613965,73.695605],[-106.921533,73.479834]]],[[[-105.514551,79.24248],[-104.895508,78.808154],[-104.151953,78.989893],[-103.371582,78.736328],[-104.763574,78.35166],[-102.731348,78.371045],[-100.274658,77.832715],[-99.166406,77.856934],[-99.609424,78.583057],[-101.703662,79.078906],[-102.576172,78.879395],[-103.426025,79.315625],[-105.514551,79.24248]]],[[[-104.887402,75.147754],[-104.119922,75.036328],[-104.346191,75.429932],[-104.887402,75.147754]]],[[[-104.35752,76.334619],[-103.311377,76.347559],[-104.022852,76.583105],[-104.35752,76.334619]]],[[[-104.350635,76.182324],[-103.314746,75.764209],[-102.227344,76.014893],[-102.728027,76.307031],[-104.350635,76.182324]]],[[[-102.70874,72.764502],[-98.662891,71.3021],[-98.322705,71.852344],[-97.582275,71.629688],[-96.613428,71.833838],[-96.445605,72.552441],[-97.636328,73.027637],[-98.421777,72.941016],[-97.170508,73.824854],[-99.157959,73.731592],[-100.001904,73.945898],[-100.962988,73.791406],[-100.52168,73.449316],[-101.523193,73.486377],[-99.825146,73.213867],[-100.536377,73.197852],[-100.128125,72.906689],[-101.273193,72.72168],[-102.204004,73.077295],[-102.70874,72.764502]]],[[[-102.587402,75.513672],[-99.19458,75.698389],[-100.711914,75.406348],[-100.234375,75.007715],[-97.674316,75.127295],[-97.700928,76.466504],[-98.71084,76.693848],[-98.890332,76.465576],[-100.829736,76.523877],[-99.541064,76.146289],[-99.865479,75.924219],[-101.415186,76.424902],[-102.104688,76.331201],[-100.972803,75.798438],[-102.144727,75.875049],[-102.587402,75.513672]]],[[[-102.447705,77.880615],[-101.693555,77.696582],[-101.193213,77.829785],[-102.447705,77.880615]]],[[[-100.053271,80.093359],[-98.945215,79.724072],[-98.791602,79.981104],[-100.053271,80.093359]]],[[[-99.494678,68.95957],[-96.401562,68.470703],[-95.267773,68.826074],[-97.439453,69.642676],[-98.200488,69.796973],[-98.041357,69.456641],[-98.545996,69.5729],[-99.494678,68.95957]]],[[[-99.416992,73.89541],[-98.270361,73.868506],[-97.698242,74.108691],[-99.416992,73.89541]]],[[[-98.332617,78.773535],[-96.989648,77.806006],[-94.934277,78.075635],[-94.915381,78.390527],[-96.204492,78.531299],[-98.332617,78.773535]]],[[[-96.915137,75.379688],[-96.078564,75.510107],[-96.367822,75.654639],[-96.915137,75.379688]]],[[[-96.880713,76.73833],[-95.273877,76.264404],[-93.091748,76.354004],[-91.549121,74.655566],[-90.880225,74.817773],[-89.558691,74.554736],[-88.534961,74.831738],[-88.423047,74.494141],[-84.425537,74.508105],[-83.531885,74.585693],[-83.52207,74.901465],[-82.735791,74.530273],[-80.262744,74.584473],[-80.347754,74.902979],[-79.401416,74.917627],[-80.381982,75.03418],[-79.509082,75.259814],[-80.321973,75.629102],[-83.931982,75.818945],[-85.951465,75.39502],[-88.644971,75.658447],[-88.916699,75.453955],[-91.407324,76.220068],[-89.284521,76.301611],[-91.415088,76.455859],[-90.542627,76.495752],[-91.305029,76.680762],[-93.53457,76.447705],[-93.230029,76.770264],[-94.294971,76.912451],[-95.849512,77.066211],[-96.880713,76.73833]]],[[[-96.773242,80.135791],[-96.589062,79.91665],[-95.739355,79.660156],[-94.401855,79.736328],[-95.662891,79.527344],[-95.103174,79.289893],[-91.299902,79.372705],[-94.1146,78.928906],[-91.866895,78.542676],[-92.35127,78.312891],[-89.525684,78.159619],[-90.037109,78.606836],[-88.822412,78.185889],[-88.040186,78.995312],[-87.617383,78.676318],[-85.042139,79.28457],[-85.647852,79.611426],[-87.295166,79.580176],[-87.675,80.372119],[-88.857324,80.166211],[-91.885547,81.132861],[-94.220117,81.330762],[-93.286719,81.100293],[-95.514746,80.838135],[-93.92793,80.55918],[-95.926953,80.720654],[-96.394092,80.315039],[-94.262598,80.194873],[-96.773242,80.135791]]],[[[-96.599609,75.031787],[-94.534521,74.636719],[-93.573096,74.668848],[-93.542578,75.02793],[-94.878174,75.630029],[-96.599609,75.031787]]],[[[-95.987061,77.484131],[-93.543945,77.46665],[-93.300977,77.739795],[-95.484375,77.791992],[-95.987061,77.484131]]],[[[-95.63291,73.695459],[-95.007861,72.012793],[-94.037549,72.02876],[-93.555176,72.421143],[-94.211328,72.756934],[-92.11792,72.753809],[-90.381396,73.824756],[-93.17085,74.160986],[-94.973535,74.041406],[-94.697607,73.663574],[-95.63291,73.695459]]],[[[-91.647559,81.683838],[-89.82168,81.634863],[-90.416309,81.405371],[-87.597021,81.52583],[-89.673682,81.328613],[-89.623047,81.032471],[-84.941211,81.28623],[-89.166895,80.941309],[-88.003662,80.675391],[-83.288818,81.147949],[-86.250342,80.565771],[-81.007031,80.654883],[-76.885107,81.430273],[-78.716211,80.95166],[-76.862988,80.864795],[-82.987012,80.322607],[-80.475928,79.60625],[-83.723633,80.228955],[-86.498535,80.258252],[-86.420752,79.845215],[-83.575879,79.053662],[-84.412012,78.996582],[-81.750098,78.975781],[-83.271436,78.770312],[-86.80791,78.774365],[-87.551758,78.176611],[-85.920068,78.342871],[-85.585938,78.10957],[-84.783203,78.527588],[-84.222705,78.176025],[-85.547559,77.927686],[-85.289355,77.559033],[-83.779395,77.532617],[-82.710352,77.849512],[-83.721289,77.414209],[-84.738672,77.361035],[-86.755078,77.863721],[-88.016992,77.784717],[-86.812256,77.184912],[-89.499756,76.826807],[-89.369629,76.474463],[-88.545801,76.420898],[-88.49585,76.772852],[-88.395996,76.405273],[-87.497559,76.386279],[-87.489795,76.58584],[-86.680225,76.376611],[-86.453711,76.584863],[-85.14126,76.30459],[-84.275342,76.356543],[-84.223779,76.675342],[-83.885693,76.453125],[-82.233154,76.46582],[-82.529834,76.723291],[-80.799707,76.173584],[-78.284326,76.57124],[-78.288867,76.977979],[-82.056787,77.296533],[-81.659082,77.525439],[-78.708496,77.342139],[-78.012598,77.946045],[-75.865967,78.009814],[-75.193457,78.327734],[-76.416113,78.511523],[-74.486328,78.750098],[-78.581641,79.075],[-74.640918,79.035547],[-76.898828,79.512305],[-73.361523,79.504004],[-74.394482,79.874072],[-71.387842,79.761768],[-70.568408,80.093701],[-72.055957,80.123242],[-70.264893,80.233594],[-70.712598,80.5396],[-69.550684,80.383252],[-64.780078,81.492871],[-68.688525,81.293311],[-61.615381,82.184424],[-63.641016,82.812598],[-68.469336,82.653369],[-66.422559,82.926855],[-69.488867,83.016797],[-72.81167,83.081201],[-72.658691,82.721631],[-74.41416,83.013135],[-77.124902,83.008545],[-76.009375,82.535156],[-77.618066,82.89585],[-80.154932,82.911133],[-78.748779,82.679395],[-81.010156,82.779053],[-82.447559,82.39502],[-79.465625,81.851123],[-84.896826,82.449414],[-86.615625,82.218555],[-85.044824,81.982812],[-88.063184,82.096484],[-91.647559,81.683838]]],[[[-91.019043,77.643896],[-90.993213,77.329492],[-89.833252,77.267627],[-91.019043,77.643896]]],[[[-89.861523,72.411914],[-89.805371,71.462305],[-87.140088,71.011621],[-89.455908,71.061719],[-88.782715,70.494482],[-87.838135,70.246582],[-86.396875,70.465332],[-85.780029,70.03667],[-81.564697,69.942725],[-80.921729,69.730908],[-81.651953,70.094629],[-78.889648,69.97749],[-79.066406,70.603564],[-75.647754,69.212549],[-76.557227,69.009473],[-76.585059,68.69873],[-74.716699,69.045508],[-74.892969,68.808154],[-74.270117,68.541211],[-73.822119,68.685986],[-72.22002,67.254297],[-74.416406,66.16709],[-73.550781,65.485254],[-75.798682,65.29751],[-75.4521,64.841602],[-75.82832,65.227051],[-77.326709,65.453125],[-78.095605,64.939258],[-78.045215,64.499268],[-76.856152,64.237646],[-74.694727,64.496582],[-74.681396,64.830664],[-74.064795,64.424658],[-73.271289,64.58252],[-72.498438,63.823486],[-71.380859,63.580322],[-71.992236,63.416162],[-71.347266,63.066113],[-69.604736,62.767725],[-68.535889,62.255615],[-66.123877,61.893066],[-65.980176,62.208887],[-68.911084,63.703223],[-67.722559,63.422754],[-67.893262,63.73374],[-66.697461,63.069531],[-66.65498,63.264746],[-65.108496,62.626465],[-65.162793,62.932617],[-64.672363,62.921973],[-65.191846,63.764258],[-64.664648,63.245361],[-64.410937,63.706348],[-65.580322,64.293848],[-65.074609,64.43667],[-65.529346,64.504785],[-65.274805,64.631543],[-66.635498,65.000342],[-66.697412,64.815186],[-67.117969,65.440381],[-67.936768,65.564893],[-68.748926,66.200049],[-67.350439,65.929736],[-67.883398,66.467432],[-67.225391,66.310254],[-66.986328,66.62749],[-66.063721,66.132715],[-65.656348,66.204736],[-65.825732,65.996924],[-64.445361,66.317139],[-65.401611,65.764014],[-64.555078,65.116602],[-64.269678,65.400781],[-63.606592,64.928076],[-63.45874,65.853027],[-62.658887,65.639941],[-62.624121,66.01626],[-61.991602,66.035303],[-62.553125,66.406836],[-61.570801,66.3729],[-62.12334,66.643066],[-61.353418,66.689209],[-62.123584,67.046729],[-63.701562,66.822363],[-63.040137,67.23501],[-64.699951,67.350537],[-63.850195,67.566064],[-65.021094,67.787549],[-64.922314,68.031641],[-65.40127,67.674854],[-65.942383,68.070947],[-66.443945,67.833838],[-66.212402,68.28042],[-66.923096,68.065723],[-66.742725,68.457764],[-69.319092,68.856982],[-67.883203,68.783984],[-67.832617,69.065967],[-69.040625,69.097998],[-68.406299,69.232227],[-66.707422,69.168213],[-67.236963,69.460107],[-69.250781,69.511914],[-67.221631,69.730713],[-67.363672,70.034424],[-68.059082,70.317236],[-68.744043,69.941406],[-68.778223,70.203564],[-70.057715,70.042627],[-68.363525,70.48125],[-69.949805,70.84502],[-71.429443,70.127783],[-71.275879,70.500293],[-71.890186,70.431543],[-70.672656,71.052197],[-72.632715,70.830762],[-71.229395,71.33877],[-72.901953,71.677783],[-73.180615,71.282861],[-73.712842,71.587598],[-74.197266,71.40415],[-73.814062,71.771436],[-74.996191,71.218115],[-74.700781,71.675586],[-75.204785,71.709131],[-74.209326,71.978662],[-74.903174,72.100488],[-75.922803,71.717236],[-75.052686,72.226367],[-75.704297,72.571533],[-77.753223,72.724756],[-78.484277,72.470605],[-77.516504,72.177783],[-78.699268,72.351416],[-78.585107,71.880615],[-79.831299,72.446289],[-80.925146,71.907666],[-80.611475,72.45083],[-81.229346,72.311719],[-80.277246,72.770166],[-81.946143,73.729834],[-85.454736,73.105469],[-84.256641,72.796729],[-85.262109,72.954004],[-85.649902,72.722168],[-84.28374,72.044482],[-85.321875,72.233154],[-85.911621,71.986523],[-84.699414,71.631445],[-84.82373,71.028613],[-86.589355,71.010791],[-85.023389,71.353223],[-86.218457,71.899121],[-86.656299,72.724023],[-84.946777,73.721631],[-85.950781,73.850146],[-88.705176,73.403271],[-89.861523,72.411914]]],[[[-87.151904,63.585645],[-85.768945,63.700342],[-85.392627,63.119678],[-83.303955,64.143799],[-81.046387,63.461572],[-80.302051,63.762207],[-80.828955,64.089941],[-81.887109,64.016406],[-82.05,64.644287],[-84.501123,65.458447],[-84.919629,65.261084],[-85.554688,65.918652],[-86.2521,64.136865],[-87.151904,63.585645]]],[[[-84.407178,66.131006],[-84.118262,65.771777],[-83.332422,65.631055],[-83.725977,65.796729],[-84.407178,66.131006]]],[[[-83.910498,62.45415],[-83.698877,62.160254],[-82.568262,62.403223],[-82.000488,62.954199],[-83.376416,62.904932],[-83.910498,62.45415]]],[[[-82.039258,53.049902],[-80.731689,52.747266],[-81.135596,53.205811],[-82.039258,53.049902]]],[[[-80.848877,73.72124],[-79.820703,72.826318],[-76.183398,72.843066],[-77.206543,73.499561],[-79.537305,73.654492],[-80.848877,73.72124]]],[[[-80.794775,69.689258],[-79.977832,69.509668],[-79.430664,69.787793],[-80.794775,69.689258]]],[[[-80.260059,62.109033],[-79.816113,61.594629],[-79.323926,62.026074],[-79.545312,62.411719],[-80.260059,62.109033]]],[[[-79.9875,55.892139],[-79.544727,56.128369],[-79.764746,55.806787],[-79.495117,55.874756],[-79.182129,56.212158],[-79.175488,55.885059],[-78.935596,56.266064],[-79.272412,56.600439],[-79.536328,56.180078],[-79.458887,56.539746],[-79.9875,55.892139]]],[[[-79.64375,52.010059],[-79.384277,51.951953],[-79.271289,52.086816],[-79.64375,52.010059]]],[[[-79.63877,75.84292],[-79.063086,75.925879],[-79.009326,76.145898],[-79.63877,75.84292]]],[[[-78.536768,63.42373],[-77.942432,63.114404],[-77.532715,63.233643],[-77.876709,63.470557],[-78.536768,63.42373]]],[[[-77.187549,69.440088],[-76.995361,69.14375],[-76.668848,69.366162],[-77.187549,69.440088]]],[[[-77.125879,67.94707],[-76.944189,67.250293],[-75.201953,67.45918],[-75.078125,68.173145],[-75.675879,68.32251],[-76.595801,68.278955],[-77.125879,67.94707]]],[[[-74.708887,45.003857],[-71.517529,45.007568],[-71.327295,45.290088],[-70.865039,45.270703],[-69.242871,47.462988],[-68.937207,47.21123],[-68.235498,47.345947],[-67.806787,47.082812],[-67.802246,45.727539],[-67.124854,45.169434],[-66.439844,45.095898],[-66.026562,45.417578],[-65.884473,45.2229],[-64.778516,45.638428],[-64.632715,45.946631],[-64.314648,45.835693],[-64.873145,45.35459],[-63.368018,45.364795],[-64.135498,45.023047],[-64.448145,45.337451],[-66.090625,44.504932],[-65.868018,44.568799],[-66.125732,43.813818],[-65.481689,43.518066],[-64.286084,44.550342],[-63.609766,44.47998],[-63.604004,44.683203],[-61.031543,45.291748],[-61.955518,45.868164],[-62.750098,45.648242],[-64.541504,46.240332],[-64.831396,47.060791],[-65.318896,47.101221],[-64.703223,47.724854],[-65.607227,47.67002],[-66.704395,48.022461],[-65.926709,48.188867],[-65.259424,48.02124],[-64.348828,48.423193],[-64.513721,48.841113],[-64.216211,48.873633],[-64.836328,49.191748],[-66.178174,49.213135],[-68.238184,48.626416],[-70.519482,47.03252],[-71.261182,46.75625],[-72.109277,46.551221],[-73.15957,46.010059],[-73.558105,45.425098],[-74.708887,45.003857]]],[[[-74.706543,68.06709],[-74.573389,67.828662],[-73.621729,67.783838],[-73.49375,68.000635],[-74.706543,68.06709]]],[[[-73.960547,45.441406],[-73.566504,45.469092],[-73.476074,45.704736],[-73.960547,45.441406]]],[[[-68.233789,60.240918],[-67.818848,60.449512],[-68.087598,60.587842],[-68.233789,60.240918]]],[[[-65.432129,61.649512],[-64.832617,61.366064],[-64.789648,61.662207],[-65.432129,61.649512]]],[[[-64.485205,49.886963],[-63.041504,49.224951],[-61.801123,49.093896],[-62.858545,49.705469],[-64.485205,49.886963]]],[[[-64.388037,46.640869],[-63.641016,46.230469],[-62.978467,46.316357],[-63.02207,46.066602],[-62.531348,45.977295],[-62.02373,46.421582],[-63.811279,46.468701],[-63.993555,47.061572],[-64.388037,46.640869]]],[[[-61.449805,45.716211],[-60.672949,45.59082],[-59.842188,45.941553],[-60.297949,46.31123],[-60.737891,45.751416],[-61.059033,45.703369],[-60.865234,45.983496],[-61.105176,45.944727],[-60.494531,46.270264],[-60.408203,47.003516],[-61.408643,46.170361],[-61.449805,45.716211]]],[[[-59.320654,47.736914],[-59.116943,47.570703],[-58.336865,47.730859],[-56.774121,47.56499],[-55.85791,47.819189],[-56.127246,47.502832],[-55.576123,47.465234],[-54.784619,47.664746],[-55.919238,47.016895],[-55.788525,46.867236],[-54.488135,47.403857],[-54.191846,47.859814],[-53.849512,47.440332],[-54.17373,46.880371],[-53.597363,47.145996],[-53.589795,46.638867],[-53.114844,46.655811],[-52.653662,47.549414],[-52.782422,47.769434],[-53.169824,47.512109],[-52.866016,48.112988],[-53.672363,47.648242],[-53.86958,48.019678],[-53.027588,48.634717],[-54.114453,48.393604],[-53.706348,48.655518],[-54.161279,48.787695],[-53.619434,49.321631],[-54.448242,49.329443],[-54.502197,49.527344],[-55.353174,49.079443],[-55.229541,49.508154],[-56.087305,49.451953],[-55.869824,49.670166],[-56.140186,49.619141],[-55.50293,49.983154],[-56.161279,49.940137],[-56.179395,50.11499],[-56.822168,49.613477],[-55.8,51.033301],[-56.031104,51.328369],[-55.45874,51.536523],[-56.025586,51.568359],[-57.035937,51.01084],[-57.791309,49.48999],[-58.213379,49.38667],[-57.990527,48.987939],[-58.403662,49.084326],[-58.716455,48.598047],[-58.841797,48.746436],[-59.167676,48.558496],[-58.330225,48.522119],[-59.320654,47.736914]]]]}},{"type":"Feature","properties":{"name":"喀麦隆","full_name":"喀麦隆共和国","iso_a2":"CM","iso_a3":"CMR","iso_n3":"120","NAME_ZH":"喀麦隆","ADM0_A3":"CMR"},"geometry":{"type":"MultiPolygon","coordinates":[[[[8.555859,4.755225],[8.574414,4.526221],[8.918262,4.55376],[9.000098,4.091602],[9.688867,4.056396],[9.556152,3.798047],[9.948438,3.079053],[9.800781,2.304443],[11.328711,2.167432],[13.293555,2.161572],[14.578906,2.199121],[16.059375,1.676221],[16.183398,2.270068],[16.063477,2.908594],[15.128711,3.826904],[15.063574,4.284863],[14.73125,4.602393],[14.431152,6.038721],[15.480078,7.523779],[15.549805,7.787891],[15.116211,8.557324],[13.977246,9.691553],[14.243262,9.979736],[15.654883,10.007812],[15.132227,10.648486],[14.84707,12.5021],[14.461719,13.021777],[14.063965,13.078516],[14.197461,12.383789],[14.619727,12.150977],[14.575391,11.532422],[13.699902,10.873145],[12.782227,8.817871],[12.233398,8.282324],[11.861426,7.116406],[11.237305,6.450537],[10.60625,7.063086],[9.779883,6.760156],[8.997168,5.917725],[8.555859,4.755225]]]]}},{"type":"Feature","properties":{"name":"柬埔寨","full_name":"柬埔寨王国","iso_a2":"KH","iso_a3":"KHM","iso_n3":"116","NAME_ZH":"柬埔寨","ADM0_A3":"KHM"},"geometry":{"type":"MultiPolygon","coordinates":[[[[102.336328,13.560303],[102.933887,11.706689],[103.152832,10.913721],[103.532422,11.14668],[103.721875,10.890137],[103.587109,10.552197],[104.426367,10.41123],[104.850586,10.534473],[105.045703,10.911377],[105.755078,10.98999],[106.163965,10.794922],[105.851465,11.63501],[106.399219,11.687012],[106.413867,11.948438],[107.506445,12.364551],[107.605469,13.437793],[107.331445,14.126611],[107.519434,14.705078],[106.938086,14.327344],[106.501465,14.578223],[105.978906,14.343018],[106.066797,13.921191],[105.183301,14.34624],[103.199414,14.332617],[102.336328,13.560303]]]]}},{"type":"Feature","properties":{"name":"缅甸","full_name":"缅甸联邦共和国","iso_a2":"MM","iso_a3":"MMR","iso_n3":"104","NAME_ZH":"缅甸","ADM0_A3":"MMR"},"geometry":{"type":"MultiPolygon","coordinates":[[[[92.17959,21.293115],[92.324121,20.791846],[92.722852,20.295605],[92.735645,20.562695],[92.82832,20.177588],[93.066797,20.377637],[93.129492,19.858008],[93.25,20.070117],[93.707031,19.912158],[93.998145,19.440869],[93.824902,19.238477],[93.493066,19.369482],[93.929199,18.899658],[94.044922,19.287402],[94.588965,17.569336],[94.223828,16.016455],[94.70332,16.511914],[94.661523,15.904395],[94.893164,16.182812],[94.942578,15.818262],[95.176953,15.825684],[95.346777,16.097607],[95.389551,15.722754],[96.324316,16.444434],[96.189063,16.768311],[96.431152,16.504932],[96.76543,16.710352],[96.851465,17.401025],[97.375879,16.522949],[97.725977,16.568555],[97.584277,16.01958],[97.812305,14.858936],[98.110645,13.712891],[98.200391,13.980176],[98.575977,13.161914],[98.636328,11.738379],[98.875977,11.719727],[98.464941,10.67583],[98.562598,10.034961],[98.702539,10.190381],[98.757227,10.660937],[99.614746,11.781201],[99.123926,13.030762],[99.136816,13.716699],[98.202148,14.975928],[98.888281,16.351904],[98.660742,16.33042],[97.373926,18.517969],[97.745898,18.588184],[98.015039,19.749512],[98.916699,19.7729],[99.074219,20.099365],[99.485938,20.149854],[99.458887,20.363037],[100.122461,20.31665],[100.249316,20.730273],[100.622949,20.85957],[100.703125,21.251367],[101.138867,21.56748],[101.079785,21.755859],[101.06449933770496,21.751343777812966],[101.015132,21.707157],[100.937524,21.693812],[100.936292,21.694368],[100.899335,21.684915],[100.896872,21.68269],[100.870386,21.67268],[100.847597,21.634856],[100.804481,21.609821],[100.789082,21.570867],[100.753358,21.555283],[100.730568,21.518542],[100.691764,21.510748],[100.579047,21.451717],[100.526692,21.471211],[100.48296,21.458958],[100.437381,21.533017],[100.349302,21.528564],[100.298795,21.477894],[100.235353,21.466756],[100.21302497458012,21.499827300354205],[100.17099039709277,21.48741073290491],[100.168831,21.482906],[100.16432717540484,21.485442488034536],[100.147656,21.480518],[100.13978063019088,21.49926674271162],[100.131259,21.504066],[100.12831849287227,21.52655443442906],[100.063703954529,21.68038103358457],[100.049339,21.669899],[99.991441,21.703821],[99.944014,21.821097],[99.960028,21.907186],[99.96685523893825,21.910946923767963],[99.917676,22.028027],[99.8702690955624,22.03443442574539],[99.870101,22.029288],[99.84734353287236,22.037533000570097],[99.39022562293712,22.099316175395447],[99.35456,22.095845],[99.294814,22.109152],[99.219669,22.110816],[99.20144142792707,22.124831882986562],[99.192969,22.125977],[99.19453864266241,22.130139700734514],[99.156227,22.159599],[99.188256,22.162924],[99.175321,22.185647],[99.207966,22.232188],[99.235683,22.250468],[99.233836,22.296434],[99.27445048818572,22.342066342398393],[99.27689465317646,22.348548281024218],[99.251698,22.393301],[99.297277,22.41156],[99.30258060273991,22.416667556624517],[99.37416585798105,22.60651203633289],[99.339777,22.708894],[99.31514,22.737598],[99.326842,22.751396],[99.385357,22.761882],[99.401371,22.826434],[99.462965,22.844635],[99.43648,22.913557],[99.446951,22.934503],[99.49054107533362,22.915139735079276],[99.507129,22.959131],[99.13871268689871,23.092058510680484],[99.106336,23.086536],[99.048438,23.11461],[99.05017126126646,23.12400495518595],[98.86377,23.19126],[98.70846647693836,23.784047897166047],[98.696121,23.784429],[98.669019,23.800857],[98.69665546707905,23.82913009208269],[98.676758,23.905078],[98.69575834183716,23.931017323664758],[98.701048,23.946427],[98.673331,23.960647],[98.701048,23.981427],[98.72533675275845,23.97139785897049],[98.835059,24.121191],[98.59675606713427,24.08177307334442],[98.593875,24.08036],[98.59308956426891,24.08116659343546],[97.82731892898306,23.954499706151683],[97.8104,23.943146],[97.79910423228186,23.949832684928726],[97.79347854464702,23.948902134305992],[97.763588,23.907041],[97.72848,23.895551],[97.718009,23.867643],[97.684132,23.876946],[97.647176,23.840823],[97.640401,23.866001],[97.618227,23.888438],[97.56499489195069,23.91110842461188],[97.564551,23.911035],[97.56455664526517,23.911295064570535],[97.5283,23.926736],[97.529531,23.943146],[97.56598064453063,23.976895482998223],[97.57597283732159,24.43721315590722],[97.530147,24.443187],[97.554785,24.490577],[97.570799,24.602719],[97.569567,24.708236],[97.547394,24.739221],[97.569567,24.765852],[97.58319624734753,24.7699792827397],[97.583301,24.774805],[97.72439601009715,25.0597365267614],[97.719857,25.080634],[97.73409129610614,25.07931548028378],[97.819531,25.251855],[97.83707254876249,25.264679495042472],[97.839349,25.27074],[97.84333320386865,25.269256613144112],[98.14246155288787,25.487947110830536],[98.131304,25.51025],[98.163949,25.524292],[98.189818,25.569108],[98.170724,25.620383],[98.247717,25.607971],[98.27311414141913,25.583466240674312],[98.46039652159699,25.720386987448347],[98.461448,25.735267],[98.476846,25.77731],[98.529201,25.840884],[98.553839,25.845731],[98.59871741282826,25.821512356016648],[98.65625,25.863574],[98.66372869240998,25.94744682549924],[98.637606,25.971696],[98.614201,25.968468],[98.602498,26.054523],[98.575396,26.118485],[98.632679,26.145887],[98.656084,26.139977],[98.661012,26.087852],[98.6772062287488,26.098596116249205],[98.68948661430298,26.236319474583087],[98.672715,26.239863],[98.681338,26.308016],[98.69702608349155,26.32087390588525],[98.738477,26.785742],[98.73134175254293,26.85003883001181],[98.730613,26.851253],[98.73114725568118,26.85179147163123],[98.65152851094798,27.569248424128297],[98.650541,27.567637],[98.61026830446245,27.569864874215806],[98.42947396176832,27.55838999771537],[98.429419,27.549068],[98.388767,27.515104],[98.337644,27.508734],[98.317318,27.51935],[98.31397135794154,27.55105913716608],[98.298828,27.550098],[98.25097788021112,27.678351700399613],[98.234166,27.690648],[98.2256025064105,27.746365858009124],[98.19472577602218,27.829125419448346],[98.169492,27.851096],[98.18163231221486,27.86422011078342],[98.15063404822814,27.947305421328153],[98.143007,27.948942],[98.133152,27.990698],[98.13366504623419,27.992787800628676],[98.061621,28.185889],[98.04725350824098,28.19617836646247],[98.03337,28.187105],[98.008116,28.214003],[98.0107149077784,28.22234570704575],[97.85081019383024,28.336862438879436],[97.842429,28.326798],[97.801161,28.326798],[97.769748,28.3742],[97.738335,28.396313],[97.7379560015162,28.41768365395459],[97.599219,28.517041],[97.48934280579907,28.3983058842958],[97.485184,28.38631],[97.488879,28.347341],[97.518445,28.327852],[97.469169,28.30309],[97.461162,28.26778],[97.422358,28.297293],[97.402032,28.279903],[97.398336,28.238786],[97.349677,28.235623],[97.362612,28.199236],[97.352757,28.149646],[97.326887,28.132759],[97.340438,28.104785],[97.32812642226736,28.092912445855074],[97.3298214633943,28.055496699514435],[97.375547,28.062545],[97.378626,28.031382],[97.413119,28.01342],[97.379242,27.970087],[97.372467,27.907699],[97.386634,27.882839],[97.324424,27.880723],[97.30349570781283,27.913494534986825],[97.10009185458692,27.75770208072942],[97.097758,27.740979],[97.07934604202724,27.741812307733593],[96.876855,27.586719],[97.102051,27.11543],[96.731641,27.331494],[96.19082,27.261279],[95.128711,26.597266],[95.132422,26.04126],[94.579883,25.319824],[94.707617,25.04873],[94.127637,23.876465],[93.32627,24.064209],[93.151172,22.230615],[92.574902,21.978076],[92.631641,21.306201],[92.17959,21.293115]]],[[[93.4875,18.867529],[93.69082,18.684277],[93.744727,18.865527],[93.4875,18.867529]]],[[[98.376465,11.791504],[98.434766,11.56709],[98.553809,11.744873],[98.376465,11.791504]]]]}},{"type":"Feature","properties":{"name":"布隆迪","full_name":"布隆迪共和国","iso_a2":"BI","iso_a3":"BDI","iso_n3":"108","NAME_ZH":"布隆迪","ADM0_A3":"BDI"},"geometry":{"type":"MultiPolygon","coordinates":[[[[29.014355,-2.720215],[29.403223,-4.449316],[29.947266,-4.307324],[30.790234,-3.274609],[30.780273,-2.984863],[30.433496,-2.874512],[30.553613,-2.400098],[29.930176,-2.339551],[29.698047,-2.794727],[29.014355,-2.720215]]]]}},{"type":"Feature","properties":{"name":"布基纳法索","full_name":"布基纳法索","iso_a2":"BF","iso_a3":"BFA","iso_n3":"854","NAME_ZH":"布基纳法索","ADM0_A3":"BFA"},"geometry":{"type":"MultiPolygon","coordinates":[[[[-5.523535,10.426025],[-4.62583,9.713574],[-3.223535,9.895459],[-2.69585,9.481348],[-2.829932,10.998389],[-0.627148,10.927393],[-0.068604,11.115625],[0.900488,10.993262],[1.426758,11.447119],[1.980371,11.418408],[2.38916,11.89707],[2.072949,12.309375],[2.10459,12.70127],[1.564941,12.6354],[0.987305,13.041895],[0.988477,13.364844],[1.201172,13.35752],[0.429199,13.972119],[0.21748,14.911475],[-0.760449,15.047754],[-1.973047,14.456543],[-2.113232,14.168457],[-2.586719,14.227588],[-2.95083,13.648438],[-3.248633,13.65835],[-3.301758,13.280762],[-4.151025,13.306201],[-4.428711,12.337598],[-5.288135,11.82793],[-5.523535,10.426025]]]]}},{"type":"Feature","properties":{"name":"保加利亚","full_name":"保加利亚共和国","iso_a2":"BG","iso_a3":"BGR","iso_n3":"100","NAME_ZH":"保加利亚","ADM0_A3":"BGR"},"geometry":{"type":"MultiPolygon","coordinates":[[[[22.344043,42.313965],[23.003613,41.739844],[22.916016,41.336279],[24.487891,41.555225],[25.251172,41.243555],[25.92334,41.311914],[26.320898,41.716553],[27.011719,42.058643],[28.014453,41.969043],[27.484766,42.468066],[28.585352,43.742236],[27.086914,44.167383],[25.49707,43.670801],[22.919043,43.834473],[23.028516,44.077979],[22.705078,44.237793],[22.369629,43.781299],[22.967969,43.142041],[22.466797,42.84248],[22.344043,42.313965]]]]}},{"type":"Feature","properties":{"name":"文莱","full_name":"文莱达鲁萨兰国","iso_a2":"BN","iso_a3":"BRN","iso_n3":"096","NAME_ZH":"文莱","ADM0_A3":"BRN"},"geometry":{"type":"MultiPolygon","coordinates":[[[[114.063867,4.592676],[114.654102,4.037646],[114.74668,4.718066],[115.026758,4.899707],[114.063867,4.592676]]],[[[115.026758,4.899707],[115.290625,4.352588],[115.140039,4.899756],[115.026758,4.899707]]]]}},{"type":"Feature","properties":{"name":"巴西","full_name":"巴西联邦共和国","iso_a2":"BR","iso_a3":"BRA","iso_n3":"076","NAME_ZH":"巴西","ADM0_A3":"BRA"},"geometry":{"type":"MultiPolygon","coordinates":[[[[-74.002051,-7.556055],[-72.974023,-8.993164],[-73.209424,-9.411426],[-72.379053,-9.510156],[-72.142969,-10.005176],[-71.237939,-9.966016],[-70.541113,-9.4375],[-70.642334,-11.010254],[-69.578613,-10.951758],[-68.622656,-11.10918],[-66.575342,-9.899902],[-65.396143,-9.712402],[-65.389893,-11.246289],[-64.992529,-11.975195],[-64.420508,-12.439746],[-63.06748,-12.669141],[-61.789941,-13.525586],[-61.077002,-13.489746],[-60.506592,-13.789844],[-60.27334,-15.08877],[-60.583203,-15.09834],[-60.242334,-15.47959],[-60.175586,-16.269336],[-58.345605,-16.284375],[-58.395996,-17.234277],[-57.832471,-17.512109],[-57.495654,-18.214648],[-58.131494,-19.744531],[-57.860742,-19.97959],[-58.159766,-20.164648],[-57.830225,-20.997949],[-57.955908,-22.10918],[-56.937256,-22.271289],[-56.447803,-22.076172],[-55.84917,-22.307617],[-55.415918,-23.951367],[-54.625488,-23.8125],[-54.241797,-24.047266],[-54.615869,-25.576074],[-53.891162,-25.668848],[-53.668555,-26.288184],[-53.838184,-27.121094],[-55.725488,-28.204102],[-57.608887,-30.187793],[-56.832715,-30.107227],[-56.044824,-30.777637],[-56.004687,-31.079199],[-55.603027,-30.850781],[-53.761719,-32.056836],[-53.125586,-32.736719],[-53.531348,-33.170898],[-53.370605,-33.742188],[-52.652246,-33.137793],[-51.972461,-31.383789],[-51.283057,-30.751562],[-51.298047,-30.034863],[-51.024951,-30.368652],[-50.563525,-30.253613],[-50.581934,-30.438867],[-51.272168,-31.476953],[-52.063232,-31.830371],[-52.039209,-32.114844],[-50.921387,-31.258398],[-49.745996,-29.363184],[-48.799658,-28.575293],[-48.55415,-27.195996],[-48.748291,-26.268652],[-48.401172,-25.597363],[-48.731738,-25.36875],[-48.202734,-25.416504],[-46.867285,-24.236328],[-45.97207,-23.795508],[-45.464307,-23.802539],[-44.569678,-23.274023],[-44.637256,-23.055469],[-43.22417,-22.991211],[-43.154297,-22.725195],[-42.958301,-22.96709],[-42.042383,-22.94707],[-41.705518,-22.309668],[-41.000293,-21.999023],[-40.954541,-21.237891],[-39.783301,-19.571777],[-39.650781,-18.252344],[-39.154004,-17.703906],[-38.880615,-15.864258],[-39.089355,-13.588184],[-38.851758,-12.790137],[-38.690967,-12.623926],[-38.498926,-12.956641],[-38.239746,-12.844238],[-37.359229,-11.252539],[-37.356006,-11.403906],[-35.340869,-9.230664],[-34.834668,-7.971484],[-34.805469,-7.288379],[-35.481689,-5.166016],[-37.174658,-4.912402],[-38.475781,-3.71748],[-39.964697,-2.861523],[-41.479932,-2.916504],[-43.380078,-2.376074],[-44.192676,-2.80957],[-44.228613,-2.471289],[-44.723047,-3.204785],[-44.381836,-2.365527],[-44.435449,-2.168066],[-44.756348,-2.265527],[-44.537793,-2.052734],[-44.65127,-1.745801],[-45.076367,-1.466406],[-45.32915,-1.717285],[-45.458594,-1.35625],[-47.398096,-0.62666],[-48.115088,-0.7375],[-48.449805,-1.145508],[-48.349805,-1.482129],[-48.71001,-1.487695],[-49.211035,-1.916504],[-49.636523,-2.656934],[-49.313672,-1.731738],[-50.403223,-2.015527],[-50.690039,-1.761719],[-50.894922,-0.937598],[-51.947559,-1.586719],[-52.66416,-1.551758],[-51.980811,-1.367969],[-51.28291,-0.085205],[-49.898877,1.162988],[-49.957129,1.659863],[-50.714404,2.134033],[-51.219922,4.093604],[-51.54707,4.310889],[-51.652539,4.061279],[-52.903467,2.211523],[-53.767773,2.354834],[-54.130078,2.121045],[-54.61626,2.326758],[-54.978662,2.597656],[-55.957471,2.520459],[-56.137695,2.259033],[-55.929639,1.8875],[-56.482812,1.942139],[-57.31748,1.963477],[-58.821777,1.201221],[-59.231201,1.376025],[-59.666602,1.746289],[-59.994336,2.68999],[-59.854395,3.5875],[-59.551123,3.933545],[-59.703271,4.381104],[-60.148633,4.533252],[-59.990674,5.082861],[-60.142041,5.238818],[-60.742139,5.202051],[-60.603857,4.949365],[-61.002832,4.535254],[-62.712109,4.01792],[-62.856982,3.593457],[-63.338672,3.943896],[-64.021484,3.929102],[-64.788672,4.276025],[-64.221094,3.587402],[-64.046582,2.502393],[-63.389258,2.411914],[-63.43252,2.155566],[-64.008496,1.931592],[-64.205029,1.529492],[-65.473389,0.69126],[-65.681445,0.983447],[-66.347119,0.767188],[-66.876025,1.223047],[-67.082275,1.1854],[-67.400439,2.116699],[-67.93623,1.748486],[-68.193799,1.987012],[-68.176562,1.719824],[-69.848584,1.70874],[-69.852148,1.059521],[-69.311816,1.050488],[-69.15332,0.658789],[-70.053906,0.578613],[-70.070508,-0.138867],[-69.633984,-0.509277],[-69.400244,-1.194922],[-69.965918,-4.235938],[-70.799512,-4.17334],[-72.887061,-5.122754],[-73.235547,-6.098438],[-73.137354,-6.46582],[-73.758105,-6.905762],[-73.72041,-7.309277],[-74.002051,-7.556055]]],[[[-51.83252,-1.433789],[-51.276318,-1.021777],[-51.254004,-0.541406],[-51.546045,-0.649609],[-51.83252,-1.433789]]],[[[-50.796094,-0.90625],[-50.507617,-1.787988],[-49.805127,-1.790234],[-48.833594,-1.390039],[-48.392676,-0.297363],[-49.628662,-0.229199],[-50.645508,-0.272852],[-50.796094,-0.90625]]],[[[-50.623926,0.054395],[-50.426123,0.139258],[-50.372754,0.590869],[-50.623926,0.054395]]],[[[-50.339453,0.043359],[-49.91709,-0.023193],[-49.738232,0.268164],[-50.272656,0.231738],[-50.339453,0.043359]]],[[[-50.281689,0.516504],[-50.15293,0.393018],[-50.058838,0.638037],[-50.281689,0.516504]]],[[[-49.830078,-0.093896],[-49.443896,-0.112402],[-49.503467,0.083691],[-49.830078,-0.093896]]],[[[-45.451416,-23.895605],[-45.260254,-23.88916],[-45.302344,-23.727539],[-45.451416,-23.895605]]]]}},{"type":"Feature","properties":{"name":"博茨瓦纳","full_name":"博茨瓦纳共和国","iso_a2":"BW","iso_a3":"BWA","iso_n3":"072","NAME_ZH":"博茨瓦纳","ADM0_A3":"BWA"},"geometry":{"type":"MultiPolygon","coordinates":[[[[19.977344,-22.000195],[19.980469,-24.776758],[20.793164,-25.915625],[20.685059,-26.822461],[21.646289,-26.854199],[22.597656,-26.132715],[23.05752,-25.312305],[24.748145,-25.817383],[25.443652,-25.714453],[25.912109,-24.747461],[26.835059,-24.24082],[27.085547,-23.57793],[28.210156,-22.693652],[29.364844,-22.193945],[29.025586,-21.796875],[28.014063,-21.554199],[27.669434,-21.064258],[27.679297,-20.503027],[27.280762,-20.478711],[27.178223,-20.100977],[26.168066,-19.538281],[25.258789,-17.793555],[24.243945,-18.023438],[23.599707,-18.459961],[23.219336,-17.999707],[20.974121,-18.318848],[20.979492,-21.961914],[19.977344,-22.000195]]]]}},{"type":"Feature","properties":{"name":"波黑","full_name":"波斯尼亚和黑塞哥维那","iso_a2":"BA","iso_a3":"BIH","iso_n3":"070","NAME_ZH":"波黑","ADM0_A3":"BIH"},"geometry":{"type":"MultiPolygon","coordinates":[[[[15.736621,44.76582],[17.585156,42.938379],[17.667578,42.897119],[18.436328,42.559717],[18.460156,42.9979],[19.194336,43.533301],[19.495117,43.642871],[19.24502,43.965039],[19.583789,44.043457],[19.118457,44.359961],[19.348633,44.880908],[19.007129,44.869189],[16.918652,45.276562],[16.293359,45.008838],[15.788086,45.178955],[15.736621,44.76582]]]]}},{"type":"Feature","properties":{"name":"玻利维亚","full_name":"多民族玻利维亚国","iso_a2":"BO","iso_a3":"BOL","iso_n3":"068","NAME_ZH":"玻利维亚","ADM0_A3":"BOL"},"geometry":{"type":"MultiPolygon","coordinates":[[[[-69.624854,-17.200195],[-69.510938,-17.506055],[-69.093945,-18.050488],[-68.968311,-18.967969],[-68.462891,-19.432813],[-68.760547,-20.416211],[-68.197021,-21.300293],[-67.879443,-22.822949],[-67.194873,-22.82168],[-66.220166,-21.802539],[-65.771045,-22.099609],[-64.605518,-22.228809],[-64.325293,-22.827637],[-63.92168,-22.028613],[-62.843359,-21.997266],[-62.650977,-22.233691],[-62.276318,-20.5625],[-61.756836,-19.645312],[-59.090527,-19.28623],[-58.180176,-19.817871],[-58.159766,-20.164648],[-57.860742,-19.97959],[-58.131494,-19.744531],[-57.495654,-18.214648],[-57.832471,-17.512109],[-58.395996,-17.234277],[-58.345605,-16.284375],[-60.175586,-16.269336],[-60.242334,-15.47959],[-60.583203,-15.09834],[-60.27334,-15.08877],[-60.506592,-13.789844],[-61.077002,-13.489746],[-61.789941,-13.525586],[-63.06748,-12.669141],[-64.420508,-12.439746],[-64.992529,-11.975195],[-65.389893,-11.246289],[-65.396143,-9.712402],[-66.575342,-9.899902],[-68.622656,-11.10918],[-69.578613,-10.951758],[-68.685254,-12.501953],[-68.978613,-12.880078],[-69.074121,-13.682813],[-68.870898,-14.169727],[-69.359473,-14.795312],[-69.172461,-15.236621],[-69.420898,-15.640625],[-69.217578,-16.149121],[-68.842773,-16.337891],[-69.624854,-17.200195]]]]}},{"type":"Feature","properties":{"name":"不丹","full_name":"不丹王国","iso_a2":"BT","iso_a3":"BTN","iso_n3":"064","NAME_ZH":"不丹","ADM0_A3":"BTN"},"geometry":{"type":"MultiPolygon","coordinates":[[[[88.857617,26.961475],[89.609961,26.719434],[91.99834,26.85498],[92.03967921341044,27.06670872188609],[92.02673,27.108318],[92.032273,27.167967],[92.061222,27.190327],[92.071077,27.237694],[92.07374524948197,27.2411861171268],[92.083398,27.290625],[91.76332175369406,27.465535074241746],[91.753868,27.462545],[91.71876,27.467324],[91.663325,27.507142],[91.626985,27.509265],[91.585101,27.540578],[91.564775,27.58196],[91.582637,27.598933],[91.562311,27.627569],[91.570934,27.650897],[91.61892766466343,27.68924536565938],[91.631934,27.759961],[91.56416708134844,27.820084462354465],[91.544449,27.820401],[91.55019878234032,27.832477271652596],[91.30475766983912,28.05023498856428],[91.251878,27.970615],[91.216153,27.989113],[91.162567,27.968501],[91.147784,27.927794],[91.155175,27.894476],[91.113292,27.846333],[91.025828,27.857445],[90.96485,27.900294],[90.976553,27.935725],[90.96177,27.9537],[90.896481,27.946299],[90.853365,27.969029],[90.806554,28.015005],[90.802242,28.040362],[90.741264,28.053038],[90.701844,28.076274],[90.591591,28.021345],[90.569417,28.044059],[90.513983,28.062016],[90.47949,28.044587],[90.43699,28.063073],[90.384019,28.06096],[90.37259504323018,28.080184946131112],[90.352734,28.080225],[90.24561968102199,28.146784589775592],[90.231882,28.144897],[90.189999,28.161782],[90.166593,28.187632],[90.124709,28.190797],[90.103151,28.141731],[90.07297,28.155451],[90.03355,28.136981],[90.017536,28.162837],[89.976268,28.189215],[89.901739,28.18183],[89.87495389745683,28.214285552648107],[89.1032204460419,27.50950277516184],[89.095474,27.471572],[89.132431,27.441302],[89.182938,27.373829],[89.152757,27.319076],[89.077612,27.287168],[89.067757,27.240354],[88.984605,27.208957],[88.942105,27.261636],[88.911924,27.272807],[88.920548,27.325456],[88.90374026284469,27.32732822083945],[88.891406,27.316064],[88.857617,26.961475]]]]}},{"type":"Feature","properties":{"name":"贝宁","full_name":"贝宁共和国","iso_a2":"BJ","iso_a3":"BEN","iso_n3":"204","NAME_ZH":"贝宁","ADM0_A3":"BEN"},"geometry":{"type":"MultiPolygon","coordinates":[[[[0.763379,10.38667],[1.330078,9.996973],[1.600195,9.050049],[1.530957,6.992432],[1.77793,6.294629],[1.622656,6.216797],[2.706445,6.369238],[2.774805,9.048535],[3.044922,9.083838],[3.834473,10.607422],[3.487793,11.39541],[3.59541,11.696289],[2.805273,12.383838],[2.366016,12.221924],[2.38916,11.89707],[1.980371,11.418408],[1.426758,11.447119],[0.900488,10.993262],[0.763379,10.38667]]]]}},{"type":"Feature","properties":{"name":"伯利兹","full_name":"伯利兹","iso_a2":"BZ","iso_a3":"BLZ","iso_n3":"084","NAME_ZH":"伯利兹","ADM0_A3":"BLZ"},"geometry":{"type":"MultiPolygon","coordinates":[[[[-89.2375,15.894434],[-88.894043,15.890625],[-88.313428,16.632764],[-88.085254,18.226123],[-88.295654,18.472412],[-89.161475,17.814844],[-89.2375,15.894434]]]]}},{"type":"Feature","properties":{"name":"比利时","full_name":"比利时王国","iso_a2":"BE","iso_a3":"BEL","iso_n3":"056","NAME_ZH":"比利时","ADM0_A3":"BEL"},"geometry":{"type":"MultiPolygon","coordinates":[[[[2.524902,51.097119],[2.759375,50.750635],[4.174609,50.246484],[4.149316,49.971582],[4.818652,50.153174],[4.867578,49.788135],[5.789746,49.538281],[5.744043,49.919629],[6.116504,50.120996],[6.340918,50.451758],[5.993945,50.750439],[5.639453,50.843604],[5.796484,51.153076],[5.030957,51.469092],[4.226172,51.386475],[3.902051,51.207666],[3.350098,51.377686],[2.524902,51.097119]]]]}},{"type":"Feature","properties":{"name":"白俄罗斯","full_name":"白俄罗斯共和国","iso_a2":"BY","iso_a3":"BLR","iso_n3":"112","NAME_ZH":"白俄罗斯","ADM0_A3":"BLR"},"geometry":{"type":"MultiPolygon","coordinates":[[[[23.175098,52.286621],[23.652441,52.040381],[23.605273,51.51792],[25.267188,51.937744],[27.141992,51.752051],[27.7,51.477979],[28.73125,51.433398],[29.102051,51.627539],[29.346484,51.382568],[30.160742,51.477881],[30.544531,51.265039],[30.755273,51.895166],[31.763379,52.101074],[31.258789,53.016699],[31.417871,53.196045],[32.141992,53.091162],[32.706445,53.419434],[31.754199,53.810449],[30.798828,54.783252],[30.906836,55.57002],[30.233594,55.845215],[29.482227,55.68457],[29.375,55.938721],[28.147949,56.14292],[27.576758,55.798779],[26.593555,55.667529],[26.457617,55.34248],[26.775684,55.273096],[25.780859,54.833252],[25.749219,54.156982],[25.461133,54.292773],[24.317969,53.892969],[23.484668,53.939795],[23.91543,52.770264],[23.175098,52.286621]]]]}},{"type":"Feature","properties":{"name":"巴巴多斯","full_name":"巴巴多斯","iso_a2":"BB","iso_a3":"BRB","iso_n3":"052","NAME_ZH":"巴巴多斯","ADM0_A3":"BRB"},"geometry":{"type":"MultiPolygon","coordinates":[[[[-59.64668,13.303125],[-59.493311,13.081982],[-59.427637,13.152783],[-59.64668,13.303125]]]]}},{"type":"Feature","properties":{"name":"孟加拉国","full_name":"孟加拉人民共和国","iso_a2":"BD","iso_a3":"BGD","iso_n3":"050","NAME_ZH":"孟加拉国","ADM0_A3":"BGD"},"geometry":{"type":"MultiPolygon","coordinates":[[[[88.023438,24.627832],[88.723535,24.274902],[88.567383,23.674414],[88.928125,23.186621],[89.051465,22.093164],[89.353711,21.721094],[89.483203,22.275537],[89.568555,21.767432],[89.985156,22.466406],[89.918066,22.116162],[90.20957,22.156592],[90.230566,21.829785],[90.616113,22.362158],[90.435059,22.751904],[90.590918,23.266406],[90.269141,23.455859],[90.604004,23.591357],[90.945605,22.597021],[91.480078,22.884814],[91.863379,22.350488],[92.324121,20.791846],[92.17959,21.293115],[92.631641,21.306201],[92.574902,21.978076],[92.246094,23.683594],[91.92959,23.685986],[91.619531,22.979688],[91.315234,23.104395],[91.160449,23.660645],[91.36709,24.093506],[91.876953,24.195312],[92.468359,24.944141],[92.049707,25.169482],[89.833301,25.292773],[89.670898,26.213818],[89.369727,26.006104],[89.018652,26.410254],[88.828027,26.252197],[88.418164,26.571533],[88.08457,25.888232],[88.95166,25.259277],[88.45625,25.188428],[88.023438,24.627832]]],[[[90.515039,22.065137],[90.777637,22.089307],[90.868164,22.484863],[90.596484,22.863525],[90.680469,22.32749],[90.515039,22.065137]]]]}},{"type":"Feature","properties":{"name":"巴林","full_name":"巴林王国","iso_a2":"BH","iso_a3":"BHR","iso_n3":"048","NAME_ZH":"巴林","ADM0_A3":"BHR"},"geometry":{"type":"MultiPolygon","coordinates":[[[[50.469922,26.228955],[50.607227,25.883105],[50.585938,26.240723],[50.469922,26.228955]]]]}},{"type":"Feature","properties":{"name":"巴哈马","full_name":"巴哈马国","iso_a2":"BS","iso_a3":"BHS","iso_n3":"044","NAME_ZH":"巴哈马","ADM0_A3":"BHS"},"geometry":{"type":"MultiPolygon","coordinates":[[[[-78.985645,26.689502],[-78.743652,26.500684],[-77.922461,26.691113],[-78.492871,26.729053],[-78.985645,26.689502]]],[[[-78.366504,24.544189],[-78.044922,24.287451],[-77.743848,24.707422],[-78.211377,25.19126],[-78.366504,24.544189]]],[[[-77.999902,24.219824],[-77.57373,23.73916],[-77.657715,24.249463],[-77.999902,24.219824]]],[[[-77.94375,26.903564],[-77.238623,26.561133],[-77.403174,26.024707],[-77.225635,25.904199],[-77.066357,26.530176],[-77.533887,26.903418],[-77.94375,26.903564]]],[[[-76.648828,25.487402],[-76.1604,25.119336],[-76.169531,24.649414],[-76.126611,25.140527],[-76.648828,25.487402]]],[[[-75.72666,24.689355],[-75.503223,24.139062],[-75.308398,24.2],[-75.72666,24.689355]]],[[[-75.315967,23.668359],[-75.22334,23.165332],[-74.840479,22.894336],[-75.315967,23.668359]]],[[[-73.681152,20.975586],[-73.164551,20.97915],[-73.026855,21.192383],[-73.523096,21.19082],[-73.681152,20.975586]]]]}},{"type":"Feature","properties":{"name":"阿塞拜疆","full_name":"阿塞拜疆共和国","iso_a2":"AZ","iso_a3":"AZE","iso_n3":"031","NAME_ZH":"阿塞拜疆","ADM0_A3":"AZE"},"geometry":{"type":"MultiPolygon","coordinates":[[[[44.768262,39.703516],[44.817188,39.650439],[45.479688,39.00625],[46.114453,38.877783],[45.784473,39.545605],[44.768262,39.703516]]],[[[45.001367,41.290967],[45.5875,40.846924],[45.454395,40.532373],[45.964648,40.233789],[45.579785,39.977539],[46.481445,39.555176],[46.490625,38.906689],[47.995898,39.683936],[48.322168,39.399072],[47.996484,38.85376],[48.86875,38.435498],[49.551172,40.194141],[50.365918,40.279492],[49.456738,40.799854],[48.572852,41.844482],[47.791016,41.199268],[46.429883,41.890967],[46.182129,41.65708],[46.672559,41.286816],[46.534375,41.088574],[45.280957,41.449561],[45.001367,41.290967]]]]}},{"type":"Feature","properties":{"name":"奥地利","full_name":"奥地利共和国","iso_a2":"AT","iso_a3":"AUT","iso_n3":"040","NAME_ZH":"奥地利","ADM0_A3":"AUT"},"geometry":{"type":"MultiPolygon","coordinates":[[[[9.524023,47.524219],[9.527539,47.270752],[9.580273,47.057373],[10.452832,46.864941],[10.993262,46.777002],[12.169434,47.082129],[12.388281,46.702637],[13.7,46.520264],[14.549805,46.399707],[16.093066,46.863281],[16.676563,47.536035],[16.421289,47.674463],[17.066602,47.707568],[17.147363,48.005957],[16.953125,48.598828],[15.066797,48.997852],[14.691309,48.599219],[13.814746,48.766943],[12.760352,48.106982],[13.014355,47.478076],[12.209277,47.718262],[11.041992,47.393115],[10.439453,47.551562],[10.183008,47.278809],[9.524023,47.524219]]]]}},{"type":"Feature","properties":{"name":"澳大利亚","full_name":"澳大利亚联邦","iso_a2":"AU","iso_a3":"AUS","iso_n3":"036","NAME_ZH":"澳大利亚","ADM0_A3":"AUS"},"geometry":{"type":"MultiPolygon","coordinates":[[[[113.184766,-26.182227],[114.028125,-27.347266],[114.165137,-28.080664],[114.856836,-29.142969],[115.07793,-30.560449],[115.698438,-31.694531],[115.683008,-33.192871],[115.358789,-33.639941],[114.993848,-33.515332],[115.008789,-34.255859],[116.517188,-34.987891],[117.581934,-35.097754],[119.450586,-34.368262],[119.854102,-33.974707],[123.506836,-33.916211],[124.24375,-33.015234],[125.917188,-32.296973],[127.319824,-32.264062],[129.187695,-31.659961],[131.143652,-31.495703],[134.23418,-32.548535],[134.173535,-32.979102],[134.791016,-33.32832],[135.45,-34.581055],[135.123047,-34.585742],[135.647559,-34.939648],[135.969727,-34.981836],[135.891016,-34.660938],[136.430664,-34.02998],[137.237305,-33.629492],[137.783203,-32.578125],[137.931836,-33.579102],[137.493848,-34.161133],[137.391016,-34.913281],[137.014258,-34.91582],[136.883594,-35.239746],[137.691699,-35.142969],[138.089258,-34.169824],[138.511133,-35.024414],[138.184375,-35.612695],[139.28252,-35.375391],[139.289453,-35.611328],[138.968945,-35.580762],[139.729004,-36.371387],[139.784277,-37.245801],[140.39043,-37.89668],[141.424219,-38.363477],[142.455859,-38.386328],[143.538965,-38.820898],[144.891309,-37.899805],[145.119922,-38.091309],[144.717773,-38.340332],[144.95957,-38.500781],[145.475781,-38.24375],[145.397266,-38.535352],[146.4,-39.145508],[146.21748,-38.727441],[146.856836,-38.663477],[147.876758,-37.93418],[149.932715,-37.528516],[150.195312,-35.833594],[150.80459,-35.012891],[151.29209,-33.580957],[152.47041,-32.439062],[152.943945,-31.434863],[153.616895,-28.673047],[153.116797,-27.194434],[153.164941,-25.96416],[151.831641,-24.122949],[150.843164,-23.458008],[150.672461,-22.418164],[150.541309,-22.559082],[150.076172,-22.164453],[149.974414,-22.550684],[149.703906,-22.440527],[149.454102,-21.578711],[148.683691,-20.580176],[148.884766,-20.480859],[148.759375,-20.289551],[147.418555,-19.378125],[146.383398,-18.977051],[146.032227,-18.272852],[145.912109,-16.9125],[145.426074,-16.406152],[145.287695,-14.943164],[144.473047,-14.231836],[143.756348,-14.348828],[143.178906,-11.954492],[142.872559,-11.821387],[142.779688,-11.115332],[142.456445,-10.707324],[142.168359,-10.946582],[141.961133,-12.054297],[141.688574,-12.351074],[141.929785,-12.739844],[141.613574,-12.943457],[141.625488,-15.056641],[141.291406,-16.463477],[140.830469,-17.414453],[140.03584,-17.702637],[139.248438,-17.328613],[139.009863,-16.899316],[138.24502,-16.718359],[135.45332,-14.923145],[135.954492,-13.934863],[135.927344,-13.304297],[136.461035,-13.225195],[136.897461,-12.243555],[136.443359,-11.951465],[136.081836,-12.422461],[136.008496,-12.191406],[135.704395,-12.209863],[135.922461,-11.825781],[135.029688,-12.19375],[131.961523,-11.180859],[131.822461,-11.302441],[132.072852,-11.474707],[132.674219,-11.649023],[132.712793,-12.123438],[131.438281,-12.276953],[131.291602,-12.067871],[130.867383,-12.557813],[130.622656,-12.431055],[130.168164,-12.957422],[130.259766,-13.302246],[129.838867,-13.572949],[129.378711,-14.39248],[129.84873,-14.828906],[129.637109,-14.850977],[129.634766,-15.139746],[129.267578,-14.871484],[129.21582,-15.160254],[129.058203,-14.884375],[128.575781,-14.774512],[128.069434,-15.329297],[128.180469,-14.711621],[127.457617,-14.031445],[126.903223,-13.744141],[126.569727,-14.160938],[126.053906,-13.977246],[126.020703,-14.494531],[125.661621,-14.529492],[125.627734,-14.256641],[125.178711,-14.714746],[125.355664,-15.119824],[124.839063,-15.160742],[125.062988,-15.442285],[124.692578,-15.273633],[124.439551,-15.493555],[124.381641,-15.758203],[124.648535,-15.870215],[124.404883,-16.298926],[124.771973,-16.402637],[123.607031,-16.224023],[123.49043,-16.490723],[123.874414,-16.918652],[123.831055,-17.120801],[123.593555,-17.030371],[123.563086,-17.520898],[122.970703,-16.436816],[122.260938,-17.135742],[122.34541,-18.111914],[120.997949,-19.604395],[119.104492,-19.995313],[117.40625,-20.721191],[116.706738,-20.653809],[114.709277,-21.823438],[114.141602,-22.483105],[114.022852,-21.881445],[113.417676,-24.435645],[114.214258,-25.851562],[114.215723,-26.289453],[113.72373,-26.129785],[113.451367,-25.599121],[113.836426,-26.500586],[113.581641,-26.558105],[113.356055,-26.080469],[113.184766,-26.182227]]],[[[130.043262,-11.787305],[130.60625,-11.816602],[130.459277,-11.679297],[130.294922,-11.336816],[130.043262,-11.787305]]],[[[130.38457,-11.192188],[130.511914,-11.617871],[130.950977,-11.926465],[131.538574,-11.436914],[131.268262,-11.189844],[130.618848,-11.376074],[130.38457,-11.192188]]],[[[136.180273,-11.676758],[136.338672,-11.602344],[136.479297,-11.465918],[136.180273,-11.676758]]],[[[136.335449,-14.211816],[136.894336,-14.293066],[136.89082,-13.786621],[136.714648,-13.803906],[136.424707,-13.864844],[136.335449,-14.211816]]],[[[136.540625,-35.890137],[137.448438,-36.074805],[138.123438,-35.852344],[137.596484,-35.738672],[137.334082,-35.59248],[136.540625,-35.890137]]],[[[139.15957,-16.741699],[139.507812,-16.573047],[139.587891,-16.395215],[139.15957,-16.741699]]],[[[144.718555,-40.672266],[144.766113,-41.390039],[145.516602,-42.354492],[145.198828,-42.230859],[145.487598,-42.92666],[146.208008,-43.316211],[146.043164,-43.547168],[146.873926,-43.6125],[147.297949,-42.790918],[147.94541,-43.181836],[148.213672,-41.97002],[148.342578,-42.215332],[148.215234,-40.854883],[146.31748,-41.163477],[145.042969,-40.786719],[144.718555,-40.672266]]],[[[146.098828,-18.251758],[146.298828,-18.484766],[146.27832,-18.23125],[146.098828,-18.251758]]],[[[147.767188,-39.870313],[148.105664,-40.262109],[148.297363,-39.985742],[148.000391,-39.757617],[147.767188,-39.870313]]],[[[148.020117,-40.404199],[148.404004,-40.486523],[148.32627,-40.306934],[148.020117,-40.404199]]]]}},{"type":"Feature","properties":{"name":"圣诞岛","full_name":"圣诞岛（澳大利亚）","iso_a2":"CX","iso_a3":"CXR","iso_n3":"162","NAME_ZH":"圣诞岛","ADM0_A3":"CXR"},"geometry":{"type":"MultiPolygon","coordinates":[[[[105.584082,-10.5125],[105.696875,-10.56416],[105.725391,-10.492969],[105.584082,-10.5125]]]]}},{"type":"Feature","properties":{"name":"赫德岛和麦克唐纳群岛","full_name":"赫德岛和麦克唐纳群岛","iso_a2":"HM","iso_a3":"HMD","iso_n3":"334","NAME_ZH":"赫德岛和麦克唐纳群岛","ADM0_A3":"HMD"},"geometry":{"type":"MultiPolygon","coordinates":[[[[73.251172,-52.975781],[73.465137,-53.18418],[73.707422,-53.137109],[73.251172,-52.975781]]]]}},{"type":"Feature","properties":{"name":"诺福克岛","full_name":"诺福克岛（澳大利亚）","iso_a2":"NF","iso_a3":"NFK","iso_n3":"574","NAME_ZH":"诺福克岛","ADM0_A3":"NFK"},"geometry":{"type":"MultiPolygon","coordinates":[[[[167.939453,-29.017676],[167.960742,-29.096289],[167.99043,-29.04209],[167.939453,-29.017676]]]]}},{"type":"Feature","properties":{"name":"阿什莫尔和卡捷群岛","full_name":"阿什莫尔和卡捷群岛（澳大利亚）","iso_a2":"AU","iso_a3":"AUS","iso_n3":"036","NAME_ZH":"阿什莫尔和卡捷群岛","ADM0_A3":"AUS"},"geometry":{"type":"MultiPolygon","coordinates":[[[[123.572461,-12.423926],[123.573145,-12.43418],[123.594531,-12.425684],[123.572461,-12.423926]]]]}},{"type":"Feature","properties":{"name":"亚美尼亚","full_name":"亚美尼亚共和国","iso_a2":"AM","iso_a3":"ARM","iso_n3":"051","NAME_ZH":"亚美尼亚","ADM0_A3":"ARM"},"geometry":{"type":"MultiPolygon","coordinates":[[[[43.439453,41.107129],[43.666211,40.126367],[44.768262,39.703516],[45.784473,39.545605],[46.114453,38.877783],[46.490625,38.906689],[46.481445,39.555176],[45.579785,39.977539],[45.964648,40.233789],[45.454395,40.532373],[45.5875,40.846924],[45.001367,41.290967],[43.439453,41.107129]]]]}},{"type":"Feature","properties":{"name":"阿根廷","full_name":"阿根廷共和国","iso_a2":"AR","iso_a3":"ARG","iso_n3":"032","NAME_ZH":"阿根廷","ADM0_A3":"ARG"},"geometry":{"type":"MultiPolygon","coordinates":[[[[-73.554199,-49.463867],[-73.50127,-50.125293],[-73.15293,-50.738281],[-72.340234,-50.681836],[-72.407666,-51.54082],[-71.918652,-51.989551],[-69.960254,-52.008203],[-68.443359,-52.356641],[-68.965332,-51.677148],[-69.46543,-51.584473],[-69.035303,-51.488965],[-69.358594,-51.028125],[-69.044775,-50.499121],[-68.421875,-50.15791],[-68.97959,-50.003027],[-68.667578,-49.752539],[-68.257227,-50.10459],[-67.825977,-49.919629],[-67.466309,-48.951758],[-65.810059,-47.941113],[-66.225244,-47.826758],[-65.738086,-47.344922],[-65.998535,-47.09375],[-66.776855,-47.005859],[-67.599561,-46.052539],[-66.941406,-45.257324],[-65.63877,-45.007812],[-65.252344,-43.571875],[-64.319141,-42.968945],[-64.970703,-42.666309],[-64.487842,-42.513477],[-64.034766,-42.88125],[-63.617334,-42.695801],[-63.795557,-42.113867],[-64.42041,-42.433789],[-64.986377,-42.102051],[-65.133398,-40.880664],[-64.869482,-40.73584],[-63.621777,-41.159766],[-62.39502,-40.89082],[-62.053662,-39.373828],[-62.334766,-38.800098],[-61.602539,-38.998828],[-59.82832,-38.838184],[-57.546973,-38.085645],[-56.672021,-36.85127],[-56.698096,-36.426465],[-57.335449,-36.026758],[-57.303662,-35.188477],[-58.28335,-34.683496],[-58.525488,-34.296191],[-58.39248,-34.192969],[-58.547217,-33.663477],[-58.424463,-33.111523],[-58.170996,-32.959277],[-58.201172,-32.47168],[-57.608887,-30.187793],[-55.725488,-28.204102],[-53.838184,-27.121094],[-53.668555,-26.288184],[-53.891162,-25.668848],[-54.615869,-25.576074],[-54.825488,-26.652246],[-55.714648,-27.414844],[-56.164062,-27.321484],[-56.437158,-27.553809],[-58.604834,-27.314355],[-57.643896,-25.328418],[-59.89248,-24.093555],[-61.03291,-23.755664],[-62.650977,-22.233691],[-62.843359,-21.997266],[-63.92168,-22.028613],[-64.325293,-22.827637],[-64.605518,-22.228809],[-65.771045,-22.099609],[-66.220166,-21.802539],[-67.194873,-22.82168],[-67.008789,-23.001367],[-67.356201,-24.033789],[-68.562012,-24.747363],[-68.384229,-25.091895],[-68.591602,-26.47041],[-68.318652,-26.973242],[-68.846338,-27.153711],[-69.656934,-28.413574],[-70.026807,-29.324023],[-69.844287,-30.175],[-70.51958,-31.148438],[-70.084863,-33.201758],[-69.819629,-33.283789],[-69.852441,-34.224316],[-70.555176,-35.246875],[-70.404785,-36.061719],[-71.192187,-36.843652],[-70.858643,-38.604492],[-71.401562,-38.935059],[-71.932129,-40.691699],[-71.75,-42.046777],[-72.108203,-42.251855],[-72.146436,-42.990039],[-71.750635,-43.237305],[-71.82002,-44.383105],[-71.159717,-44.560254],[-71.261133,-44.763086],[-72.063721,-44.771875],[-71.349316,-45.331934],[-71.746191,-45.578906],[-71.699658,-46.651367],[-72.51792,-47.876367],[-72.354736,-48.36582],[-73.554199,-49.463867]]],[[[-68.653223,-54.853613],[-66.511133,-55.032129],[-65.179004,-54.678125],[-67.294238,-54.049805],[-68.488525,-53.260938],[-68.240137,-53.081836],[-68.629932,-52.652637],[-68.653223,-54.853613]]],[[[-64.637354,-54.902539],[-63.81543,-54.725098],[-64.54917,-54.716211],[-64.637354,-54.902539]]]]}},{"type":"Feature","properties":{"name":"安提瓜和巴布达","full_name":"安提瓜和巴布达","iso_a2":"AG","iso_a3":"ATG","iso_n3":"028","NAME_ZH":"安提瓜和巴布达","ADM0_A3":"ATG"},"geometry":{"type":"MultiPolygon","coordinates":[[[[-61.887109,17.098145],[-61.716064,17.037012],[-61.817285,17.168945],[-61.887109,17.098145]]]]}},{"type":"Feature","properties":{"name":"安哥拉","full_name":"安哥拉共和国","iso_a2":"AO","iso_a3":"AGO","iso_n3":"024","NAME_ZH":"安哥拉","ADM0_A3":"AGO"},"geometry":{"type":"MultiPolygon","coordinates":[[[[11.743066,-17.249219],[13.101172,-16.967676],[14.01748,-17.408887],[18.396387,-17.399414],[18.955273,-17.803516],[20.745508,-18.019727],[23.380664,-17.640625],[22.040234,-16.262793],[21.978906,-13.000977],[23.962988,-12.988477],[23.966504,-10.871777],[22.226172,-11.121973],[22.274512,-10.259082],[21.813184,-9.46875],[21.781641,-7.314648],[20.607813,-7.277734],[20.590039,-6.919922],[19.875195,-6.986328],[19.527637,-7.144434],[19.34082,-7.966602],[17.57959,-8.099023],[16.431445,-5.900195],[13.068164,-5.864844],[12.283301,-6.124316],[13.378516,-8.369727],[12.998535,-9.048047],[13.833594,-10.929688],[13.785352,-11.812793],[12.550488,-13.437793],[11.750879,-15.831934],[11.743066,-17.249219]]],[[[12.018359,-5.004297],[12.213672,-5.758691],[12.503711,-5.695801],[12.451465,-5.071484],[13.072754,-4.634766],[12.798242,-4.430566],[12.018359,-5.004297]]]]}},{"type":"Feature","properties":{"name":"安道尔","full_name":"安道尔公国","iso_a2":"AD","iso_a3":"AND","iso_n3":"020","NAME_ZH":"安道尔","ADM0_A3":"AND"},"geometry":{"type":"MultiPolygon","coordinates":[[[[1.42832,42.595898],[1.448828,42.437451],[1.706055,42.50332],[1.42832,42.595898]]]]}},{"type":"Feature","properties":{"name":"阿尔及利亚","full_name":"阿尔及利亚民主人民共和国","iso_a2":"DZ","iso_a3":"DZA","iso_n3":"012","NAME_ZH":"阿尔及利亚","ADM0_A3":"DZA"},"geometry":{"type":"MultiPolygon","coordinates":[[[[-8.68335,27.285938],[-4.822607,24.995605],[1.145508,21.102246],[1.685449,20.378369],[3.130273,19.850195],[3.119727,19.103174],[4.227637,19.142773],[5.836621,19.47915],[7.481738,20.873096],[11.967871,23.517871],[11.507617,24.314355],[10.255859,24.591016],[9.448242,26.067139],[9.883203,26.630811],[9.916016,27.785693],[9.805273,29.176953],[9.310254,30.115234],[9.51875,30.229395],[9.044043,32.072363],[8.333398,32.543604],[7.500195,33.832471],[8.245605,34.734082],[8.207617,36.518945],[8.576563,36.937207],[6.486523,37.085742],[5.29541,36.648242],[4.758105,36.896338],[3.779004,36.896191],[1.257227,36.51958],[-0.048242,35.832812],[-2.219629,35.104199],[-1.795605,34.751904],[-1.679199,33.318652],[-1.065527,32.468311],[-1.225928,32.107227],[-2.887207,32.068848],[-3.017383,31.834277],[-3.826758,31.661914],[-3.666797,30.964014],[-4.968262,30.465381],[-5.448779,29.956934],[-7.685156,29.349512],[-8.678418,28.689404],[-8.68335,27.656445],[-8.68335,27.285938]]]]}},{"type":"Feature","properties":{"name":"阿尔巴尼亚","full_name":"阿尔巴尼亚共和国","iso_a2":"AL","iso_a3":"ALB","iso_n3":"008","NAME_ZH":"阿尔巴尼亚","ADM0_A3":"ALB"},"geometry":{"type":"MultiPolygon","coordinates":[[[[19.322266,40.40708],[20.00127,39.709424],[20.657422,40.117383],[20.964258,40.849902],[20.488965,41.272607],[20.566211,41.873682],[20.063965,42.547266],[19.654492,42.628564],[19.342383,41.869092],[19.575684,41.64043],[19.322266,40.40708]]]]}},{"type":"Feature","properties":{"name":"阿富汗","full_name":"阿富汗","iso_a2":"AF","iso_a3":"AFG","iso_n3":"004","NAME_ZH":"阿富汗","ADM0_A3":"AFG"},"geometry":{"type":"MultiPolygon","coordinates":[[[[60.485742,34.094775],[60.51084,33.638916],[60.916992,33.505225],[60.561914,33.058789],[60.820703,31.495166],[61.660156,31.382422],[61.81084,30.913281],[60.843359,29.858691],[62.476562,29.40835],[64.09873,29.391943],[66.23125,29.865723],[66.346875,30.802783],[66.829297,31.263672],[67.452832,31.234619],[68.161035,31.802979],[68.868945,31.634229],[69.279297,31.936816],[69.501562,33.020068],[70.261133,33.289014],[69.889648,34.007275],[71.051563,34.049707],[70.965625,34.530371],[71.620508,35.183008],[71.23291,36.121777],[72.249805,36.734717],[74.541406,37.022168],[74.372168,37.157715],[74.48456420644114,37.17372028942497],[74.477387,37.19954],[74.511263,37.240048],[74.54514,37.2491],[74.578401,37.231472],[74.598727,37.258151],[74.642458,37.261485],[74.665864,37.23576],[74.727458,37.282916],[74.74671667966821,37.2815307712],[74.349023,37.41875],[73.653516,37.239355],[73.720605,37.41875],[73.38291,37.462256],[71.665625,36.696924],[71.43291,37.127539],[71.582227,37.910107],[71.278516,37.918408],[71.255859,38.306982],[70.878906,38.456396],[70.214648,37.924414],[70.188672,37.582471],[69.49209,37.553076],[69.303906,37.116943],[68.911816,37.333936],[68.067773,36.949805],[67.758984,37.172217],[66.522266,37.348486],[65.765039,37.569141],[65.55498,37.251172],[64.816309,37.13208],[64.511035,36.340674],[63.12998,35.846191],[63.056641,35.445801],[62.688086,35.255322],[62.307813,35.170801],[61.262012,35.61958],[60.72627,34.518262],[60.889453,34.319434],[60.485742,34.094775]]],[[[74.75932990738745,37.27717873477398],[74.800139,37.248147],[74.81414000282456,37.22065208699719],[74.891309,37.231641],[74.75932990738745,37.27717873477398]]]]}},{"type":"Feature","properties":{"name":"锡亚琴冰川","full_name":"锡亚琴冰川","iso_a2":"-99","iso_a3":"-99","iso_n3":"-99","NAME_ZH":"锡亚琴冰川","ADM0_A3":"-99"},"geometry":{"type":"MultiPolygon","coordinates":[[[[76.77074709893444,35.65417434803004],[77.048633,35.109912],[77.72875033312741,35.459568915857645],[77.690742,35.448443],[77.657481,35.477689],[77.639619,35.45478],[77.590344,35.460143],[77.578025,35.47574],[77.518895,35.482075],[77.451758,35.46063],[77.396939,35.467942],[77.355055,35.494257],[77.331649,35.530793],[77.307628,35.540533],[77.195527,35.519103],[77.093281,35.569746],[77.072339,35.591162],[76.99781,35.611113],[76.967013,35.591649],[76.906651,35.615005],[76.87450733815439,35.64443662018413],[76.79123414591652,35.65781016973632],[76.77074709893444,35.65417434803004]]],[[[77.73711829529815,35.46387099095868],[77.79205073543682,35.492112452635745],[77.757879,35.497181],[77.73711829529815,35.46387099095868]]]]}},{"type":"Feature","properties":{"name":"南极洲","full_name":"南极洲","iso_a2":"AQ","iso_a3":"ATA","iso_n3":"010","NAME_ZH":"南极洲","ADM0_A3":"ATA"},"geometry":{"type":"MultiPolygon","coordinates":[[[[-180,-89.998926],[180,-89.998926],[180,-84.351562],[171.035742,-83.448438],[168.110059,-83.362012],[168.607324,-83.065332],[164.980078,-82.384961],[161.283203,-82.489941],[163.602344,-82.120605],[160.469824,-81.340625],[160.637305,-80.449902],[158.573633,-80.423438],[160.558789,-80.010547],[159.975879,-79.585645],[160.873535,-79.049707],[161.951465,-79.02998],[161.669238,-78.536133],[162.639453,-78.897754],[164.634766,-78.603223],[167.130273,-78.606152],[165.662988,-78.305664],[165.417578,-78.042188],[163.977637,-78.223828],[164.420898,-77.883496],[162.450293,-76.955664],[162.815723,-75.846191],[160.910742,-75.334668],[162.410059,-75.237598],[163.397852,-74.382129],[165.408594,-74.558594],[164.812988,-73.396777],[165.733691,-73.866699],[165.860156,-73.592676],[167.709082,-73.394238],[166.452832,-72.936035],[167.155664,-73.147266],[169.54502,-73.050391],[169.828613,-72.728809],[168.428418,-72.383398],[170.206445,-72.565332],[170.030078,-72.115527],[170.859082,-71.868555],[170.435742,-71.41875],[170.162305,-71.630469],[166.626953,-70.664258],[163.566504,-70.642285],[162.674805,-70.30459],[162.021973,-70.439844],[162.189453,-71.039551],[159.783984,-69.521875],[155.520313,-69.024414],[153.908008,-68.323145],[153.081836,-68.856836],[151.28877,-68.81709],[150.935938,-68.358496],[147.093652,-68.368652],[145.975195,-67.624219],[143.977344,-67.864551],[144.621191,-67.141406],[143.730371,-66.876758],[142.6875,-67.012793],[135.351953,-66.127148],[134.289453,-66.476758],[133.148242,-66.094824],[130.120508,-66.291504],[129.236914,-67.041602],[128.430566,-67.119141],[125.865625,-66.364453],[119.133008,-67.370703],[120.374805,-66.983789],[116.713477,-67.047168],[114.026563,-67.441211],[113.991211,-67.211914],[115.635352,-66.771191],[113.099414,-65.799902],[110.906738,-66.07666],[110.622266,-66.524023],[109.462793,-66.908691],[102.674219,-65.865137],[101.381348,-65.973047],[100.889063,-66.358008],[99.370117,-66.648242],[98.257617,-66.46748],[94.839844,-66.501367],[93.964258,-66.689648],[92.073438,-66.50791],[84.485156,-67.114453],[83.304297,-67.603027],[79.035156,-68.175391],[77.81748,-69.068945],[75.423828,-69.893066],[73.324805,-69.848926],[71.771387,-70.80127],[71.276758,-71.623926],[68.419824,-72.515039],[67.32207,-73.300293],[66.497656,-73.125488],[69.250195,-70.431055],[67.267969,-70.273145],[68.178125,-69.837305],[69.082617,-69.866602],[68.90625,-69.372754],[69.629492,-69.231641],[69.982227,-68.464258],[69.55918,-67.763184],[68.32793,-67.889551],[63.699023,-67.508301],[59.250781,-67.484961],[57.627441,-67.014063],[56.154883,-67.264551],[56.145898,-66.626074],[57.185449,-66.613281],[55.504492,-66.002637],[53.671777,-65.858691],[51.88457,-66.02002],[50.332422,-66.444629],[50.553027,-67.194336],[49.24707,-66.941602],[48.465234,-67.043457],[49.219336,-67.226855],[48.374512,-67.988086],[48.209961,-67.699316],[47.489844,-67.72793],[47.351562,-67.361914],[46.559668,-67.268164],[46.399023,-67.617578],[42.960938,-68.095312],[40.215625,-68.804883],[38.885547,-70.171875],[37.787109,-69.725684],[35.357031,-69.681348],[34.595898,-69.094531],[33.813672,-69.099316],[34.192871,-68.702441],[33.465625,-68.670703],[32.641602,-68.868945],[32.621289,-70.000586],[30.00332,-70.3],[26.498828,-71.019531],[24.756738,-70.89209],[24.024121,-70.413379],[23.149902,-70.796289],[22.44541,-70.739746],[21.70498,-70.258496],[21.070801,-70.843457],[19.651855,-70.920605],[19.009375,-70.212109],[18.124609,-70.540332],[16.381055,-70.145117],[13.822656,-70.343164],[13.065625,-70.053613],[11.70127,-70.766602],[9.141602,-70.183691],[8.523047,-70.473828],[7.676758,-70.356348],[2.609473,-70.900098],[-0.543164,-71.712695],[-1.067773,-71.265625],[-6.11748,-71.325977],[-5.936328,-70.712695],[-7.752734,-70.842773],[-7.713721,-71.546484],[-8.497705,-71.674805],[-10.270605,-70.935742],[-10.825439,-71.55332],[-12.351318,-71.389746],[-11.009229,-71.75791],[-11.496973,-72.412891],[-13.208594,-72.785059],[-14.297754,-72.733008],[-14.164697,-73.102441],[-15.595996,-73.096777],[-16.435205,-73.425684],[-16.220117,-73.915723],[-14.573828,-73.9375],[-15.67251,-74.407324],[-17.43584,-74.379102],[-18.749219,-75.24209],[-18.30459,-75.431348],[-26.059326,-75.957227],[-34.075781,-77.425391],[-36.23916,-78.774219],[-32.994238,-79.228809],[-30.645264,-79.124121],[-29.949316,-79.599023],[-23.406836,-79.858984],[-31.01543,-80.308105],[-35.327002,-80.650684],[-37.209277,-81.063867],[-38.771729,-80.882324],[-41.125879,-81.214844],[-45.04375,-82.437988],[-46.516748,-82.45459],[-46.258057,-81.946973],[-48.360791,-81.892285],[-53.986084,-82.200586],[-59.516016,-83.458398],[-61.425293,-83.395605],[-62.735645,-82.527344],[-60.527734,-82.199902],[-64.91958,-82.370508],[-66.133838,-81.953418],[-62.490234,-81.556738],[-65.573682,-81.460547],[-70.687891,-80.62627],[-73.029492,-80.917285],[-75.075586,-80.860059],[-76.407324,-80.094922],[-79.6604,-79.996875],[-76.557861,-79.903516],[-76.217676,-79.387207],[-80.151172,-79.268066],[-80.891992,-79.501855],[-83.696631,-78.537305],[-83.779004,-77.983594],[-80.292285,-78.822754],[-77.54502,-78.65957],[-77.858105,-78.350977],[-81.580957,-77.846094],[-80.601562,-77.751953],[-74.812061,-78.177832],[-73.251562,-77.894238],[-72.851953,-77.590234],[-75.748145,-77.398438],[-77.190039,-76.629785],[-70.550781,-76.718066],[-63.363379,-75.451465],[-64.279541,-75.292871],[-63.231055,-75.153809],[-63.924707,-75.004492],[-63.178125,-74.68418],[-62.137793,-74.926367],[-62.235303,-74.441309],[-60.704297,-74.307129],[-61.842773,-74.289648],[-60.790283,-73.711816],[-62.008301,-73.147656],[-60.122217,-73.275293],[-60.009766,-72.937891],[-61.286133,-72.600781],[-60.719434,-72.072656],[-62.256641,-72.017578],[-60.949023,-71.747266],[-61.213574,-71.564062],[-61.958789,-71.657812],[-60.962256,-71.244629],[-62.04043,-70.801367],[-61.504687,-70.490527],[-62.377783,-70.364844],[-61.961084,-70.120117],[-63.747021,-68.70459],[-62.933301,-68.442578],[-63.924463,-68.497656],[-64.078467,-68.771191],[-65.15835,-68.617969],[-65.452002,-68.336719],[-64.829492,-68.127441],[-65.639502,-68.130566],[-65.503125,-67.377246],[-64.819287,-67.307324],[-64.686279,-66.80625],[-63.754736,-66.872949],[-63.752539,-66.277734],[-62.628906,-66.706152],[-62.682031,-66.237305],[-61.756006,-66.429199],[-61.431934,-66.144727],[-61.028418,-66.336523],[-60.618311,-65.933105],[-61.839062,-66.119531],[-62.293262,-65.916406],[-61.703125,-64.987207],[-61.059863,-64.98125],[-59.963086,-64.431348],[-59.645996,-64.583691],[-59.546777,-64.358789],[-58.786084,-64.524219],[-59.005322,-64.194922],[-57.460645,-63.513574],[-56.834766,-63.63125],[-57.020654,-63.372852],[-57.389648,-63.22627],[-58.87207,-63.551855],[-60.86416,-64.073438],[-61.631787,-64.604688],[-62.503467,-64.656445],[-63.059082,-65.139355],[-63.760254,-65.033496],[-63.818115,-65.531543],[-64.646582,-65.747852],[-64.613525,-66.019043],[-65.617285,-66.135254],[-65.766406,-66.624902],[-66.503613,-66.689844],[-66.498682,-67.289062],[-67.034473,-66.945117],[-67.493359,-67.112793],[-67.544531,-67.534668],[-66.677246,-67.560254],[-67.390527,-68.86123],[-66.974902,-69.161035],[-67.371777,-69.412305],[-68.707959,-69.432227],[-66.827734,-72.09043],[-68.000342,-72.935547],[-72.929199,-73.447949],[-73.996045,-73.699805],[-75.293066,-73.63877],[-77.048926,-73.844141],[-76.850488,-73.460449],[-78.78623,-73.506738],[-80.442236,-72.944531],[-80.336377,-73.41416],[-81.176416,-73.248828],[-81.30874,-73.738281],[-82.183496,-73.856836],[-85.801416,-73.19209],[-86.791016,-73.363672],[-88.419385,-73.229004],[-88.194092,-72.7875],[-88.77998,-72.683008],[-90.920947,-73.319141],[-92.828369,-73.164648],[-96.394238,-73.301172],[-98.208594,-73.022266],[-102.409277,-72.987402],[-102.855859,-72.716211],[-103.375,-72.818848],[-102.908789,-73.285156],[-98.896143,-73.611133],[-102.862744,-73.783594],[-101.251709,-74.485742],[-100.118604,-74.515039],[-100.47334,-74.872363],[-98.752344,-75.31709],[-101.039355,-75.421875],[-101.708105,-75.127344],[-103.121045,-75.095215],[-106.618848,-75.343945],[-111.358789,-75.219922],[-110.229785,-74.536328],[-111.180176,-74.188086],[-111.69624,-74.792188],[-114.110449,-74.981836],[-113.508496,-74.088867],[-114.62373,-73.90293],[-115.222607,-74.487402],[-118.655762,-74.392773],[-121.543945,-74.75],[-135.362061,-74.69043],[-136.649854,-75.161719],[-139.691162,-75.212793],[-141.22334,-75.545898],[-140.874316,-75.745898],[-142.329834,-75.490918],[-145.987744,-75.88877],[-145.44209,-76.40918],[-148.458984,-76.117969],[-149.654248,-76.365332],[-147.34043,-76.438379],[-145.750488,-76.749023],[-145.677148,-77.488086],[-148.572412,-77.105078],[-148.155713,-77.462305],[-149.717725,-77.797461],[-154.814941,-77.126953],[-158.213574,-77.157129],[-158.285889,-77.950781],[-157.266797,-78.199805],[-154.293018,-78.259082],[-156.114551,-78.744629],[-152.137695,-79.115918],[-148.176514,-79.775879],[-150.575391,-80.353711],[-148.023438,-80.835742],[-156.528223,-81.162305],[-157.03252,-81.319141],[-153.956641,-81.700195],[-153.009863,-82.449609],[-159.444385,-83.543164],[-174.235938,-82.793457],[-167.801221,-83.79082],[-164.950879,-83.805859],[-165.135352,-84.409863],[-156.986328,-84.811133],[-156.459131,-85.186035],[-171.703662,-84.542383],[-180,-84.351562],[-180,-89.998926]]],[[[-164.225781,-79.320801],[-159.05293,-79.807422],[-159.963525,-79.324316],[-163.256104,-78.72207],[-164.225781,-79.320801]]],[[[-150.788525,-76.981641],[-149.230664,-77.120508],[-149.870605,-76.875],[-150.788525,-76.981641]]],[[[-132.162646,-74.425781],[-131.066699,-74.583789],[-130.981104,-74.414062],[-132.162646,-74.425781]]],[[[-127.267627,-73.304004],[-127.211621,-73.724414],[-123.937402,-74.256152],[-124.128516,-73.833984],[-125.798584,-73.801953],[-125.263965,-73.666406],[-126.329883,-73.28623],[-127.267627,-73.304004]]],[[[-123.112158,-73.682227],[-122.859082,-74.342676],[-121.002441,-74.326367],[-120.55625,-73.756055],[-123.112158,-73.682227]]],[[[-117.376465,-74.082813],[-116.738623,-74.165039],[-116.381299,-73.865527],[-117.376465,-74.082813]]],[[[-102.313623,-72.081055],[-98.407812,-72.547656],[-95.575391,-72.409961],[-95.6854,-72.056641],[-96.978906,-72.221875],[-96.38335,-71.836328],[-97.345215,-72.189062],[-97.584766,-71.882617],[-98.167969,-72.123047],[-98.091113,-71.9125],[-98.61543,-71.76377],[-99.833203,-72.046094],[-100.218652,-71.83291],[-102.313623,-72.081055]]],[[[-91.303516,-72.547363],[-91.160693,-73.182227],[-90.76333,-72.681055],[-91.303516,-72.547363]]],[[[-76.421484,-71.09043],[-74.205029,-70.924121],[-73.706641,-70.635156],[-74.400977,-70.575879],[-74.589697,-70.791992],[-74.953613,-70.590234],[-76.421484,-71.09043]]],[[[-76.096387,-73.150488],[-74.574658,-73.611328],[-74.354443,-73.098438],[-75.376855,-72.82041],[-76.096387,-73.150488]]],[[[-75.80415,-70.038184],[-74.848828,-70.179297],[-74.437988,-69.949609],[-74.987109,-69.727832],[-75.80415,-70.038184]]],[[[-75.335449,-71.645215],[-73.995605,-72.169824],[-73.775977,-71.848926],[-72.927637,-71.92168],[-72.336621,-71.632227],[-70.820996,-71.906543],[-71.892188,-72.152832],[-70.206006,-72.227734],[-72.7375,-72.280566],[-72.36748,-72.669727],[-69.209326,-72.53418],[-68.241016,-71.822168],[-68.459473,-70.68291],[-70.051123,-69.189062],[-70.416992,-68.788965],[-72.137891,-69.114551],[-71.728516,-70.053711],[-69.618359,-70.398047],[-71.190039,-70.65957],[-69.875781,-70.875977],[-69.869775,-71.125684],[-70.380664,-70.946387],[-72.710449,-71.072949],[-72.21167,-71.335059],[-75.335449,-71.645215]]],[[[-71.68667,-79.568066],[-70.334082,-79.679883],[-67.038135,-78.315723],[-71.454004,-79.128906],[-71.68667,-79.568066]]],[[[-69.120361,-67.57793],[-68.58042,-67.732813],[-67.988477,-67.474414],[-67.830518,-66.624316],[-69.120361,-67.57793]]],[[[-68.548926,-79.437402],[-67.261914,-79.452637],[-68.032568,-79.227148],[-68.548926,-79.437402]]],[[[-67.743262,-67.66123],[-67.348926,-67.766211],[-67.246729,-67.59873],[-67.743262,-67.66123]]],[[[-67.687939,-79.528418],[-66.173633,-80.077832],[-65.579248,-79.770801],[-67.687939,-79.528418]]],[[[-66.771143,-80.293848],[-60.582812,-80.948145],[-59.733936,-80.344141],[-60.578809,-79.741016],[-61.633301,-80.344141],[-66.771143,-80.293848]]],[[[-64.27207,-64.697559],[-63.739502,-64.834277],[-62.836523,-64.571875],[-63.180566,-64.469531],[-63.485596,-64.260547],[-64.27207,-64.697559]]],[[[-62.781787,-64.479004],[-62.325781,-64.424414],[-62.058496,-64.138086],[-62.451416,-64.012402],[-62.781787,-64.479004]]],[[[-62.442139,-69.145996],[-61.997607,-69.721875],[-61.815967,-69.376172],[-62.442139,-69.145996]]],[[[-61.149805,-62.63418],[-59.849561,-62.614941],[-60.625,-62.560059],[-61.149805,-62.63418]]],[[[-59.003711,-62.209766],[-57.639551,-62.02041],[-57.978418,-61.911914],[-59.003711,-62.209766]]],[[[-58.424951,-64.067773],[-58.214062,-64.369727],[-57.294678,-64.366992],[-57.479736,-63.961621],[-57.845996,-64.053906],[-57.925684,-63.806055],[-58.424951,-64.067773]]],[[[-56.462842,-63.418066],[-55.075195,-63.324316],[-55.528027,-63.173535],[-56.462842,-63.418066]]],[[[-55.387012,-61.072656],[-55.16543,-61.22041],[-54.670996,-61.116992],[-55.387012,-61.072656]]],[[[-54.1625,-80.870117],[-43.52793,-80.191406],[-43.544336,-78.901953],[-45.222656,-78.810742],[-43.947217,-78.597559],[-44.093994,-78.167285],[-45.993164,-77.826855],[-47.69209,-77.840137],[-50.14165,-78.556738],[-50.339258,-79.479492],[-52.297168,-80.141211],[-53.393896,-80.108789],[-54.1625,-80.870117]]],[[[-36.565967,-79.208789],[-33.93418,-79.32041],[-35.534668,-79.090039],[-36.565967,-79.208789]]],[[[-31.68042,-79.634277],[-31.594238,-79.887695],[-29.614453,-79.90957],[-30.779932,-79.647363],[-31.118848,-79.798438],[-31.68042,-79.634277]]],[[[-22.035352,-74.106543],[-20.489014,-74.492676],[-20.607422,-73.886621],[-20.580225,-73.619238],[-22.035352,-74.106543]]],[[[-3.574658,-70.703125],[-2.783496,-71.16748],[-2.092285,-70.820898],[-2.532812,-70.767773],[-3.574658,-70.703125]]],[[[2.584668,-70.53457],[3.036914,-70.597363],[3.072168,-70.381641],[2.584668,-70.53457]]],[[[15.596875,-69.828027],[16.222656,-70.007617],[16.573438,-69.723242],[15.596875,-69.828027]]],[[[26.005371,-70.372949],[26.857227,-70.381152],[26.301074,-70.072461],[26.005371,-70.372949]]],[[[96.307031,-66.18584],[96.933984,-66.200781],[96.612695,-66.03584],[96.307031,-66.18584]]],[[[100.292578,-65.65127],[100.981445,-65.677539],[101.220605,-65.472266],[100.545117,-65.408984],[100.292578,-65.65127]]],[[[166.111133,-78.089648],[166.121875,-78.274609],[167.642773,-78.141406],[166.111133,-78.089648]]],[[[166.506348,-77.189355],[166.729004,-77.850977],[169.352734,-77.524707],[167.084082,-77.32168],[166.506348,-77.189355]]]]}},{"type":"Feature","properties":{"name":"荷属圣马丁","full_name":"荷属圣马丁岛","iso_a2":"SX","iso_a3":"SXM","iso_n3":"534","NAME_ZH":"荷属圣马丁","ADM0_A3":"SXM"},"geometry":{"type":"MultiPolygon","coordinates":[[[[-63.123047,18.068945],[-63.023047,18.019189],[-63.011182,18.068945],[-63.123047,18.068945]]]]}},{"type":"Feature","properties":{"name":"图瓦卢","full_name":"图瓦卢","iso_a2":"TV","iso_a3":"TUV","iso_n3":"798","NAME_ZH":"图瓦卢","ADM0_A3":"TUV"},"geometry":{"type":"MultiPolygon","coordinates":[[[[179.195703,-8.534766],[179.213672,-8.524219],[179.203027,-8.466309],[179.195703,-8.534766]]]]}},{"type":"Feature","properties":{"NAME_ZH":"中国","ADM0_A3":"CHN","full_name":"中华人民共和国"},"geometry":{"type":"MultiPolygon","coordinates":[[[[124.515065,40.22019],[124.62655,40.291896],[124.722636,40.321561],[124.739267,40.371733],[124.834121,40.423235],[124.913578,40.481981],[124.945606,40.45603],[124.985642,40.475153],[125.044157,40.466503],[125.042925,40.483802],[125.004737,40.496091],[125.015823,40.533853],[125.076801,40.562048],[125.113758,40.569322],[125.181511,40.611132],[125.262815,40.620218],[125.279445,40.655187],[125.305315,40.661089],[125.329337,40.643835],[125.375532,40.658365],[125.422343,40.635661],[125.418648,40.673345],[125.453756,40.676522],[125.459916,40.707379],[125.49564,40.728697],[125.544915,40.729605],[125.551075,40.761796],[125.585567,40.788535],[125.61698,40.763609],[125.685349,40.769048],[125.67611,40.788082],[125.641002,40.798503],[125.648393,40.826133],[125.707523,40.866877],[125.778356,40.897645],[125.817161,40.866877],[125.860892,40.888597],[125.875059,40.908501],[125.921254,40.882715],[125.959442,40.88181],[126.008102,40.936537],[126.041362,40.928851],[126.051833,40.96185],[126.08263,40.976762],[126.066,40.997542],[126.1085,41.011995],[126.099877,41.036376],[126.133753,41.063906],[126.124514,41.092327],[126.16763,41.094583],[126.187956,41.113072],[126.188572,41.114875],[126.295129,41.171661],[126.332086,41.236949],[126.35426,41.244599],[126.373354,41.289133],[126.437411,41.353405],[126.497158,41.374965],[126.524259,41.349362],[126.539041,41.366881],[126.497158,41.406842],[126.559983,41.548081],[126.582773,41.563307],[126.564295,41.608965],[126.592628,41.624624],[126.608027,41.669345],[126.644983,41.661297],[126.688099,41.674262],[126.724439,41.710907],[126.690562,41.728328],[126.694874,41.751103],[126.723207,41.753335],[126.8002,41.702865],[126.809439,41.749317],[126.848243,41.734134],[126.85625,41.760031],[126.887047,41.791719],[126.931395,41.812687],[126.952953,41.804212],[126.940018,41.773423],[126.979438,41.776993],[127.005923,41.749317],[127.050887,41.744852],[127.057662,41.703758],[127.037952,41.676944],[127.103242,41.647883],[127.093387,41.629993],[127.127263,41.622388],[127.135887,41.600463],[127.178386,41.600015],[127.125416,41.566442],[127.11864,41.540018],[127.164836,41.542706],[127.188241,41.527475],[127.241212,41.520754],[127.28864,41.501932],[127.253531,41.486691],[127.296031,41.486243],[127.360704,41.466065],[127.360088,41.479518],[127.405668,41.478621],[127.419835,41.460235],[127.459255,41.461581],[127.465414,41.479069],[127.526392,41.467859],[127.547334,41.477276],[127.563964,41.432871],[127.618783,41.432871],[127.636645,41.413575],[127.684073,41.422999],[127.780159,41.427038],[127.854688,41.420755],[127.86947,41.4037],[127.882405,41.448124],[127.909506,41.42973],[127.93168,41.444984],[127.970484,41.438704],[127.991426,41.421204],[128.000049,41.442741],[128.040085,41.393375],[128.110919,41.393375],[128.090593,41.374516],[128.114614,41.364186],[128.169433,41.404149],[128.203925,41.410882],[128.243345,41.477276],[128.238418,41.497898],[128.301244,41.540018],[128.317874,41.575844],[128.30186,41.627756],[128.248889,41.681414],[128.208853,41.688565],[128.163889,41.721628],[128.147875,41.78101],[128.112766,41.793504],[128.104143,41.843457],[128.115846,41.896935],[128.106607,41.949923],[128.033926,42.000199],[128.090593,42.022877],[128.294468,42.026434],[128.405338,42.018876],[128.466316,42.020654],[128.49896,42.000644],[128.598127,42.007315],[128.60675,42.02999],[128.637547,42.035324],[128.658489,42.018876],[128.70222,42.02021],[128.737945,42.050435],[128.779213,42.033546],[128.795227,42.042436],[128.898089,42.016653],[128.952908,42.025545],[128.954755,42.083756],[128.971386,42.097079],[129.008958,42.09175],[129.039139,42.107736],[129.048378,42.137476],[129.113668,42.140583],[129.166639,42.188047],[129.215914,42.208442],[129.209138,42.237692],[129.181421,42.242122],[129.183269,42.262056],[129.215914,42.265157],[129.231312,42.283755],[129.208522,42.293052],[129.260261,42.335536],[129.231312,42.356325],[129.240551,42.376223],[129.326167,42.389927],[129.30892,42.403628],[129.331094,42.429695],[129.356348,42.427045],[129.344029,42.451777],[129.376058,42.447803],[129.366203,42.428811],[129.392688,42.42837],[129.400695,42.449128],[129.452434,42.441179],[129.49863,42.412023],[129.546057,42.361632],[129.578086,42.380202],[129.569463,42.399208],[129.601492,42.415116],[129.601492,42.422627],[129.587941,42.448686],[129.624281,42.459284],[129.651999,42.426603],[129.704354,42.427045],[129.748701,42.471204],[129.738846,42.500332],[129.749933,42.546644],[129.746237,42.58455],[129.786889,42.615387],[129.754245,42.645768],[129.796744,42.681854],[129.767179,42.707806],[129.78381,42.762752],[129.810911,42.795257],[129.816454,42.851003],[129.835549,42.866796],[129.846636,42.918533],[129.874969,42.923792],[129.856491,42.951833],[129.868193,42.97373],[129.903918,42.968475],[129.897143,43.001748],[129.954425,43.010938],[129.963664,42.978547],[130.002468,42.981174],[130.027106,42.9676],[130.072685,42.971541],[130.10841,42.989929],[130.144134,42.976357],[130.120729,42.954461],[130.127504,42.932556],[130.10225,42.922916],[130.136127,42.90363],[130.17062,42.912397],[130.21004,42.902315],[130.258083,42.90626],[130.277793,42.892232],[130.258083,42.860655],[130.245148,42.799209],[130.242069,42.738582],[130.257467,42.710884],[130.290112,42.702968],[130.333228,42.64973],[130.373264,42.630799],[130.388046,42.603054],[130.420691,42.617148],[130.44656,42.607459],[130.423771,42.574855],[130.435474,42.553257],[130.476125,42.570007],[130.459495,42.588075],[130.482285,42.626837],[130.522937,42.622433],[130.520473,42.593362],[130.558661,42.495919],[130.585763,42.485328],[130.581451,42.435437],[130.645509,42.426603],[130.600545,42.450453],[130.599929,42.486211],[130.565437,42.506509],[130.570364,42.557224],[130.622719,42.573092],[130.633806,42.603494],[130.592538,42.671295],[130.521089,42.702089],[130.464423,42.688453],[130.425003,42.706926],[130.40714,42.731548],[130.46627,42.772417],[130.532792,42.787352],[130.562357,42.815015],[130.603625,42.819405],[130.665835,42.847932],[130.708335,42.846615],[130.719422,42.831695],[130.75453,42.845738],[130.784095,42.842227],[130.801957,42.879515],[130.845073,42.881269],[130.890653,42.852758],[130.912826,42.870744],[130.949783,42.876884],[130.981812,42.857145],[131.043406,42.862848],[131.017536,42.915027],[131.034167,42.929051],[131.114855,42.915027],[131.145652,42.9365],[131.151195,42.968475],[131.115471,42.975482],[131.11855,43.007875],[131.102536,43.021002],[131.120398,43.068238],[131.171521,43.06955],[131.173985,43.111506],[131.207861,43.1316],[131.218948,43.191405],[131.201086,43.203185],[131.206014,43.237202],[131.255289,43.265099],[131.269455,43.297775],[131.275615,43.369165],[131.314419,43.392653],[131.295941,43.441774],[131.314419,43.461325],[131.31873,43.499539],[131.304564,43.502144],[131.276847,43.495632],[131.20047,43.532089],[131.222028,43.593234],[131.216485,43.613169],[131.239274,43.670337],[131.221412,43.682024],[131.215869,43.72745],[131.232499,43.742585],[131.213405,43.801357],[131.2171,43.836334],[131.254057,43.893289],[131.26268,43.948897],[131.245434,43.95579],[131.26576,44.034578],[131.28239,44.035868],[131.287318,44.03802],[131.293477,44.043182],[131.310723,44.046623],[131.111775,44.710042],[131.090833,44.717272],[131.093297,44.746183],[131.069275,44.759783],[131.064348,44.786973],[131.016304,44.789521],[131.015688,44.814999],[130.972573,44.820094],[130.965181,44.85065],[131.07913,44.881614],[131.10192,44.898997],[131.090217,44.924427],[131.16105,44.948151],[131.20355,44.932901],[131.207861,44.913833],[131.263296,44.929935],[131.274999,44.919766],[131.313803,44.950692],[131.313803,44.965938],[131.355071,44.990068],[131.380324,44.978216],[131.409889,44.985836],[131.464708,44.963397],[131.501664,44.977793],[131.484418,44.99557],[131.529382,45.012073],[131.566338,45.045487],[131.63286,45.075078],[131.695685,45.132104],[131.687678,45.1511],[131.650722,45.159962],[131.681519,45.215217],[131.721555,45.234606],[131.759127,45.213952],[131.79362,45.211844],[131.788692,45.245984],[131.825649,45.291472],[131.82996,45.311677],[131.887858,45.342393],[131.917423,45.339448],[131.93159,45.287683],[131.976554,45.277156],[132.003655,45.25441],[132.17427,45.216903],[132.394161,45.16376],[132.76434,45.081417],[132.867202,45.061976],[132.916477,45.031109],[132.954049,45.023072],[132.98731,45.043373],[133.035969,45.054366],[133.070462,45.097051],[133.089556,45.097473],[133.107418,45.124504],[133.139447,45.127459],[133.129592,45.211422],[133.095715,45.246827],[133.110498,45.266627],[133.097563,45.284735],[133.128976,45.336924],[133.119121,45.352908],[133.144991,45.367205],[133.143759,45.430658],[133.164701,45.437377],[133.170244,45.465506],[133.203505,45.516689],[133.246005,45.517528],[133.333468,45.562379],[133.342707,45.554836],[133.393214,45.580393],[133.423395,45.584163],[133.412924,45.618079],[133.471438,45.631053],[133.448649,45.647372],[133.485605,45.658667],[133.484989,45.691702],[133.445569,45.705077],[133.454192,45.731819],[133.486837,45.740173],[133.469591,45.777751],[133.505315,45.785681],[133.469591,45.799451],[133.467743,45.834905],[133.494228,45.840325],[133.491764,45.867002],[133.51209,45.887001],[133.55459,45.893249],[133.583539,45.868669],[133.618032,45.903662],[133.614952,45.942794],[133.676546,45.94321],[133.681474,45.986473],[133.740604,46.048812],[133.745531,46.075389],[133.690713,46.133896],[133.706111,46.163333],[133.764626,46.17328],[133.794807,46.193583],[133.814517,46.230854],[133.849625,46.203939],[133.87919,46.233752],[133.867487,46.250722],[133.909987,46.254447],[133.91861,46.280924],[133.908139,46.308216],[133.922922,46.330948],[133.869335,46.338386],[133.876726,46.362345],[133.940784,46.38134],[133.948791,46.401153],[133.902596,46.446119],[133.852089,46.450242],[133.849625,46.475389],[133.890893,46.525235],[133.919842,46.596012],[134.011001,46.637941],[134.030711,46.708981],[134.033175,46.759023],[134.052885,46.779928],[134.025168,46.810657],[134.041182,46.848326],[134.042414,46.886787],[134.076291,46.938298],[134.063972,46.979962],[134.10216,47.005678],[134.118175,47.061968],[134.142812,47.093349],[134.222268,47.105164],[134.232739,47.134892],[134.230276,47.182097],[134.210566,47.210155],[134.156979,47.248357],[134.177305,47.326299],[134.203174,47.347389],[134.263536,47.371307],[134.266616,47.391974],[134.307268,47.428829],[134.339297,47.439759],[134.490202,47.446235],[134.522847,47.468086],[134.568426,47.478199],[134.576434,47.519036],[134.627556,47.546512],[134.678064,47.588507],[134.689766,47.63813],[134.779694,47.7159],[134.772918,47.763391],[134.678679,47.819278],[134.670056,47.864667],[134.677448,47.884738],[134.658969,47.901191],[134.607846,47.909214],[134.599839,47.947711],[134.55426,47.982173],[134.551796,48.032622],[134.632484,48.099412],[134.67252,48.170505],[134.679295,48.256245],[134.77107,48.288908],[134.864077,48.332293],[135.009439,48.365703],[135.090743,48.403461],[135.09567,48.437618],[135.068569,48.459451],[135.035924,48.440795],[134.996504,48.439603],[134.927519,48.451513],[134.886867,48.437618],[134.848679,48.393925],[134.820961,48.37604],[134.764295,48.370076],[134.704549,48.405448],[134.640491,48.409818],[134.578281,48.405448],[134.501905,48.418954],[134.438463,48.405448],[134.369478,48.382797],[134.20379,48.3824],[134.150819,48.346217],[134.116327,48.333089],[134.0689,48.338659],[134.029479,48.327519],[133.995603,48.303639],[133.940784,48.302047],[133.876111,48.282536],[133.824372,48.277359],[133.791111,48.261026],[133.740604,48.254651],[133.693177,48.186866],[133.667307,48.183275],[133.59709,48.194846],[133.573068,48.182078],[133.545967,48.121389],[133.451728,48.112999],[133.407997,48.124585],[133.302055,48.103009],[133.239845,48.126583],[133.182563,48.135769],[133.130208,48.134971],[133.053216,48.110202],[133.02673,48.085421],[133.016259,48.054228],[132.992238,48.035424],[132.883216,48.002599],[132.819159,47.936887],[132.769268,47.93849],[132.723072,47.962941],[132.691043,47.962941],[132.661478,47.944905],[132.662094,47.922451],[132.687348,47.88514],[132.662094,47.854227],[132.621442,47.82852],[132.599268,47.792347],[132.6005,47.740858],[132.558,47.718316],[132.469305,47.726368],[132.371987,47.765402],[132.325175,47.762184],[132.288835,47.742065],[132.272205,47.718718],[132.242639,47.70986],[132.19706,47.714289],[132.157024,47.70543],[132.086191,47.703013],[132.000575,47.712276],[131.976554,47.673201],[131.900793,47.685692],[131.825649,47.677231],[131.741881,47.706638],[131.690142,47.707041],[131.641483,47.663932],[131.59036,47.660707],[131.568186,47.682469],[131.559563,47.724757],[131.543548,47.736028],[131.456085,47.747297],[131.359998,47.730796],[131.273767,47.738846],[131.236811,47.733211],[131.183224,47.702611],[131.115471,47.689721],[131.029855,47.694555],[130.983659,47.713081],[130.966413,47.733211],[130.961486,47.828118],[130.891269,47.927263],[130.870943,47.943301],[130.770544,47.998194],[130.737284,48.034223],[130.699711,48.044227],[130.666451,48.105007],[130.673842,48.12818],[130.765617,48.18926],[130.769313,48.231136],[130.787791,48.256643],[130.817972,48.265409],[130.845073,48.296473],[130.81982,48.341444],[130.785327,48.357353],[130.747755,48.404256],[130.745907,48.449131],[130.776704,48.480084],[130.767465,48.507846],[130.711414,48.511414],[130.647357,48.484844],[130.620871,48.49595],[130.615944,48.575601],[130.605473,48.594207],[130.538335,48.612016],[130.538951,48.635751],[130.576524,48.688719],[130.622103,48.783842],[130.689856,48.849651],[130.680617,48.881146],[130.609168,48.881146],[130.559277,48.861071],[130.501995,48.865795],[130.471198,48.905541],[130.412068,48.905148],[130.279641,48.866976],[130.237757,48.868551],[130.219895,48.893739],[130.113337,48.956653],[130.059135,48.979047],[130.020946,49.021058],[129.937179,49.040285],[129.9187,49.060681],[129.934715,49.078717],[129.913157,49.1085],[129.866962,49.113985],[129.855259,49.133567],[129.864498,49.158621],[129.847867,49.181316],[129.784426,49.184054],[129.753629,49.208692],[129.761636,49.25754],[129.730223,49.288387],[129.696962,49.298535],[129.604571,49.279018],[129.562687,49.299706],[129.546057,49.395227],[129.51834,49.423652],[129.448739,49.441167],[129.390224,49.432605],[129.374826,49.414309],[129.379138,49.367175],[129.358196,49.355871],[129.320623,49.3586],[129.266421,49.396006],[129.215298,49.399122],[129.180805,49.386657],[129.143849,49.357431],[129.084719,49.359769],[129.061929,49.374189],[129.013886,49.457119],[128.932582,49.46801],[128.871604,49.492506],[128.792147,49.473065],[128.76135,49.482009],[128.763198,49.515824],[128.813089,49.558157],[128.802618,49.58222],[128.744104,49.595023],[128.715155,49.564756],[128.656025,49.577564],[128.619684,49.593471],[128.537764,49.604332],[128.500192,49.593859],[128.389939,49.58998],[128.343128,49.544956],[128.287077,49.566309],[128.243345,49.563203],[128.185447,49.53952],[128.122005,49.55311],[128.070882,49.556604],[128.001281,49.592307],[127.949542,49.596187],[127.897804,49.579116],[127.815268,49.593859],[127.782007,49.630698],[127.705015,49.665185],[127.677913,49.697712],[127.674833,49.764247],[127.653892,49.780094],[127.583059,49.786277],[127.531936,49.826059],[127.529472,49.864265],[127.547334,49.928645],[127.543638,49.944438],[127.495595,49.994479],[127.501755,50.056764],[127.58737,50.137768],[127.60708,50.178794],[127.603385,50.239309],[127.44632,50.270686],[127.371791,50.29669],[127.332371,50.340634],[127.369944,50.403996],[127.3644,50.438314],[127.30527,50.45432],[127.293567,50.46575],[127.323132,50.52552],[127.36132,50.547582],[127.370559,50.581415],[127.294799,50.663426],[127.28864,50.699451],[127.305886,50.733932],[127.295415,50.755139],[127.236285,50.781256],[127.143894,50.910111],[127.113713,50.93765],[127.052119,50.962911],[126.985597,51.029202],[126.922772,51.061937],[126.917844,51.138977],[126.899982,51.200518],[126.926467,51.246244],[126.976358,51.291551],[126.98375,51.318863],[126.970815,51.332327],[126.887047,51.321856],[126.877808,51.300906],[126.908605,51.283691],[126.92154,51.259729],[126.908605,51.246619],[126.863025,51.248492],[126.820526,51.281071],[126.813134,51.311756],[126.837156,51.345038],[126.904293,51.340552],[126.930163,51.359241],[126.908605,51.407423],[126.835308,51.413769],[126.791577,51.432428],[126.784185,51.448095],[126.812518,51.493948],[126.843931,51.521885],[126.837156,51.536033],[126.69549,51.57845],[126.67886,51.602246],[126.741069,51.642374],[126.723823,51.679126],[126.734294,51.711399],[126.724439,51.7266],[126.6727,51.73179],[126.658534,51.762544],[126.622809,51.777357],[126.580925,51.824728],[126.555056,51.874266],[126.510092,51.922274],[126.462665,51.948471],[126.468208,51.982395],[126.447882,52.009294],[126.450962,52.027709],[126.487918,52.041699],[126.514404,52.037282],[126.563679,52.119302],[126.556288,52.136203],[126.499005,52.16044],[126.457121,52.165212],[126.403535,52.185031],[126.34502,52.192002],[126.306832,52.205574],[126.312992,52.235271],[126.357955,52.264216],[126.401071,52.279597],[126.436795,52.277034],[126.4331,52.298632],[126.327774,52.310342],[126.320999,52.342163],[126.348716,52.357882],[126.353644,52.389304],[126.326542,52.424353],[126.268644,52.475051],[126.205202,52.466302],[126.192883,52.492181],[126.213209,52.525327],[126.147304,52.573],[126.066616,52.603905],[126.055529,52.582455],[126.030891,52.576273],[125.989008,52.603178],[125.968682,52.630429],[125.971145,52.654033],[125.995783,52.675085],[126.061688,52.673271],[126.072775,52.691048],[126.044442,52.739628],[126.112195,52.757016],[126.116507,52.768243],[126.052449,52.800095],[126.02042,52.795753],[125.985312,52.758465],[125.966834,52.759914],[125.937269,52.786705],[125.923718,52.815651],[125.855349,52.866259],[125.854117,52.891542],[125.827631,52.899123],[125.772197,52.89804],[125.751255,52.88143],[125.722306,52.880347],[125.678574,52.86084],[125.666871,52.869872],[125.665023,52.913561],[125.737088,52.943504],[125.742632,52.993964],[125.684118,53.00801],[125.643466,53.039686],[125.640386,53.06199],[125.613901,53.083564],[125.588647,53.081047],[125.530749,53.0512],[125.504263,53.061271],[125.503647,53.095424],[125.452524,53.107641],[125.343503,53.14463],[125.315786,53.144989],[125.252344,53.18051],[125.195062,53.198439],[125.142091,53.204175],[125.038613,53.202741],[124.970244,53.194137],[124.887708,53.164368],[124.909266,53.118059],[124.87231,53.099018],[124.832889,53.145347],[124.787926,53.140681],[124.734339,53.146783],[124.712165,53.162574],[124.720789,53.192344],[124.678905,53.207043],[124.590209,53.208476],[124.563108,53.201666],[124.496587,53.207759],[124.487348,53.217436],[124.435609,53.223886],[124.412203,53.248601],[124.375863,53.258984],[124.327819,53.331954],[124.239124,53.379817],[124.19416,53.37339],[124.125791,53.348033],[124.058038,53.404085],[124.01369,53.403371],[123.985973,53.434401],[123.865249,53.489627],[123.797495,53.489983],[123.746373,53.500308],[123.698329,53.498528],[123.668764,53.533756],[123.620721,53.550115],[123.58746,53.546915],[123.569598,53.505291],[123.53141,53.507071],[123.557895,53.531978],[123.546808,53.551537],[123.517243,53.558292],[123.490758,53.542648],[123.510468,53.509206],[123.499381,53.497816],[123.47228,53.509206],[123.454417,53.536602],[123.394055,53.538024],[123.309672,53.56078],[123.274563,53.563269],[123.231447,53.549404],[123.179092,53.509918],[123.137209,53.498172],[123.093477,53.508138],[123.052209,53.506715],[122.943804,53.483929],[122.894528,53.462914],[122.826775,53.457213],[122.763949,53.463626],[122.673406,53.459351],[122.608117,53.465408],[122.5379,53.453293],[122.496016,53.458638],[122.435038,53.444739],[122.37406,53.47467],[122.350038,53.505647],[122.266886,53.470039],[122.227466,53.461845],[122.161561,53.468614],[122.111054,53.426913],[122.077177,53.422277],[122.026054,53.428339],[121.875765,53.426556],[121.816019,53.41336],[121.754425,53.389454],[121.697758,53.392666],[121.589969,53.350891],[121.499426,53.337314],[121.416274,53.319443],[121.336818,53.325877],[121.308485,53.301565],[121.227797,53.280459],[121.155732,53.285468],[121.129246,53.277238],[121.098449,53.306929],[121.055334,53.29155],[120.950624,53.29763],[120.936457,53.28833],[120.882871,53.294411],[120.867472,53.278669],[120.820661,53.269007],[120.838523,53.239648],[120.821893,53.241797],[120.736277,53.204892],[120.690698,53.174771],[120.687002,53.142476],[120.659901,53.137091],[120.643886,53.106923],[120.562582,53.082845],[120.529321,53.045803],[120.452945,53.01017],[120.411061,52.957927],[120.363018,52.94134],[120.350699,52.906343],[120.295265,52.891542],[120.297112,52.869872],[120.222584,52.84277],[120.181316,52.806969],[120.14128,52.813119],[120.101244,52.788877],[120.031642,52.773674],[120.071063,52.70628],[120.035338,52.646409],[120.049505,52.598453],[120.07599,52.586092],[120.125265,52.586819],[120.194866,52.578819],[120.289721,52.623527],[120.396895,52.616261],[120.462184,52.64532],[120.483742,52.630066],[120.56135,52.595544],[120.605082,52.589364],[120.62664,52.570818],[120.658669,52.56718],[120.690698,52.547532],[120.734429,52.536977],[120.687002,52.511489],[120.706712,52.492909],[120.68269,52.464479],[120.688234,52.427637],[120.64943,52.3904],[120.653741,52.371038],[120.62356,52.361172],[120.627256,52.323878],[120.653741,52.302658],[120.695625,52.290214],[120.715951,52.261286],[120.755371,52.258355],[120.745516,52.20594],[120.786784,52.15787],[120.760299,52.136937],[120.76769,52.10938],[120.753523,52.085483],[120.717183,52.072978],[120.690698,52.047221],[120.691929,52.026973],[120.717799,52.015556],[120.704864,51.983501],[120.66298,51.958061],[120.656821,51.926333],[120.548416,51.907877],[120.549032,51.882394],[120.481278,51.885719],[120.480046,51.855049],[120.40059,51.833605],[120.40675,51.81659],[120.363634,51.789945],[120.317438,51.785873],[120.294649,51.752171],[120.226279,51.717703],[120.172693,51.679868],[120.087077,51.678013],[120.100628,51.649058],[120.05936,51.634203],[120.035954,51.583657],[120.052584,51.560967],[120.017476,51.52114],[119.985447,51.505125],[119.982367,51.482396],[120.002693,51.459283],[119.982983,51.445112],[119.97128,51.40033],[119.910918,51.390994],[119.914614,51.374187],[119.946643,51.360736],[119.883817,51.336813],[119.885049,51.302777],[119.811136,51.281071],[119.828383,51.263099],[119.797586,51.243622],[119.821607,51.21439],[119.784035,51.22601],[119.760629,51.212516],[119.788346,51.174636],[119.771716,51.124331],[119.752622,51.117193],[119.764325,51.092017],[119.719361,51.075099],[119.726753,51.051028],[119.678093,51.016404],[119.630666,51.00925],[119.598637,50.984767],[119.569688,50.933879],[119.491464,50.87878],[119.498855,50.827776],[119.515485,50.814165],[119.496391,50.771795],[119.506862,50.763846],[119.450196,50.695281],[119.430486,50.684286],[119.385522,50.682769],[119.394145,50.667219],[119.361501,50.632689],[119.298059,50.616743],[119.281428,50.601551],[119.295595,50.573814],[119.264182,50.536933],[119.262334,50.490124],[119.250631,50.448604],[119.22353,50.441363],[119.217371,50.414675],[119.165016,50.422683],[119.125596,50.389118],[119.176719,50.378814],[119.155777,50.364691],[119.188422,50.347509],[119.232153,50.365455],[119.259871,50.345218],[119.277117,50.366218],[119.322696,50.352474],[119.358421,50.358965],[119.381827,50.324208],[119.35103,50.303953],[119.339943,50.244668],[119.319001,50.220933],[119.358421,50.197953],[119.339327,50.192206],[119.350414,50.166145],[119.309762,50.161161],[119.290052,50.121655],[119.236465,50.075204],[119.190269,50.087877],[119.193965,50.069826],[119.163168,50.027554],[119.12498,50.019095],[119.090487,49.985629],[118.982082,49.979087],[118.964836,49.988708],[118.791757,49.955606],[118.761576,49.959456],[118.739402,49.946364],[118.672264,49.955991],[118.605127,49.926719],[118.574946,49.931342],[118.531214,49.887791],[118.485019,49.866194],[118.483787,49.830691],[118.443751,49.835709],[118.385853,49.827217],[118.398787,49.802502],[118.384005,49.783958],[118.315636,49.766953],[118.284223,49.743755],[118.220781,49.729831],[118.211542,49.690744],[118.156723,49.660149],[118.129622,49.669446],[118.082811,49.616741],[118.011362,49.614803],[117.995963,49.623332],[117.950999,49.596187],[117.866,49.591532],[117.849369,49.551557],[117.809333,49.521263],[117.638102,49.574847],[117.485349,49.633024],[117.278394,49.636512],[117.068974,49.695389],[116.736367,49.847674],[116.717889,49.847288],[116.428397,49.430659],[116.048363,48.873274],[116.077928,48.822471],[116.069305,48.811437],[115.83032,48.560156],[115.799523,48.514982],[115.822929,48.259432],[115.81061,48.257042],[115.529126,48.155336],[115.545141,48.134971],[115.539597,48.104607],[115.580249,47.921649],[115.939342,47.683275],[115.968291,47.689721],[116.111189,47.811642],[116.130283,47.823296],[116.26579,47.876711],[116.453035,47.837358],[116.669846,47.890758],[116.791186,47.89758],[116.879265,47.893968],[117.094844,47.8241],[117.384335,47.641356],[117.493357,47.758563],[117.519226,47.761782],[117.529081,47.782697],[117.813645,48.016212],[117.886942,48.025418],[117.96147,48.011007],[118.052014,48.01421],[118.107448,48.031021],[118.124694,48.047427],[118.150564,48.036224],[118.238643,48.041826],[118.238027,48.031422],[118.284839,48.011007],[118.351976,48.006203],[118.37415,48.016612],[118.422193,48.01461],[118.441903,47.995791],[118.568171,47.992187],[118.773278,47.771034],[119.134219,47.664335],[119.152081,47.540453],[119.205052,47.520249],[119.365812,47.47739],[119.32208,47.42721],[119.365812,47.423161],[119.386138,47.397645],[119.437877,47.378602],[119.450812,47.353065],[119.559217,47.303172],[119.56784,47.248357],[119.627586,47.247544],[119.716282,47.195518],[119.763093,47.13082],[119.806825,47.055037],[119.79081,47.04525],[119.795122,47.013024],[119.845013,46.964852],[119.859795,46.917046],[119.926933,46.903963],[119.920157,46.853238],[119.936172,46.790173],[119.917078,46.758203],[119.93494,46.712674],[119.911534,46.669572],[119.859179,46.669572],[119.804361,46.68189],[119.8136,46.66834],[119.783419,46.626023],[119.739687,46.615336],[119.677477,46.584908],[119.682405,46.605058],[119.656535,46.625612],[119.598637,46.618214],[119.557985,46.633832],[119.491464,46.629311],[119.431718,46.638763],[119.374435,46.603414],[119.357805,46.619447],[119.325776,46.608759],[119.26295,46.649034],[119.20074,46.648213],[119.152081,46.658072],[119.123132,46.642872],[119.073857,46.676552],[119.011647,46.745902],[118.951285,46.722111],[118.912481,46.733188],[118.914329,46.77501],[118.845343,46.771731],[118.788061,46.717598],[118.788061,46.687227],[118.677192,46.6979],[118.639004,46.721291],[118.586033,46.692975],[118.446831,46.704467],[118.41049,46.728265],[118.316252,46.73934],[118.274984,46.715957],[118.238643,46.709392],[118.192448,46.682711],[118.124078,46.678195],[118.04647,46.631366],[117.992883,46.631366],[117.982412,46.614925],[117.914659,46.607936],[117.868464,46.575447],[117.870927,46.549935],[117.813645,46.530588],[117.769913,46.537586],[117.748355,46.521941],[117.704008,46.516587],[117.641182,46.558166],[117.622704,46.596012],[117.596218,46.603414],[117.49582,46.600535],[117.42006,46.582029],[117.447777,46.528117],[117.392343,46.463023],[117.375712,46.416421],[117.383719,46.394962],[117.372017,46.36028],[117.247597,46.366888],[117.097308,46.356976],[116.876801,46.375559],[116.834302,46.384229],[116.81336,46.355737],[116.745606,46.327642],[116.673541,46.325163],[116.585462,46.292504],[116.573143,46.258998],[116.536187,46.23251],[116.439484,46.137628],[116.414231,46.133896],[116.271949,45.966926],[116.243,45.876169],[116.288579,45.839074],[116.278108,45.831152],[116.286731,45.775247],[116.260862,45.776082],[116.22329,45.747273],[116.217746,45.72221],[116.17463,45.688775],[116.1155,45.679577],[116.035428,45.685013],[116.026805,45.661177],[115.936878,45.632727],[115.864197,45.572853],[115.699741,45.45963],[115.586408,45.440317],[115.36467,45.392427],[115.178041,45.396209],[114.983404,45.379397],[114.920578,45.386122],[114.745035,45.438217],[114.600906,45.403773],[114.551014,45.387383],[114.539928,45.325985],[114.519602,45.283893],[114.459855,45.21353],[114.409348,45.179371],[114.347139,45.119436],[114.313262,45.107189],[114.19069,45.036607],[114.158045,44.994301],[114.116777,44.957045],[114.065038,44.931206],[113.907358,44.915104],[113.861778,44.863377],[113.798953,44.849377],[113.712105,44.788247],[113.631417,44.745333],[113.540874,44.759358],[113.503918,44.777628],[113.11526,44.799714],[113.037652,44.822641],[112.937869,44.840042],[112.850406,44.840466],[112.712436,44.879494],[112.599719,44.930783],[112.540589,45.001072],[112.438959,45.071697],[112.396459,45.064512],[112.113743,45.072965],[112.071243,45.096206],[112.002874,45.090713],[111.903707,45.052252],[111.764505,44.969325],[111.69244,44.859983],[111.624687,44.778477],[111.585267,44.705789],[111.560629,44.647062],[111.569868,44.57634],[111.530448,44.55033],[111.514434,44.507666],[111.478709,44.488884],[111.427586,44.394455],[111.415883,44.35724],[111.428818,44.319573],[111.507042,44.294305],[111.534144,44.26217],[111.541535,44.206855],[111.559397,44.171238],[111.662875,44.061247],[111.702295,44.034147],[111.773128,44.010479],[111.870447,43.940279],[111.959758,43.823382],[111.970845,43.748205],[111.951135,43.693275],[111.891388,43.6738],[111.79407,43.672068],[111.606209,43.513863],[111.564325,43.490422],[111.456535,43.494329],[111.400485,43.472618],[111.354289,43.436125],[111.183674,43.396132],[111.151029,43.38004],[111.069725,43.357852],[111.02045,43.329998],[110.82027,43.149067],[110.769763,43.099272],[110.736502,43.089657],[110.687227,43.036314],[110.689691,43.02144],[110.631177,42.936061],[110.469801,42.839156],[110.437156,42.781203],[110.34846,42.742098],[110.139657,42.674815],[110.108244,42.642687],[109.906216,42.635643],[109.733753,42.579262],[109.683862,42.558988],[109.544044,42.472528],[109.486761,42.458842],[109.291509,42.435879],[109.026039,42.458401],[108.983539,42.449128],[108.845569,42.395673],[108.798757,42.415116],[108.705134,42.413349],[108.532671,42.442945],[108.298614,42.438529],[108.238252,42.460167],[108.089195,42.436321],[108.022058,42.433229],[107.986949,42.413349],[107.939522,42.403628],[107.736262,42.415116],[107.57427,42.412907],[107.501589,42.456635],[107.46648,42.458842],[107.303872,42.412465],[107.271844,42.364285],[107.051337,42.319166],[106.785867,42.291281],[106.612789,42.241679],[106.372572,42.161436],[106.344855,42.149457],[106.01348,42.032213],[105.74185,41.949033],[105.589713,41.888471],[105.385221,41.797073],[105.291599,41.749763],[105.230621,41.751103],[105.009498,41.583007],[104.923267,41.654143],[104.803775,41.652355],[104.68921,41.6452],[104.524138,41.661745],[104.530298,41.875104],[104.418813,41.860397],[104.30856,41.840782],[104.080046,41.805104],[103.868779,41.802427],[103.454868,41.877332],[103.418527,41.882233],[103.20726,41.96283],[103.021862,42.028212],[102.712045,42.153007],[102.621502,42.154338],[102.540814,42.162323],[102.449039,42.144133],[102.093642,42.223512],[102.070236,42.232374],[101.877447,42.432345],[101.803534,42.503861],[101.770274,42.509597],[101.557775,42.529887],[101.291689,42.586312],[100.862995,42.671295],[100.826655,42.675255],[100.32528,42.690213],[100.272309,42.636523],[100.004376,42.648849],[99.969267,42.647969],[99.51224,42.568244],[98.962822,42.607018],[98.546447,42.638284],[98.195362,42.653251],[97.831958,42.706047],[97.28254,42.782081],[97.172903,42.795257],[96.968411,42.756161],[96.742361,42.75704],[96.386348,42.727592],[96.363558,42.900562],[95.921314,43.229789],[95.880046,43.28035],[95.857872,43.417436],[95.735916,43.597569],[95.705735,43.67077],[95.645373,43.787966],[95.623199,43.855756],[95.527113,44.007466],[95.426099,44.009618],[95.377439,44.025972],[95.326932,44.028554],[95.35157,44.090054],[95.355882,44.166087],[95.376208,44.227444],[95.4107,44.245024],[95.43041,44.281882],[95.41378,44.298589],[95.238853,44.277169],[95.1286,44.269884],[94.998637,44.253169],[94.945666,44.292592],[94.826174,44.320001],[94.768275,44.34055],[94.722696,44.34055],[94.673421,44.397021],[94.606283,44.448311],[94.557008,44.462408],[94.470777,44.509373],[94.390705,44.521749],[94.359292,44.515775],[94.329727,44.582734],[94.279836,44.603617],[94.227481,44.645785],[94.215162,44.667921],[94.152336,44.684944],[94.066105,44.732154],[93.723642,44.865498],[93.716251,44.894334],[93.613389,44.926546],[93.509296,44.968055],[93.434767,44.955351],[93.376869,44.985412],[93.314659,44.995147],[93.314043,44.980333],[93.252449,44.991761],[93.174225,45.015458],[93.100312,45.007419],[93.062124,45.018419],[93.002377,45.009958],[92.932776,45.017573],[92.922921,45.03703],[92.884117,45.046756],[92.847777,45.038721],[92.779407,45.050561],[92.683937,45.02561],[92.547814,45.018419],[92.501003,45.001072],[92.414155,45.018419],[92.348866,45.014188],[92.315605,45.028994],[92.240461,45.015881],[92.100026,45.081417],[92.056911,45.086911],[91.885679,45.078882],[91.803144,45.082685],[91.694738,45.065357],[91.561695,45.075501],[91.500101,45.103809],[91.448978,45.156586],[91.429268,45.156586],[91.37753,45.11099],[91.33503,45.129571],[91.242023,45.13717],[91.230936,45.153632],[91.195827,45.159118],[91.17119,45.199616],[91.129922,45.21606],[91.050466,45.208892],[91.007966,45.218589],[90.96177,45.201303],[90.881698,45.192025],[90.866916,45.209314],[90.897713,45.249776],[90.877387,45.280946],[90.831807,45.300313],[90.804706,45.29484],[90.813329,45.32851],[90.773909,45.405874],[90.772677,45.432338],[90.723402,45.464667],[90.671047,45.487747],[90.676591,45.582488],[90.714779,45.728895],[90.799778,45.834905],[90.890937,45.921566],[91.028292,46.023054],[91.014741,46.06667],[91.021517,46.121038],[90.98456,46.160431],[90.94822,46.219262],[90.955611,46.233752],[90.900177,46.31235],[90.983328,46.374734],[90.996263,46.419309],[91.025828,46.444057],[91.038147,46.500936],[91.060937,46.516999],[91.079415,46.558989],[91.068328,46.579149],[91.017821,46.58244],[91.036299,46.670393],[91.054161,46.717598],[91.019053,46.766402],[90.992567,46.769682],[90.992567,46.790583],[90.942676,46.82581],[90.958075,46.879425],[90.929742,46.893331],[90.92235,46.938707],[90.901408,46.960768],[90.830575,46.995883],[90.767134,46.992617],[90.691989,47.080717],[90.653801,47.111681],[90.579888,47.198364],[90.56141,47.206903],[90.521374,47.2845],[90.488113,47.317374],[90.526301,47.379007],[90.507823,47.400076],[90.468403,47.404937],[90.459164,47.43895],[90.474562,47.462422],[90.468403,47.497611],[90.398186,47.547724],[90.376012,47.603036],[90.346447,47.637324],[90.384635,47.644179],[90.331665,47.681663],[90.216484,47.70543],[90.180144,47.72516],[90.13518,47.723147],[90.07605,47.777469],[90.070506,47.820483],[90.086521,47.86547],[90.066195,47.883534],[90.040941,47.874704],[89.960253,47.885942],[89.957789,47.842982],[89.86971,47.834144],[89.761921,47.835751],[89.735435,47.89758],[89.651052,47.913627],[89.645508,47.947711],[89.595617,47.973359],[89.599313,48.015811],[89.569132,48.037825],[89.498299,48.02822],[89.38127,48.046227],[89.359712,48.026219],[89.308589,48.021816],[89.282104,47.994189],[89.231597,47.98017],[89.156452,47.996992],[89.078228,47.98698],[89.044967,48.009806],[89.027105,48.051028],[88.953808,48.090618],[88.939026,48.115396],[88.824461,48.107005],[88.79736,48.133772],[88.721599,48.160526],[88.700657,48.180881],[88.668628,48.171303],[88.638447,48.183674],[88.601491,48.221567],[88.594716,48.259831],[88.575006,48.277757],[88.605803,48.337863],[88.573774,48.351785],[88.573158,48.369679],[88.535586,48.368884],[88.523267,48.403461],[88.503557,48.412996],[88.462289,48.392335],[88.438267,48.393528],[88.360659,48.433251],[88.363123,48.460641],[88.318159,48.478497],[88.229464,48.498329],[88.196819,48.493967],[88.151855,48.526478],[88.130297,48.521721],[88.10874,48.545895],[88.041602,48.548272],[87.973233,48.575997],[87.96153,48.599353],[88.010805,48.618742],[88.02682,48.65315],[88.089645,48.69504],[88.090877,48.71992],[88.064392,48.712813],[88.029283,48.750313],[87.96153,48.773588],[87.93874,48.757809],[87.872219,48.799612],[87.826639,48.800795],[87.803234,48.824835],[87.829103,48.825623],[87.792147,48.849258],[87.78106,48.872094],[87.742256,48.881146],[87.760118,48.925992],[87.793995,48.927565],[87.814321,48.945256],[87.87653,48.949186],[87.871603,48.963726],[87.911639,48.979833],[87.883922,48.993971],[87.883306,49.023806],[87.835263,49.054406],[87.858052,49.07362],[87.844502,49.090084],[87.867291,49.108892],[87.845733,49.146096],[87.82048,49.148445],[87.821096,49.173883],[87.793379,49.18249],[87.762582,49.172709],[87.700372,49.175839],[87.67635,49.15549],[87.602437,49.152359],[87.563017,49.142572],[87.517438,49.145704],[87.49588,49.132001],[87.511894,49.10184],[87.43675,49.075188],[87.388707,49.097921],[87.304939,49.112418],[87.239033,49.114376],[87.211932,49.140615],[87.112766,49.15549],[87.088128,49.133567],[87.000049,49.142572],[86.953853,49.131218],[86.887948,49.132001],[86.854071,49.109284],[86.84976,49.066563],[86.836209,49.051269],[86.772151,49.02773],[86.732115,48.994757],[86.730267,48.959797],[86.757985,48.894919],[86.782006,48.887049],[86.821426,48.850439],[86.818963,48.831139],[86.770303,48.810255],[86.754289,48.78463],[86.780774,48.731369],[86.771535,48.717156],[86.70255,48.666195],[86.693311,48.64366],[86.640956,48.629027],[86.635413,48.612016],[86.594761,48.576789],[86.579978,48.538763],[86.416138,48.481671],[86.38103,48.49357],[86.305269,48.491984],[86.270161,48.452307],[86.225813,48.432456],[86.053966,48.441192],[85.916612,48.438015],[85.791576,48.418954],[85.758315,48.403064],[85.695489,48.335078],[85.695489,48.302445],[85.678243,48.266205],[85.633895,48.232731],[85.622193,48.202824],[85.587084,48.191654],[85.576613,48.15853],[85.55136,48.127781],[85.551975,48.081423],[85.531649,48.046227],[85.547048,48.008205],[85.617881,47.550552],[85.614801,47.498015],[85.685018,47.428829],[85.701649,47.384275],[85.675779,47.321837],[85.701033,47.28856],[85.682555,47.249982],[85.682555,47.222757],[85.641903,47.18413],[85.582772,47.142626],[85.547048,47.096609],[85.545816,47.057891],[85.441106,47.063191],[85.355491,47.054629],[85.325926,47.044842],[85.276651,47.068898],[85.213825,47.041172],[85.175637,46.997924],[85.102956,46.968936],[85.082014,46.939933],[84.987159,46.918272],[84.979768,46.883106],[84.95513,46.861013],[84.934188,46.863878],[84.867051,46.927673],[84.849189,46.957092],[84.781435,46.979962],[84.748175,47.009759],[84.699515,47.008535],[84.668718,46.995067],[84.563393,46.991801],[84.506726,46.97302],[84.425422,47.008943],[84.37122,46.993434],[84.336727,47.00527],[84.2893,46.994658],[84.195061,47.003638],[84.150098,46.977512],[84.086656,46.965261],[84.038613,46.973428],[84.002888,46.990576],[83.951765,46.98731],[83.932671,46.970161],[83.88586,46.982003],[83.766367,47.026896],[83.69923,47.015472],[83.700462,47.032199],[83.576042,47.059114],[83.566803,47.080717],[83.53847,47.083977],[83.463325,47.132042],[83.418978,47.119012],[83.370318,47.178436],[83.324739,47.167858],[83.306261,47.179656],[83.257602,47.173147],[83.221877,47.186977],[83.207094,47.213814],[83.17445,47.218286],[83.15474,47.236168],[83.108544,47.221944],[83.02724,47.21544],[83.031552,47.168265],[82.993364,47.065229],[82.937929,47.014248],[82.923762,46.932169],[82.876335,46.823762],[82.878183,46.797138],[82.829524,46.772551],[82.788872,46.677784],[82.774089,46.600124],[82.726662,46.494756],[82.609017,46.294985],[82.518474,46.153798],[82.461808,45.97982],[82.401446,45.972333],[82.342932,45.935303],[82.336156,45.882418],[82.349707,45.822811],[82.340468,45.772742],[82.289961,45.71636],[82.288729,45.655321],[82.266555,45.620172],[82.281954,45.53891],[82.448257,45.461309],[82.546808,45.426038],[82.60101,45.346178],[82.58746,45.224069],[82.562822,45.204676],[82.487061,45.181058],[82.344779,45.219011],[82.294272,45.247669],[82.206809,45.236713],[82.109491,45.211422],[82.091012,45.222383],[82.09594,45.249776],[82.052824,45.255674],[81.993078,45.237978],[81.921013,45.233342],[81.879745,45.284314],[81.832318,45.319673],[81.78797,45.3836],[81.677101,45.35459],[81.645072,45.359216],[81.582863,45.336503],[81.575471,45.30789],[81.536667,45.304101],[81.52866,45.285999],[81.462754,45.264099],[81.437501,45.28263],[81.398697,45.275471],[81.382066,45.257781],[81.327864,45.260729],[81.284748,45.23882],[81.236705,45.247248],[81.175111,45.227863],[81.170183,45.211001],[81.111669,45.218168],[81.080872,45.182745],[81.024821,45.162916],[80.966307,45.168402],[80.93551,45.160384],[80.897938,45.127459],[80.862214,45.127037],[80.816634,45.152788],[80.731634,45.156164],[80.686055,45.129148],[80.599207,45.105921],[80.519135,45.108878],[80.493882,45.127037],[80.445839,45.097895],[80.443991,45.077614],[80.404571,45.049293],[80.358375,45.040836],[80.328194,45.070007],[80.291854,45.06578],[80.24381,45.031532],[80.195767,45.030686],[80.144644,45.059017],[80.136021,45.041259],[80.111999,45.052675],[80.060876,45.026033],[80.056565,45.011227],[79.98142,44.964244],[79.951855,44.957892],[79.944464,44.937985],[79.887798,44.90917],[79.969102,44.877797],[79.953703,44.849377],[79.991891,44.830281],[79.999283,44.793768],[80.087978,44.817122],[80.115695,44.815424],[80.169898,44.84471],[80.18776,44.825612],[80.178521,44.796741],[80.200695,44.756808],[80.238883,44.7228],[80.313412,44.704938],[80.400259,44.628751],[80.411962,44.605321],[80.350368,44.484615],[80.383013,44.401297],[80.399027,44.30587],[80.413194,44.264741],[80.400875,44.198704],[80.407034,44.149772],[80.3941,44.127009],[80.449534,44.078017],[80.458773,44.047054],[80.457541,43.981203],[80.485259,43.95579],[80.475404,43.938124],[80.511128,43.906657],[80.522215,43.816473],[80.75504,43.494329],[80.761199,43.446554],[80.746417,43.439167],[80.735946,43.389609],[80.686055,43.333916],[80.69283,43.32042],[80.777214,43.308227],[80.769207,43.265535],[80.788917,43.242433],[80.789533,43.201876],[80.804315,43.178314],[80.79446,43.137277],[80.752576,43.148194],[80.73225,43.131163],[80.706997,43.143828],[80.650946,43.147321],[80.593048,43.133347],[80.556092,43.104515],[80.482795,43.06955],[80.416889,43.05687],[80.378701,43.031502],[80.397795,42.996933],[80.487106,42.948766],[80.5912,42.923354],[80.602903,42.894424],[80.503737,42.882146],[80.450766,42.861971],[80.407034,42.834767],[80.338049,42.831695],[80.280151,42.838278],[80.262289,42.828623],[80.259209,42.790865],[80.225948,42.713083],[80.228412,42.692852],[80.179753,42.670415],[80.163738,42.629919],[80.180985,42.590718],[80.221637,42.533415],[80.265368,42.502097],[80.225948,42.485769],[80.206238,42.431462],[80.239499,42.389927],[80.229028,42.358536],[80.283847,42.320493],[80.272144,42.281984],[80.29247,42.259842],[80.28631,42.233261],[80.233339,42.210215],[80.168666,42.200462],[80.163738,42.152563],[80.139717,42.151232],[80.16805,42.096635],[80.193303,42.081535],[80.14218,42.03488],[80.089826,42.047325],[79.923522,42.042436],[79.852689,42.015319],[79.854537,41.984186],[79.822508,41.963275],[79.776313,41.89248],[79.724574,41.896935],[79.640806,41.884907],[79.616784,41.856385],[79.550879,41.834094],[79.500988,41.835432],[79.457256,41.847915],[79.415372,41.836769],[79.356242,41.795735],[79.326061,41.809565],[79.276786,41.78101],[79.271858,41.767174],[79.21704,41.725648],[79.138199,41.722968],[79.10925,41.697503],[79.043345,41.681414],[79.021787,41.657273],[78.99407,41.664427],[78.957729,41.65146],[78.891824,41.597777],[78.86657,41.593749],[78.825302,41.560173],[78.739071,41.555695],[78.696571,41.54181],[78.707042,41.522098],[78.675629,41.50238],[78.650375,41.467411],[78.580774,41.481759],[78.527188,41.440947],[78.454507,41.412228],[78.391681,41.408189],[78.385522,41.394721],[78.338094,41.397415],[78.324544,41.384395],[78.235232,41.399211],[78.163783,41.383497],[78.149617,41.368228],[78.165015,41.340825],[78.136682,41.279239],[78.129291,41.228398],[78.094798,41.224347],[77.972842,41.173013],[77.905089,41.185174],[77.836104,41.153189],[77.814546,41.13426],[77.807155,41.091876],[77.829328,41.059394],[77.796068,41.049014],[77.780669,41.022832],[77.737553,41.032313],[77.684583,41.00793],[77.654402,41.016059],[77.597119,41.005221],[77.591576,40.992122],[77.540453,41.006575],[77.476395,40.999349],[77.473931,41.022832],[77.415417,41.038633],[77.363062,41.04089],[77.296541,41.004769],[77.236795,41.027798],[77.169041,41.009285],[77.108063,41.038181],[77.091433,41.062553],[77.023064,41.059394],[77.002122,41.073381],[76.940528,41.028701],[76.885709,41.027347],[76.85368,40.97631],[76.817956,40.975406],[76.761905,40.954167],[76.741579,40.912119],[76.731724,40.818887],[76.693536,40.779472],[76.646725,40.759983],[76.646725,40.73686],[76.676906,40.696036],[76.654732,40.652917],[76.657196,40.620218],[76.611,40.601591],[76.601145,40.578868],[76.556798,40.542495],[76.543247,40.513837],[76.539551,40.464226],[76.508754,40.429613],[76.470566,40.422779],[76.442233,40.391336],[76.390494,40.37766],[76.381871,40.39088],[76.333212,40.343459],[76.327668,40.391336],[76.283321,40.415034],[76.279625,40.439179],[76.22419,40.401819],[76.176147,40.381307],[76.144118,40.393615],[76.081293,40.39635],[76.048648,40.388601],[76.048648,40.357141],[76.026474,40.355317],[75.986438,40.381763],[75.932235,40.339353],[75.921764,40.291439],[75.890351,40.30924],[75.84046,40.312434],[75.831221,40.327492],[75.785642,40.301025],[75.739446,40.299199],[75.709265,40.280939],[75.688323,40.343915],[75.669845,40.363982],[75.686475,40.418223],[75.717272,40.443278],[75.733287,40.474242],[75.646439,40.516567],[75.631041,40.548862],[75.627345,40.605226],[75.636584,40.624306],[75.599628,40.659727],[75.550353,40.64883],[75.467817,40.599773],[75.432093,40.563412],[75.355716,40.537947],[75.292274,40.483802],[75.268869,40.483802],[75.242383,40.448743],[75.206659,40.447833],[75.13521,40.463315],[75.102565,40.44009],[75.051442,40.449654],[75.021877,40.466958],[74.995392,40.455119],[74.963363,40.464681],[74.891914,40.507467],[74.844486,40.521117],[74.819233,40.505647],[74.814921,40.461039],[74.795211,40.443278],[74.908544,40.338897],[74.862965,40.32658],[74.824776,40.344371],[74.700357,40.346195],[74.697893,40.310153],[74.673255,40.278656],[74.618437,40.27957],[74.577169,40.260391],[74.534669,40.207851],[74.485394,40.182251],[74.433039,40.13148],[74.356662,40.089371],[74.316626,40.106767],[74.280902,40.09807],[74.26304,40.125074],[74.126301,40.104479],[74.113366,40.086624],[74.023439,40.085251],[74.008041,40.050901],[73.943367,40.016076],[73.980324,40.004617],[73.910722,39.934443],[73.907027,39.873843],[73.845433,39.831115],[73.841737,39.756163],[73.905795,39.741899],[73.924273,39.722108],[73.953838,39.600018],[73.916266,39.586644],[73.914418,39.564041],[73.883621,39.540969],[73.893476,39.528046],[73.868223,39.482794],[73.836194,39.472169],[73.745651,39.462005],[73.6471,39.474479],[73.61076,39.465702],[73.592898,39.412087],[73.502355,39.383877],[73.554094,39.350102],[73.554709,39.295935],[73.542391,39.269531],[73.564564,39.266288],[73.580579,39.237555],[73.623079,39.235237],[73.639709,39.220402],[73.657571,39.166136],[73.688368,39.154999],[73.719781,39.108112],[73.720397,39.071881],[73.743187,39.029588],[73.780143,39.026798],[73.820179,39.041674],[73.839889,39.008199],[73.846665,38.962145],[73.826339,38.916993],[73.767824,38.941202],[73.742571,38.933754],[73.70931,38.893241],[73.699455,38.857832],[73.729636,38.837324],[73.769056,38.775765],[73.757353,38.719755],[73.809092,38.634256],[73.799237,38.610878],[73.852208,38.584217],[73.89902,38.579071],[73.926121,38.536016],[74.011736,38.52478],[74.034526,38.541634],[74.090577,38.542102],[74.068403,38.585621],[74.088113,38.610878],[74.11275,38.611345],[74.147859,38.676785],[74.229779,38.656224],[74.353583,38.655757],[74.421952,38.647812],[74.455829,38.632853],[74.506336,38.637528],[74.546988,38.607604],[74.613509,38.593105],[74.639995,38.599653],[74.717603,38.542102],[74.78474,38.538357],[74.821697,38.491062],[74.862965,38.484035],[74.868508,38.403883],[74.834015,38.361193],[74.789668,38.324581],[74.806914,38.285602],[74.793363,38.271039],[74.816769,38.215576],[74.80445,38.167128],[74.821697,38.10311],[74.879595,38.021122],[74.92579,38.01735],[74.911008,37.966884],[74.919015,37.908357],[74.936877,37.876241],[74.917167,37.845057],[74.989848,37.797783],[75.006478,37.770823],[74.949196,37.725395],[74.923327,37.717347],[74.920863,37.684675],[74.891914,37.668097],[74.940573,37.559061],[75.000935,37.53059],[75.002167,37.511604],[75.035428,37.500685],[75.078543,37.511129],[75.090862,37.486915],[75.129666,37.459367],[75.153072,37.414223],[75.125971,37.388075],[75.140137,37.355258],[75.125971,37.322427],[75.078543,37.318144],[75.018181,37.293867],[74.927022,37.277678],[74.911008,37.233378],[74.816153,37.216699],[74.800139,37.248147],[74.753943,37.281011],[74.727458,37.282916],[74.665864,37.23576],[74.642458,37.261485],[74.598727,37.258151],[74.578401,37.231472],[74.54514,37.2491],[74.511263,37.240048],[74.477387,37.19954],[74.487858,37.161871],[74.465068,37.147085],[74.496481,37.116072],[74.498944,37.072155],[74.530357,37.082182],[74.56793,37.032512],[74.617205,37.043499],[74.632603,37.066425],[74.70898,37.084569],[74.739161,37.028212],[74.792747,37.027257],[74.806914,37.054485],[74.84695,37.056873],[74.84387,37.0134],[74.86974,36.990458],[74.893762,36.939772],[74.938725,36.94312],[74.927638,36.978029],[75.005862,36.99476],[75.032348,37.016745],[75.063145,37.006231],[75.172166,37.013877],[75.16847,36.991892],[75.244847,36.963207],[75.288579,36.974682],[75.345861,36.960816],[75.413614,36.954599],[75.396368,36.904367],[75.430245,36.873255],[75.434556,36.83303],[75.425933,36.778883],[75.458578,36.720861],[75.504773,36.743404],[75.536802,36.729975],[75.537418,36.773131],[75.588541,36.762584],[75.634121,36.771693],[75.724048,36.750597],[75.8072,36.707908],[75.871257,36.666636],[75.947018,36.590752],[75.924228,36.566242],[75.991981,36.505654],[76.035097,36.409386],[75.991365,36.35205],[75.998757,36.312034],[76.055423,36.252695],[76.060967,36.225182],[76.011691,36.229044],[76.016619,36.165294],[75.96796,36.159013],[75.936547,36.13485],[75.949482,36.070056],[75.982742,36.031347],[76.028322,36.016827],[76.044336,36.026991],[76.097307,36.022635],[76.117017,35.975186],[76.16506,35.908807],[76.146582,35.839946],[76.160133,35.82442],[76.221727,35.823449],[76.228502,35.837035],[76.298719,35.841401],[76.365857,35.82442],[76.369552,35.86323],[76.431762,35.851589],[76.471798,35.886021],[76.51553,35.881173],[76.55803,35.923347],[76.59745,35.895718],[76.579587,35.866625],[76.587595,35.840431],[76.566037,35.819082],[76.593754,35.771996],[76.69292,35.747714],[76.769297,35.653917],[76.848753,35.668018],[76.906651,35.615005],[76.967013,35.591649],[76.99781,35.611113],[77.072339,35.591162],[77.093281,35.569746],[77.195527,35.519103],[77.307628,35.540533],[77.331649,35.530793],[77.355055,35.494257],[77.396939,35.467942],[77.451758,35.46063],[77.518895,35.482075],[77.578025,35.47574],[77.590344,35.460143],[77.639619,35.45478],[77.657481,35.477689],[77.690742,35.448443],[77.735706,35.461605],[77.757879,35.497181],[77.797299,35.491334],[77.816394,35.518616],[77.85643,35.487436],[77.870596,35.495232],[77.914944,35.465017],[77.917408,35.490847],[77.951284,35.478664],[78.009799,35.491821],[78.029509,35.469404],[78.048603,35.491334],[78.140378,35.494745],[78.113892,35.466967],[78.107117,35.437229],[78.046755,35.384063],[78.013494,35.366008],[78.020885,35.315237],[78.01719,35.228267],[78.060306,35.180344],[78.062769,35.114772],[78.078784,35.100084],[78.124979,35.108407],[78.150849,35.069721],[78.123131,35.036897],[78.160704,34.990823],[78.201972,34.974642],[78.182262,34.936874],[78.206283,34.891726],[78.237696,34.882398],[78.230921,34.776288],[78.21429,34.760556],[78.213059,34.717771],[78.267261,34.705472],[78.265413,34.651335],[78.280812,34.623269],[78.346101,34.60406],[78.397224,34.605538],[78.427405,34.594207],[78.436029,34.543942],[78.492695,34.578441],[78.542586,34.574499],[78.559832,34.55725],[78.562912,34.51288],[78.58139,34.505483],[78.634977,34.538026],[78.708274,34.522249],[78.715049,34.502031],[78.758781,34.481807],[78.742766,34.45467],[78.809288,34.432955],[78.878273,34.391481],[78.899831,34.354929],[78.958961,34.386049],[78.973128,34.362833],[79.039649,34.33467],[79.019939,34.313417],[78.981751,34.31836],[78.958345,34.230827],[78.941099,34.212022],[78.9257,34.155584],[78.910302,34.143202],[78.878273,34.163012],[78.828998,34.125369],[78.801897,34.137258],[78.737223,34.089692],[78.661462,34.086718],[78.656535,34.030196],[78.736607,33.999937],[78.744614,33.980585],[78.734143,33.918529],[78.762476,33.90959],[78.756317,33.8773],[78.766172,33.823124],[78.758165,33.790802],[78.779723,33.73259],[78.692259,33.676331],[78.684868,33.654415],[78.713201,33.623025],[78.755085,33.623025],[78.74215,33.55323],[78.816679,33.480882],[78.84994,33.419963],[78.896751,33.41247],[78.949722,33.376495],[78.9682,33.334505],[79.022403,33.323504],[79.041497,33.268479],[79.083997,33.245459],[79.072294,33.22844],[79.10925,33.200401],[79.152366,33.184375],[79.162221,33.165841],[79.139431,33.117735],[79.162837,33.01191],[79.204721,32.964724],[79.255844,32.942628],[79.227511,32.89038],[79.237982,32.846145],[79.225047,32.784281],[79.275554,32.778746],[79.301423,32.728919],[79.27309,32.678056],[79.299575,32.637244],[79.308199,32.596918],[79.272474,32.561113],[79.252148,32.516715],[79.190554,32.511669],[79.180083,32.492994],[79.135736,32.472295],[79.124649,32.416235],[79.103091,32.369744],[79.067982,32.380863],[79.005772,32.375304],[78.970664,32.331826],[78.904142,32.374798],[78.87273,32.40512],[78.81052,32.436441],[78.782186,32.480373],[78.760629,32.563635],[78.781571,32.608009],[78.74215,32.654881],[78.741534,32.703743],[78.6861,32.680071],[78.675013,32.658408],[78.628202,32.630188],[78.588782,32.637748],[78.577695,32.615067],[78.518564,32.605993],[78.500086,32.580782],[78.424942,32.565652],[78.395377,32.530339],[78.426174,32.502584],[78.472985,32.435431],[78.458818,32.379853],[78.483456,32.357106],[78.480992,32.329297],[78.508709,32.297939],[78.475449,32.236708],[78.430485,32.212407],[78.429869,32.194683],[78.469905,32.127808],[78.509941,32.147065],[78.527188,32.11463],[78.609107,32.052768],[78.60726,32.023851],[78.705194,31.988835],[78.762476,31.947203],[78.768636,31.92638],[78.739687,31.885228],[78.665158,31.851684],[78.654687,31.819144],[78.706426,31.778453],[78.763092,31.668499],[78.798817,31.675629],[78.806824,31.64099],[78.845628,31.609905],[78.833925,31.584927],[78.779723,31.545154],[78.740303,31.532912],[78.729832,31.478316],[78.755701,31.478316],[78.792041,31.435944],[78.760013,31.392531],[78.755085,31.355742],[78.795121,31.301043],[78.859179,31.289281],[78.865338,31.312804],[78.884432,31.277006],[78.923852,31.246824],[78.930628,31.220726],[78.997765,31.158779],[78.97436,31.115751],[79.010084,31.043994],[79.059359,31.028097],[79.096931,30.992192],[79.181931,31.015788],[79.205953,31.0004],[79.227511,30.949088],[79.33222,30.969103],[79.316206,31.01784],[79.35809,31.031174],[79.404901,31.071678],[79.424611,31.061425],[79.427075,31.018353],[79.505915,31.027584],[79.550879,30.957813],[79.59769,30.925989],[79.660516,30.956787],[79.668523,30.980392],[79.729501,30.941389],[79.75845,30.936769],[79.835443,30.851006],[79.890877,30.855116],[79.913051,30.833022],[79.900732,30.7991],[79.961094,30.771337],[79.955551,30.738422],[79.970333,30.685941],[80.014065,30.661748],[80.04363,30.603559],[80.143412,30.55822],[80.214245,30.586044],[80.261673,30.566465],[80.322035,30.564403],[80.357759,30.520592],[80.43044,30.515952],[80.446454,30.495327],[80.504969,30.483466],[80.549316,30.448905],[80.585041,30.463866],[80.633084,30.458707],[80.692214,30.416913],[80.719316,30.414848],[80.81725,30.321389],[80.910873,30.30279],[80.933662,30.266614],[80.996488,30.267648],[81.034677,30.246971],[81.038372,30.205086],[81.082104,30.151281],[81.085799,30.100554],[81.110437,30.085538],[81.09627,30.052909],[81.131995,30.016124],[81.225618,30.005759],[81.256415,30.011978],[81.247792,30.032705],[81.2829,30.061197],[81.293371,30.094859],[81.269349,30.153351],[81.335871,30.149729],[81.393769,30.199396],[81.397465,30.240767],[81.419023,30.270232],[81.406088,30.291938],[81.427646,30.305373],[81.399929,30.319323],[81.406088,30.369421],[81.432573,30.379231],[81.406704,30.40401],[81.418407,30.420525],[81.454131,30.412268],[81.494783,30.381296],[81.555761,30.369421],[81.566232,30.428782],[81.613044,30.412784],[81.63029,30.446842],[81.723913,30.407623],[81.759021,30.385426],[81.872354,30.373035],[81.939491,30.344633],[81.954274,30.355995],[81.99123,30.322939],[82.022027,30.339468],[82.060215,30.332237],[82.104563,30.346182],[82.132896,30.30434],[82.11873,30.279019],[82.114418,30.226806],[82.142135,30.200948],[82.188947,30.18543],[82.207425,30.143519],[82.183403,30.12178],[82.17786,30.06793],[82.246845,30.071555],[82.311519,30.035813],[82.333693,30.045138],[82.368185,30.014051],[82.412533,30.011978],[82.431011,29.989692],[82.474743,29.973622],[82.498148,29.947698],[82.560974,29.955476],[82.609017,29.886489],[82.64351,29.868846],[82.6238,29.834588],[82.703872,29.847566],[82.737749,29.80655],[82.691553,29.766037],[82.757459,29.761881],[82.774089,29.726548],[82.816589,29.717192],[82.830756,29.687562],[82.885574,29.689122],[82.9484,29.704718],[82.966878,29.658963],[83.011226,29.667804],[83.088834,29.604863],[83.12887,29.623593],[83.159667,29.61735],[83.164595,29.595496],[83.217565,29.60018],[83.266841,29.571035],[83.27608,29.505951],[83.325355,29.502826],[83.383253,29.42206],[83.415898,29.420496],[83.423289,29.361053],[83.450391,29.332883],[83.463941,29.285916],[83.492274,29.280174],[83.548941,29.201322],[83.57789,29.203934],[83.596368,29.174153],[83.656114,29.16736],[83.667201,29.200277],[83.727563,29.244672],[83.800244,29.249372],[83.82057,29.294267],[83.851367,29.294789],[83.911729,29.323491],[83.949301,29.312533],[83.986874,29.325057],[84.002272,29.291658],[84.052163,29.296877],[84.116837,29.286438],[84.130388,29.239972],[84.203068,29.239972],[84.197525,29.210202],[84.17104,29.19453],[84.176583,29.133909],[84.20738,29.118749],[84.192597,29.084236],[84.194445,29.045004],[84.224626,29.049189],[84.248648,29.030353],[84.228322,28.949738],[84.234481,28.889497],[84.268358,28.895261],[84.330568,28.859101],[84.340423,28.866963],[84.408176,28.85386],[84.404481,28.828173],[84.434046,28.823978],[84.445133,28.764189],[84.483321,28.735331],[84.557233,28.74635],[84.620059,28.732182],[84.650856,28.714338],[84.669334,28.680742],[84.699515,28.671816],[84.698284,28.633478],[84.773428,28.610363],[84.857196,28.567798],[84.896616,28.587244],[84.981616,28.586193],[84.995782,28.611414],[85.05676,28.674441],[85.126361,28.676016],[85.155926,28.643983],[85.195963,28.624022],[85.18426,28.587244],[85.189803,28.544669],[85.160238,28.49261],[85.108499,28.461047],[85.129441,28.377885],[85.113427,28.344708],[85.179948,28.324164],[85.209513,28.338914],[85.272339,28.282538],[85.349947,28.298347],[85.379512,28.274105],[85.415853,28.321003],[85.458969,28.332593],[85.520563,28.326798],[85.602483,28.295712],[85.601251,28.254075],[85.650526,28.283592],[85.682555,28.375779],[85.720743,28.372093],[85.753388,28.227714],[85.791576,28.195544],[85.854402,28.172334],[85.871648,28.124843],[85.898749,28.101617],[85.901213,28.053566],[85.980053,27.984357],[85.949256,27.937311],[86.002227,27.90717],[86.053966,27.900823],[86.125415,27.923035],[86.082915,28.018175],[86.086611,28.090002],[86.128495,28.086835],[86.140198,28.114814],[86.19132,28.167058],[86.223965,28.092642],[86.206103,28.084195],[86.231972,27.974315],[86.27324,27.976958],[86.308965,27.950528],[86.393349,27.926736],[86.414906,27.904526],[86.450015,27.908757],[86.475884,27.944713],[86.514689,27.954757],[86.513457,27.996511],[86.537478,28.044587],[86.55842,28.047757],[86.568891,28.103201],[86.60092,28.097922],[86.611391,28.069938],[86.647732,28.06941],[86.662514,28.092114],[86.700086,28.101617],[86.74813,28.089474],[86.768456,28.06941],[86.756753,28.032967],[86.827586,28.012363],[86.864542,28.022401],[86.885484,27.995983],[86.926752,27.985942],[86.935375,27.955286],[87.035157,27.946299],[87.080737,27.910872],[87.118309,27.840512],[87.173744,27.818284],[87.227946,27.812991],[87.249504,27.839454],[87.280917,27.845275],[87.317258,27.826753],[87.364069,27.824106],[87.421967,27.856916],[87.418272,27.825694],[87.45954,27.820931],[87.58088,27.859562],[87.598126,27.814579],[87.670191,27.832045],[87.668343,27.809815],[87.727473,27.802933],[87.77798,27.860091],[87.782292,27.890774],[87.826639,27.927794],[87.930733,27.909285],[87.982472,27.884426],[88.037291,27.901881],[88.090877,27.885484],[88.111819,27.864852],[88.137689,27.878607],[88.120442,27.915103],[88.156783,27.957929],[88.203594,27.943127],[88.242398,27.967444],[88.254101,27.939426],[88.357579,27.986471],[88.401311,27.976958],[88.43334,28.002852],[88.469064,28.009721],[88.498013,28.04089],[88.554064,28.027684],[88.565151,28.083139],[88.620585,28.091586],[88.645223,28.111119],[88.67602,28.068353],[88.764099,28.068353],[88.812142,28.018175],[88.842939,28.006023],[88.846635,27.921448],[88.864497,27.921448],[88.888519,27.846863],[88.863265,27.811932],[88.870657,27.743098],[88.850331,27.710783],[88.852178,27.671039],[88.816454,27.641354],[88.813374,27.606889],[88.770874,27.563924],[88.797976,27.521473],[88.783193,27.467324],[88.809063,27.405711],[88.838012,27.37808],[88.867577,27.3818],[88.901453,27.327583],[88.920548,27.325456],[88.911924,27.272807],[88.942105,27.261636],[88.984605,27.208957],[89.067757,27.240354],[89.077612,27.287168],[89.152757,27.319076],[89.182938,27.373829],[89.132431,27.441302],[89.095474,27.471572],[89.109025,27.537925],[89.163228,27.574534],[89.128735,27.611131],[89.131815,27.633402],[89.184786,27.673689],[89.238988,27.796581],[89.295655,27.84845],[89.375727,27.875962],[89.44348,27.968501],[89.461958,28.03191],[89.511233,28.086307],[89.541414,28.088418],[89.605472,28.161782],[89.720037,28.170224],[89.779167,28.197127],[89.789638,28.240895],[89.869094,28.221386],[89.901739,28.18183],[89.976268,28.189215],[90.017536,28.162837],[90.03355,28.136981],[90.07297,28.155451],[90.103151,28.141731],[90.124709,28.190797],[90.166593,28.187632],[90.189999,28.161782],[90.231882,28.144897],[90.297172,28.153868],[90.367389,28.088946],[90.384019,28.06096],[90.43699,28.063073],[90.47949,28.044587],[90.513983,28.062016],[90.569417,28.044059],[90.591591,28.021345],[90.701844,28.076274],[90.741264,28.053038],[90.802242,28.040362],[90.806554,28.015005],[90.853365,27.969029],[90.896481,27.946299],[90.96177,27.9537],[90.976553,27.935725],[90.96485,27.900294],[91.025828,27.857445],[91.113292,27.846333],[91.155175,27.894476],[91.147784,27.927794],[91.162567,27.968501],[91.216153,27.989113],[91.251878,27.970615],[91.309776,28.057791],[91.464993,28.002852],[91.490246,27.971672],[91.486551,27.937311],[91.552456,27.90717],[91.611586,27.891303],[91.618978,27.856916],[91.561079,27.855329],[91.544449,27.820401],[91.610355,27.819343],[91.642383,27.7664],[91.622673,27.692238],[91.570934,27.650897],[91.562311,27.627569],[91.582637,27.598933],[91.564775,27.58196],[91.585101,27.540578],[91.626985,27.509265],[91.663325,27.507142],[91.71876,27.467324],[91.753868,27.462545],[91.839484,27.489624],[91.946657,27.464138],[92.010715,27.474758],[92.021802,27.444489],[92.064918,27.391365],[92.125896,27.273339],[92.091403,27.264296],[92.071077,27.237694],[92.061222,27.190327],[92.032273,27.167967],[92.02673,27.108318],[92.043976,27.052902],[92.076005,27.041175],[92.124664,26.960124],[92.109265,26.854991],[92.197961,26.86994],[92.28604,26.892359],[92.404916,26.9025],[92.496691,26.921711],[92.549046,26.941453],[92.64698,26.952656],[92.682089,26.947855],[92.802813,26.895028],[92.909371,26.914241],[93.050421,26.883819],[93.111399,26.880082],[93.232739,26.906769],[93.56781,26.938252],[93.625092,26.955323],[93.747048,27.015587],[93.817265,27.025183],[93.841903,27.045973],[93.849294,27.168499],[93.970634,27.30525],[94.056866,27.375423],[94.147409,27.458297],[94.220705,27.536333],[94.277372,27.58143],[94.353132,27.578778],[94.399944,27.589386],[94.443675,27.585143],[94.478168,27.602116],[94.524979,27.596282],[94.660486,27.650367],[94.722696,27.683759],[94.78121,27.699127],[94.836645,27.728796],[94.88592,27.743098],[94.947514,27.792345],[95.015267,27.82887],[95.067006,27.840512],[95.28628,27.939955],[95.32878,28.017646],[95.352802,28.04089],[95.371896,28.110063],[95.39715,28.142259],[95.437802,28.161782],[95.528345,28.182885],[95.674322,28.254075],[95.740228,28.275159],[95.787655,28.270416],[95.832003,28.295186],[95.874502,28.29782],[95.899756,28.278322],[95.907763,28.241422],[95.936096,28.240368],[95.989067,28.198181],[96.074683,28.193434],[96.098088,28.212421],[96.194175,28.212949],[96.275479,28.228241],[96.298269,28.140148],[96.367254,28.118509],[96.398667,28.118509],[96.395587,28.143842],[96.426384,28.161782],[96.46334,28.143314],[96.499681,28.067297],[96.538485,28.075218],[96.623485,28.024514],[96.635188,27.994926],[96.690622,27.948942],[96.711564,27.9574],[96.784245,27.931495],[96.810114,27.890245],[96.849534,27.874375],[96.908049,27.884426],[96.972722,27.861149],[97.008447,27.807698],[97.049099,27.81405],[97.062649,27.742568],[97.097758,27.740979],[97.103301,27.780697],[97.167975,27.811932],[97.253591,27.891832],[97.303482,27.913516],[97.324424,27.880723],[97.386634,27.882839],[97.372467,27.907699],[97.379242,27.970087],[97.413119,28.01342],[97.378626,28.031382],[97.375547,28.062545],[97.320728,28.054095],[97.305945,28.071522],[97.340438,28.104785],[97.326887,28.132759],[97.352757,28.149646],[97.362612,28.199236],[97.349677,28.235623],[97.398336,28.238786],[97.402032,28.279903],[97.422358,28.297293],[97.461162,28.26778],[97.469169,28.30309],[97.518445,28.327852],[97.488879,28.347341],[97.485184,28.38631],[97.499966,28.428948],[97.521524,28.444736],[97.507974,28.46473],[97.521524,28.495766],[97.569567,28.541515],[97.60406,28.515225],[97.634857,28.532051],[97.68598,28.519958],[97.737103,28.465782],[97.738335,28.396313],[97.769748,28.3742],[97.801161,28.326798],[97.842429,28.326798],[97.871378,28.361561],[97.907718,28.363141],[98.020435,28.253548],[98.008116,28.214003],[98.03337,28.187105],[98.056775,28.202401],[98.090036,28.195544],[98.097427,28.166531],[98.139311,28.142259],[98.160253,28.101089],[98.133152,27.990698],[98.143007,27.948942],[98.187355,27.939426],[98.205217,27.889716],[98.169492,27.851096],[98.215688,27.810874],[98.234166,27.690648],[98.283441,27.654608],[98.310542,27.583552],[98.317318,27.51935],[98.337644,27.508734],[98.388767,27.515104],[98.429419,27.549068],[98.430035,27.653547],[98.444201,27.665209],[98.474998,27.634462],[98.53536,27.620676],[98.554454,27.646126],[98.587099,27.587265],[98.583404,27.571351],[98.650541,27.567637],[98.662244,27.586734],[98.706591,27.553313],[98.685034,27.484315],[98.704744,27.462014],[98.686881,27.425367],[98.702896,27.412618],[98.706591,27.362136],[98.741084,27.330241],[98.734925,27.287168],[98.717062,27.271211],[98.723222,27.221198],[98.696121,27.211086],[98.713983,27.139744],[98.712751,27.075817],[98.765722,27.05077],[98.762642,27.018252],[98.732461,27.002257],[98.757098,26.877947],[98.730613,26.851253],[98.762026,26.798916],[98.746012,26.696841],[98.770033,26.690424],[98.762642,26.660478],[98.781736,26.620893],[98.773113,26.578083],[98.753403,26.559349],[98.757098,26.491881],[98.741084,26.432947],[98.750323,26.424372],[98.733693,26.350926],[98.681338,26.308016],[98.672715,26.239863],[98.713367,26.231274],[98.735541,26.185097],[98.712751,26.156093],[98.720142,26.127082],[98.661012,26.087852],[98.656084,26.139977],[98.632679,26.145887],[98.575396,26.118485],[98.602498,26.054523],[98.614201,25.968468],[98.637606,25.971696],[98.686881,25.925955],[98.705976,25.855426],[98.677642,25.816105],[98.640686,25.798864],[98.553839,25.845731],[98.529201,25.840884],[98.476846,25.77731],[98.461448,25.735267],[98.457752,25.682963],[98.409709,25.664084],[98.402317,25.593939],[98.326557,25.566409],[98.314854,25.543193],[98.247717,25.607971],[98.170724,25.620383],[98.189818,25.569108],[98.163949,25.524292],[98.131304,25.51025],[98.15779,25.457307],[98.137464,25.381633],[98.101123,25.388662],[98.099891,25.354055],[98.06971,25.311864],[98.006884,25.298338],[98.0075,25.279399],[97.940363,25.214985],[97.904023,25.216609],[97.875689,25.25721],[97.839349,25.27074],[97.796233,25.155954],[97.743262,25.078466],[97.719857,25.080634],[97.727864,25.04377],[97.716777,24.978147],[97.729712,24.908689],[97.785762,24.876117],[97.797465,24.845709],[97.765436,24.823984],[97.680437,24.827243],[97.652103,24.790846],[97.569567,24.765852],[97.547394,24.739221],[97.569567,24.708236],[97.570799,24.602719],[97.554785,24.490577],[97.530147,24.443187],[97.588662,24.435559],[97.669966,24.452993],[97.679821,24.401228],[97.716161,24.358711],[97.662574,24.339083],[97.665038,24.296544],[97.721089,24.295999],[97.767284,24.258357],[97.729712,24.227252],[97.72848,24.183585],[97.754349,24.163929],[97.748806,24.160653],[97.743262,24.159561],[97.730944,24.113685],[97.700763,24.093473],[97.697067,24.092927],[97.637321,24.04812],[97.628698,24.004938],[97.572647,23.983068],[97.529531,23.943146],[97.5283,23.926736],[97.618227,23.888438],[97.640401,23.866001],[97.647176,23.840823],[97.684132,23.876946],[97.718009,23.867643],[97.72848,23.895551],[97.763588,23.907041],[97.795617,23.951897],[97.8104,23.943146],[97.863371,23.978693],[97.896015,23.974319],[97.902175,24.014231],[97.984095,24.031177],[97.995182,24.04648],[98.091268,24.085824],[98.096196,24.08637],[98.123297,24.092927],[98.125761,24.092927],[98.132536,24.09238],[98.19721,24.09839],[98.219999,24.113685],[98.343187,24.098936],[98.37768,24.114232],[98.48239,24.122425],[98.487933,24.123517],[98.547063,24.128433],[98.593875,24.08036],[98.646229,24.106038],[98.681954,24.100029],[98.71891,24.127887],[98.818692,24.133348],[98.841482,24.126794],[98.876591,24.15137],[98.895069,24.098936],[98.807606,24.025164],[98.773729,24.022431],[98.727533,23.970491],[98.701048,23.981427],[98.673331,23.960647],[98.701048,23.946427],[98.68565,23.90157],[98.701664,23.834254],[98.669019,23.800857],[98.696121,23.784429],[98.784816,23.781691],[98.824236,23.727462],[98.811917,23.703354],[98.835939,23.683625],[98.847026,23.632097],[98.882134,23.620035],[98.882134,23.595358],[98.844562,23.578904],[98.80391,23.540504],[98.826084,23.470257],[98.874743,23.483431],[98.912315,23.426333],[98.920938,23.360971],[98.872895,23.329651],[98.906772,23.331849],[98.936953,23.309866],[98.928946,23.26589],[98.889525,23.209249],[98.906772,23.185595],[99.002242,23.160287],[99.057677,23.164689],[99.048438,23.11461],[99.106336,23.086536],[99.187024,23.100299],[99.255393,23.077727],[99.281879,23.101399],[99.3484,23.12892],[99.380429,23.099748],[99.440791,23.079379],[99.477747,23.083233],[99.528255,23.065614],[99.517168,23.006685],[99.533798,22.961507],[99.563363,22.925684],[99.531334,22.897019],[99.446951,22.934503],[99.43648,22.913557],[99.462965,22.844635],[99.401371,22.826434],[99.385357,22.761882],[99.326842,22.751396],[99.31514,22.737598],[99.339777,22.708894],[99.385973,22.57136],[99.359487,22.535435],[99.382277,22.493418],[99.297277,22.41156],[99.251698,22.393301],[99.278183,22.34626],[99.233836,22.296434],[99.235683,22.250468],[99.207966,22.232188],[99.175321,22.185647],[99.188256,22.162924],[99.156227,22.159599],[99.219669,22.110816],[99.294814,22.109152],[99.35456,22.095845],[99.400139,22.100281],[99.486987,22.128557],[99.516552,22.099726],[99.562747,22.113034],[99.578762,22.098617],[99.581841,22.103053],[99.648979,22.100835],[99.696406,22.067562],[99.762927,22.068117],[99.870101,22.029288],[99.871333,22.067007],[99.972347,22.053141],[99.965571,22.014309],[100.000064,21.973245],[99.982202,21.919401],[99.960028,21.907186],[99.944014,21.821097],[99.991441,21.703821],[100.049339,21.669899],[100.094303,21.702709],[100.131875,21.699929],[100.169447,21.663225],[100.107853,21.585337],[100.123252,21.565302],[100.131259,21.504066],[100.168831,21.482906],[100.184846,21.516315],[100.206404,21.509634],[100.235353,21.466756],[100.298795,21.477894],[100.349302,21.528564],[100.437381,21.533017],[100.48296,21.458958],[100.526692,21.471211],[100.579047,21.451717],[100.691764,21.510748],[100.730568,21.518542],[100.753358,21.555283],[100.789082,21.570867],[100.804481,21.609821],[100.847597,21.634856],[100.870386,21.67268],[100.896872,21.68269],[100.899335,21.684915],[100.936292,21.694368],[100.937524,21.693812],[101.015132,21.707157],[101.089661,21.773865],[101.123537,21.771642],[101.111835,21.746074],[101.116762,21.691032],[101.153102,21.669343],[101.169117,21.590345],[101.146943,21.560293],[101.209153,21.55751],[101.210385,21.509077],[101.225167,21.499055],[101.193138,21.473996],[101.194986,21.424979],[101.142631,21.409379],[101.183899,21.334699],[101.244877,21.302364],[101.246725,21.275598],[101.222088,21.234324],[101.290457,21.17853],[101.387775,21.225956],[101.439514,21.227072],[101.532521,21.252174],[101.601506,21.233208],[101.588572,21.191365],[101.605818,21.172392],[101.672339,21.194713],[101.703136,21.14616],[101.76473,21.147835],[101.794911,21.208104],[101.834331,21.204756],[101.833715,21.252731],[101.791832,21.285636],[101.745636,21.297345],[101.730238,21.336929],[101.749948,21.409379],[101.741324,21.482906],[101.772737,21.512975],[101.755491,21.538027],[101.754875,21.58478],[101.804766,21.577546],[101.828788,21.617054],[101.807846,21.644313],[101.780129,21.640975],[101.76781,21.716054],[101.747484,21.729953],[101.771506,21.833319],[101.740093,21.845541],[101.735165,21.875534],[101.700057,21.897191],[101.701288,21.938832],[101.666796,21.934391],[101.606434,21.967695],[101.626144,22.005986],[101.573789,22.115251],[101.602738,22.131883],[101.596579,22.161262],[101.547304,22.238282],[101.56455,22.269299],[101.625528,22.28259],[101.671723,22.372826],[101.648318,22.400494],[101.672339,22.47517],[101.715455,22.477935],[101.774585,22.506135],[101.824476,22.45692],[101.823244,22.42705],[101.862665,22.389427],[101.901469,22.384447],[101.907628,22.437007],[101.978461,22.427603],[102.046214,22.458026],[102.131214,22.430922],[102.145381,22.397727],[102.179257,22.430369],[102.270416,22.419858],[102.25625,22.457473],[102.322771,22.554227],[102.356648,22.563623],[102.404691,22.629925],[102.384365,22.679631],[102.43672,22.699508],[102.45951,22.762986],[102.510633,22.774574],[102.551285,22.743669],[102.569763,22.701164],[102.607335,22.730975],[102.657226,22.687913],[102.688639,22.70006],[102.80074,22.620534],[102.82353,22.623296],[102.880196,22.586832],[102.892515,22.533223],[102.930703,22.482359],[102.986754,22.477935],[103.030485,22.441432],[103.081608,22.454154],[103.071753,22.488441],[103.183238,22.558649],[103.161065,22.590147],[103.195557,22.648153],[103.220195,22.643734],[103.283021,22.678526],[103.288564,22.732078],[103.321209,22.777885],[103.323057,22.807678],[103.375411,22.794989],[103.441317,22.753052],[103.436389,22.6973],[103.457947,22.658646],[103.50907,22.601198],[103.529396,22.59291],[103.580519,22.66693],[103.567585,22.701164],[103.642113,22.794989],[103.740048,22.709446],[103.743127,22.697852],[103.766533,22.688465],[103.825047,22.615562],[103.863851,22.584069],[103.875554,22.565833],[103.894032,22.564728],[103.964865,22.502265],[104.009213,22.517745],[104.009213,22.575228],[104.022148,22.593463],[104.04309,22.67687],[104.045553,22.728215],[104.089901,22.768504],[104.117618,22.808781],[104.224176,22.826434],[104.261748,22.841877],[104.274067,22.828088],[104.256821,22.77347],[104.272835,22.73815],[104.323342,22.728767],[104.375697,22.690122],[104.422508,22.734838],[104.498885,22.774574],[104.527834,22.814298],[104.596203,22.846289],[104.674428,22.817056],[104.737869,22.825882],[104.732942,22.852356],[104.760659,22.862282],[104.772362,22.893711],[104.846275,22.926235],[104.860441,22.970874],[104.821021,23.032022],[104.804391,23.110207],[104.874608,23.123417],[104.882615,23.163589],[104.912796,23.175693],[104.949136,23.152033],[104.958991,23.188896],[105.093266,23.260942],[105.122215,23.247745],[105.181962,23.279084],[105.238012,23.26424],[105.260186,23.31811],[105.325475,23.390086],[105.353809,23.362069],[105.372903,23.317561],[105.416018,23.283482],[105.445584,23.292827],[105.50225,23.202648],[105.542902,23.184495],[105.558916,23.177893],[105.574931,23.066165],[105.625438,23.064513],[105.648844,23.078828],[105.724604,23.06231],[105.74185,23.030921],[105.780039,23.022659],[105.805908,22.994565],[105.839169,22.987403],[105.879205,22.916865],[105.893987,22.936707],[105.959277,22.948832],[105.994385,22.93781],[106.019639,22.990709],[106.08616,22.996218],[106.106486,22.980792],[106.153914,22.988505],[106.206885,22.978588],[106.270326,22.907494],[106.258007,22.889852],[106.286957,22.867245],[106.366413,22.857871],[106.37134,22.878273],[106.41384,22.877171],[106.504383,22.91025],[106.525941,22.946628],[106.562282,22.923479],[106.606013,22.925684],[106.631267,22.88103],[106.657136,22.863385],[106.674998,22.891506],[106.716882,22.881582],[106.709491,22.866142],[106.774781,22.812643],[106.776012,22.813746],[106.778476,22.814298],[106.779092,22.813746],[106.779708,22.813195],[106.78094,22.813195],[106.784636,22.812643],[106.796338,22.812091],[106.801882,22.815401],[106.804346,22.816505],[106.808657,22.817608],[106.813585,22.817608],[106.838838,22.803265],[106.820976,22.768504],[106.768621,22.739254],[106.780324,22.708894],[106.756302,22.68957],[106.711955,22.575228],[106.650361,22.575228],[106.61402,22.602303],[106.585071,22.517192],[106.588151,22.472958],[106.560434,22.455813],[106.588767,22.374486],[106.562897,22.345706],[106.663296,22.33076],[106.670071,22.283144],[106.688549,22.260438],[106.7021,22.207257],[106.673151,22.182322],[106.706411,22.160707],[106.691629,22.13521],[106.71565,22.089745],[106.706411,22.021521],[106.683006,21.999882],[106.698404,21.959925],[106.73844,22.008205],[106.790179,22.004876],[106.802498,21.98157],[106.859164,21.986009],[106.926302,21.967695],[106.935541,21.933836],[106.974345,21.923288],[106.999598,21.947714],[107.05996,21.914959],[107.058729,21.887196],[107.018693,21.859427],[107.018077,21.81943],[107.093837,21.803317],[107.148656,21.758858],[107.194851,21.736624],[107.199163,21.718833],[107.242279,21.703265],[107.271844,21.727173],[107.310648,21.733844],[107.356843,21.667674],[107.363619,21.602031],[107.388256,21.594241],[107.431372,21.642088],[107.477567,21.659888],[107.500973,21.613715],[107.486806,21.59591],[107.547168,21.58645],[107.584741,21.614828],[107.603219,21.597579],[107.712856,21.616497],[107.807711,21.655438],[107.837892,21.640419],[107.863761,21.650988],[107.892095,21.622617],[107.893942,21.596466],[107.929051,21.585893],[107.958,21.534131],[108.034376,21.545821],[108.108289,21.508521],[108.193905,21.519656],[108.156332,21.55083],[108.205608,21.597579],[108.241332,21.599805],[108.249955,21.561406],[108.210535,21.505737],[108.230245,21.491259],[108.330027,21.540254],[108.397781,21.533017],[108.492635,21.554727],[108.591802,21.677129],[108.626294,21.67991],[108.658939,21.643757],[108.678033,21.659331],[108.735931,21.628181],[108.734084,21.626512],[108.745786,21.602587],[108.801837,21.626512],[108.83325,21.610933],[108.881293,21.627068],[108.937959,21.589789],[109.093792,21.579215],[109.09872,21.571424],[109.110422,21.568085],[109.138756,21.567528],[109.142451,21.511861],[109.074698,21.489589],[109.039589,21.457844],[109.046365,21.424421],[109.095024,21.419407],[109.138756,21.388762],[109.186183,21.390991],[109.245929,21.425536],[109.41716,21.438906],[109.484914,21.453388],[109.540964,21.466199],[109.576689,21.493487],[109.581,21.548047],[109.612413,21.556953],[109.654913,21.493487],[109.704188,21.462857],[109.785492,21.45673],[109.819369,21.445033],[109.894513,21.442248],[109.904368,21.429992],[109.868644,21.365913],[109.770709,21.359783],[109.757775,21.346963],[109.763934,21.226514],[109.674623,21.136671],[109.674007,21.067997],[109.655529,20.929435],[109.664768,20.862343],[109.711579,20.774519],[109.730057,20.719673],[109.74484,20.621124],[109.793499,20.615522],[109.813825,20.574627],[109.811977,20.541566],[109.839695,20.489439],[109.888354,20.475423],[109.895745,20.42776],[109.864948,20.40196],[109.861252,20.376717],[109.916071,20.316677],[109.909296,20.236961],[109.929006,20.211691],[109.993679,20.254368],[110.082375,20.258859],[110.118099,20.219553],[110.168606,20.219553],[110.220345,20.25156],[110.296722,20.249314],[110.349076,20.258859],[110.384185,20.293103],[110.425453,20.291419],[110.452554,20.311064],[110.491358,20.373912],[110.54125,20.42047],[110.550489,20.47262],[110.499982,20.572386],[110.487047,20.640167],[110.466105,20.680485],[110.411286,20.670966],[110.392192,20.682724],[110.407591,20.731987],[110.393424,20.816479],[110.350924,20.84165],[110.327519,20.847802],[110.269004,20.839972],[110.209874,20.860106],[110.184005,20.891979],[110.180925,20.98197],[110.204947,21.003202],[110.208642,21.050684],[110.241903,21.016051],[110.24991,21.045098],[110.296722,21.093684],[110.39096,21.124949],[110.422373,21.190807],[110.451322,21.186343],[110.501213,21.217588],[110.534474,21.204198],[110.626249,21.215915],[110.65951,21.239902],[110.713097,21.3124],[110.768531,21.364799],[110.796248,21.37483],[110.888639,21.367585],[110.929291,21.375945],[111.034617,21.438906],[111.103602,21.455616],[111.171355,21.458401],[111.28284,21.485691],[111.276065,21.443362],[111.250196,21.45116],[111.257587,21.41495],[111.28592,21.41885],[111.353058,21.464528],[111.382623,21.495714],[111.444217,21.514088],[111.494724,21.501282],[111.521825,21.517429],[111.560629,21.50518],[111.609904,21.530234],[111.650556,21.512418],[111.677658,21.529677],[111.693672,21.590345],[111.736788,21.609821],[111.794686,21.61149],[111.832258,21.578659],[111.810084,21.555283],[111.887693,21.578659],[111.941896,21.607039],[111.972692,21.603144],[112.026895,21.633744],[111.997946,21.657107],[111.954214,21.667674],[111.956062,21.710494],[112.036134,21.761637],[112.136532,21.793871],[112.192583,21.789425],[112.196894,21.736624],[112.236315,21.727173],[112.238778,21.702153],[112.353343,21.707157],[112.415553,21.734956],[112.427256,21.789981],[112.445734,21.803317],[112.497473,21.785535],[112.535661,21.753856],[112.647146,21.758302],[112.68595,21.810541],[112.792508,21.921067],[112.841167,21.920512],[112.893522,21.84443],[112.929862,21.838875],[112.989608,21.869424],[113.047507,21.956595],[113.053666,22.012089],[113.032108,22.04593],[113.045659,22.088636],[113.086927,22.12634],[113.091854,22.065344],[113.142977,22.012089],[113.1516,21.979905],[113.235368,21.887751],[113.266781,21.871646],[113.319752,21.909407],[113.330223,21.96159],[113.442324,22.009315],[113.45957,22.043711],[113.527939,22.073663],[113.567359,22.075327],[113.554425,22.107489],[113.554425,22.142416],[113.534715,22.174009],[113.53841,22.209473],[113.558736,22.212244],[113.594461,22.228864],[113.595693,22.304186],[113.617866,22.315259],[113.604932,22.339617],[113.627721,22.349027],[113.669605,22.416539],[113.66591,22.438667],[113.624642,22.443092],[113.608627,22.408793],[113.573519,22.41156],[113.631417,22.475723],[113.668373,22.4807],[113.691779,22.514981],[113.740438,22.534329],[113.717033,22.645391],[113.678228,22.726007],[113.733663,22.736494],[113.758301,22.683496],[113.765692,22.665825],[113.803264,22.593463],[113.856851,22.539857],[113.869786,22.459685],[113.893807,22.442539],[113.952937,22.486783],[113.954785,22.491206],[113.976343,22.510558],[114.031778,22.503923],[114.082285,22.512216],[114.095219,22.534329],[114.156813,22.543726],[114.166052,22.559201],[114.222719,22.553122],[114.232574,22.539857],[114.294784,22.563623],[114.321885,22.587385],[114.381631,22.60175],[114.427211,22.589042],[114.472174,22.522168],[114.476486,22.459132],[114.506667,22.438667],[114.549167,22.465769],[114.611377,22.481806],[114.628623,22.513875],[114.614456,22.545384],[114.568261,22.560859],[114.559022,22.583517],[114.603369,22.638763],[114.579964,22.661407],[114.51529,22.655332],[114.567029,22.685705],[114.591666,22.690122],[114.601521,22.730975],[114.689601,22.7674],[114.709927,22.787817],[114.749963,22.764089],[114.73518,22.724351],[114.728405,22.651466],[114.743803,22.632687],[114.746267,22.581859],[114.866375,22.591805],[114.88547,22.538751],[114.922426,22.549253],[114.927969,22.621639],[114.945216,22.645391],[115.039454,22.713862],[115.02344,22.726007],[115.053621,22.747533],[115.076411,22.788368],[115.154635,22.80161],[115.190975,22.77347],[115.190359,22.818711],[115.236555,22.82533],[115.230396,22.776781],[115.319091,22.783402],[115.338185,22.776781],[115.349272,22.712206],[115.381301,22.684048],[115.430576,22.684048],[115.471844,22.697852],[115.575322,22.650914],[115.565467,22.684048],[115.609198,22.753052],[115.541445,22.755259],[115.570394,22.786713],[115.583945,22.82864],[115.654162,22.865591],[115.696046,22.84298],[115.760103,22.834707],[115.788437,22.809885],[115.796444,22.739254],[115.829089,22.734838],[115.883291,22.78561],[115.931334,22.802713],[115.965211,22.800506],[115.99724,22.826985],[116.05637,22.844635],[116.104413,22.816505],[116.14137,22.835259],[116.239304,22.921275],[116.259014,22.932298],[116.302746,22.951588],[116.382818,22.91907],[116.449955,22.936707],[116.50539,22.930645],[116.544194,22.996769],[116.576839,23.014397],[116.557129,23.056253],[116.566368,23.088738],[116.550969,23.109656],[116.566368,23.134424],[116.665534,23.158086],[116.701259,23.198248],[116.74499,23.215299],[116.806584,23.200998],[116.821367,23.240597],[116.798577,23.244996],[116.782563,23.313714],[116.871874,23.4159],[116.871258,23.416449],[116.874338,23.447199],[116.874953,23.447748],[116.895895,23.476295],[116.888504,23.501543],[116.92854,23.530079],[116.963649,23.507031],[117.01046,23.502641],[117.044953,23.539955],[117.085605,23.536663],[117.192778,23.5619],[117.291328,23.571225],[117.302415,23.550379],[117.387415,23.555317],[117.463791,23.584937],[117.454552,23.628259],[117.493357,23.642514],[117.501364,23.70445],[117.54448,23.715956],[117.601762,23.70171],[117.660276,23.789357],[117.651653,23.815093],[117.671979,23.878041],[117.691073,23.888985],[117.762522,23.886796],[117.792703,23.906494],[117.807486,23.947521],[117.864768,24.004938],[117.910347,24.012045],[117.927594,24.039922],[117.936217,24.100029],[118.000275,24.152462],[118.019369,24.197232],[118.074803,24.225615],[118.115455,24.229435],[118.158571,24.269814],[118.112376,24.357075],[118.081579,24.35653],[118.088354,24.408858],[118.048934,24.418122],[118.084042,24.528695],[118.121615,24.570067],[118.150564,24.583673],[118.169042,24.559725],[118.242955,24.51236],[118.375382,24.536317],[118.363679,24.567889],[118.444367,24.614689],[118.512736,24.60816],[118.557084,24.572788],[118.558316,24.51236],[118.614366,24.521617],[118.680272,24.58204],[118.687047,24.63373],[118.661178,24.622306],[118.652554,24.653857],[118.670417,24.679962],[118.703677,24.665278],[118.778822,24.743569],[118.786213,24.77672],[118.650707,24.808774],[118.647627,24.843536],[118.702445,24.865258],[118.69875,24.848967],[118.748641,24.84245],[118.807771,24.870687],[118.834256,24.854397],[118.864437,24.887518],[118.933423,24.870687],[118.988857,24.878831],[118.987009,24.898375],[118.932807,24.906518],[118.91864,24.932569],[118.945741,24.954275],[119.014111,24.941252],[119.032589,24.961328],[119.032589,24.961871],[119.007335,24.963499],[119.004872,24.970009],[118.989473,24.973807],[119.023966,25.04377],[119.016575,25.058409],[118.974691,25.024792],[118.945126,25.028588],[118.892155,25.092558],[118.974691,25.115319],[118.951901,25.15162],[118.985162,25.168954],[118.985162,25.19495],[118.942046,25.211195],[118.940198,25.21715],[118.943278,25.221482],[118.903242,25.239347],[118.900162,25.242595],[118.919256,25.248008],[118.91556,25.256668],[118.918024,25.25721],[118.956212,25.272905],[118.996864,25.266411],[118.975307,25.237723],[118.990089,25.20199],[119.055379,25.219316],[119.074473,25.211195],[119.054147,25.168412],[119.032589,25.17437],[119.028893,25.139702],[119.06585,25.102855],[119.075705,25.099604],[119.134219,25.106107],[119.107118,25.075214],[119.119436,25.012861],[119.146538,25.056782],[119.165632,25.145661],[119.137299,25.15487],[119.108349,25.193867],[119.131755,25.223106],[119.190269,25.175995],[119.231537,25.188993],[119.26911,25.159746],[119.314689,25.190076],[119.294979,25.237182],[119.331935,25.230685],[119.380595,25.250173],[119.333167,25.287516],[119.299291,25.328634],[119.247552,25.333502],[119.240776,25.316733],[119.218603,25.368115],[119.14469,25.388121],[119.151465,25.426503],[119.191501,25.424341],[119.219834,25.468654],[119.256175,25.488643],[119.275269,25.476758],[119.26295,25.428124],[119.288204,25.410827],[119.353493,25.411908],[119.343638,25.472436],[119.359037,25.521592],[119.400921,25.493505],[119.45266,25.493505],[119.438493,25.412449],[119.463131,25.448661],[119.491464,25.443257],[119.48592,25.418935],[119.507478,25.396231],[119.486536,25.369737],[119.548746,25.365952],[119.578927,25.400556],[119.555521,25.429205],[119.577695,25.445959],[119.59063,25.398394],[119.582623,25.374063],[119.597405,25.334584],[119.649144,25.342697],[119.665159,25.3719],[119.656535,25.396772],[119.670086,25.435691],[119.622659,25.434069],[119.675014,25.468113],[119.682405,25.445959],[119.688564,25.441095],[119.773564,25.395691],[119.764325,25.433529],[119.804977,25.457847],[119.866571,25.455145],[119.864107,25.469734],[119.862875,25.474597],[119.811136,25.507009],[119.81668,25.532393],[119.861027,25.531313],[119.883817,25.546432],[119.831462,25.579905],[119.843165,25.597717],[119.790194,25.614447],[119.785883,25.66786],[119.700267,25.616606],[119.683637,25.592859],[119.716898,25.551292],[119.715666,25.51187],[119.680557,25.497827],[119.675014,25.475137],[119.634362,25.475137],[119.611572,25.519972],[119.616499,25.556691],[119.586934,25.59232],[119.534579,25.585303],[119.541355,25.6247],[119.478529,25.631715],[119.472986,25.662466],[119.543819,25.684581],[119.602949,25.68512],[119.602949,25.714779],[119.626354,25.723406],[119.628202,25.87212],[119.638057,25.889888],[119.69534,25.904424],[119.723673,26.011503],[119.700267,26.032477],[119.668854,26.026024],[119.654688,26.090002],[119.618963,26.11956],[119.604181,26.168985],[119.664543,26.202282],[119.676246,26.262943],[119.7711,26.285481],[119.802513,26.268846],[119.806825,26.307479],[119.845013,26.323036],[119.862875,26.307479],[119.904143,26.308552],[119.95465,26.352534],[119.946027,26.374519],[119.893672,26.355752],[119.835774,26.434019],[119.83639,26.454381],[119.788346,26.583435],[119.740303,26.610727],[119.670086,26.618218],[119.605412,26.595744],[119.577695,26.622498],[119.619579,26.649246],[119.637441,26.703256],[119.664543,26.726243],[119.711354,26.686681],[119.833926,26.690959],[119.864107,26.671174],[119.873962,26.642827],[119.908455,26.661547],[119.899216,26.693098],[119.938636,26.747088],[119.942947,26.784492],[120.052584,26.786629],[120.061824,26.768997],[119.99407,26.720363],[119.969433,26.686681],[119.972512,26.654594],[119.949107,26.624638],[119.901679,26.624638],[119.851788,26.595209],[119.828383,26.524013],[119.867187,26.509019],[119.947875,26.56042],[119.93802,26.576478],[119.967585,26.597885],[120.007621,26.595744],[120.063671,26.627848],[120.093852,26.613938],[120.1382,26.638012],[120.110483,26.692563],[120.162222,26.717691],[120.151135,26.750829],[120.106787,26.752966],[120.136352,26.797847],[120.103707,26.794642],[120.102476,26.82669],[120.073526,26.823485],[120.042729,26.828292],[120.054432,26.863533],[120.117874,26.882751],[120.126497,26.920644],[120.130193,26.917976],[120.1807,26.920644],[120.233055,26.907837],[120.25954,26.982526],[120.279866,26.987326],[120.275554,27.027315],[120.29588,27.035845],[120.282946,27.089671],[120.391967,27.081146],[120.403054,27.10086],[120.461568,27.142407],[120.492365,27.136016],[120.545952,27.156785],[120.574901,27.234501],[120.554575,27.25206],[120.580444,27.321203],[120.665444,27.357884],[120.673451,27.420055],[120.703016,27.478475],[120.637111,27.561271],[120.634647,27.577186],[120.685154,27.622797],[120.709176,27.682699],[120.771386,27.734623],[120.797871,27.779638],[120.809574,27.775402],[120.840371,27.758986],[120.910588,27.864852],[120.942001,27.896592],[120.97403,27.887071],[121.027616,27.832574],[121.070116,27.834162],[121.107688,27.81352],[121.152036,27.815638],[121.134174,27.787051],[121.13479,27.787051],[121.149572,27.801345],[121.149572,27.801875],[121.153268,27.809815],[121.152652,27.810344],[121.192072,27.822518],[121.193304,27.872259],[121.162507,27.879136],[121.162507,27.90717],[121.099681,27.895005],[121.05595,27.900294],[120.991892,27.95],[121.015298,27.981714],[121.059029,28.096338],[121.108304,28.139092],[121.121239,28.12537],[121.140949,28.031382],[121.176058,28.022401],[121.261057,28.034551],[121.299862,28.067297],[121.328195,28.134343],[121.373774,28.133287],[121.402107,28.197127],[121.45631,28.250385],[121.488955,28.301509],[121.538846,28.299401],[121.571491,28.279376],[121.580114,28.240368],[121.627541,28.251966],[121.669425,28.33312],[121.660186,28.355768],[121.634317,28.347868],[121.658954,28.392628],[121.692831,28.407368],[121.671273,28.472621],[121.646019,28.511544],[121.634317,28.562542],[121.596128,28.575156],[121.557324,28.645033],[121.540694,28.655537],[121.646019,28.682842],[121.689135,28.719062],[121.704534,28.804577],[121.687287,28.863294],[121.774751,28.863818],[121.772287,28.898404],[121.743338,28.954451],[121.711309,28.985865],[121.712541,29.028783],[121.658954,29.058606],[121.660186,29.118226],[121.616454,29.143318],[121.608447,29.168927],[121.715621,29.125022],[121.750113,29.136523],[121.767975,29.166837],[121.780294,29.10986],[121.811091,29.10986],[121.85975,29.086328],[121.884388,29.105677],[121.966308,29.052852],[121.970004,29.092604],[121.988482,29.110906],[121.986634,29.154817],[121.948446,29.193485],[121.971851,29.193485],[121.966924,29.249894],[122.002032,29.260336],[122.000185,29.278608],[121.94475,29.28435],[121.958301,29.334448],[121.936127,29.348012],[121.937975,29.384],[121.975547,29.411113],[121.993409,29.45229],[121.973083,29.477821],[121.968772,29.515846],[121.995257,29.545007],[122.000185,29.582486],[121.966308,29.636078],[121.909641,29.650122],[121.872685,29.632437],[121.833265,29.653242],[121.937359,29.748373],[122.003264,29.762401],[122.043916,29.822647],[122.10243,29.859504],[122.143082,29.877668],[122.140003,29.901535],[122.00696,29.891678],[122.00388,29.92021],[121.971235,29.955476],[121.919497,29.920729],[121.835113,29.958068],[121.78399,29.99332],[121.721164,29.992802],[121.699606,30.007832],[121.652795,30.071037],[121.635548,30.070002],[121.561636,30.184395],[121.497578,30.258861],[121.395332,30.338435],[121.371926,30.37097],[121.328195,30.397299],[121.225333,30.404526],[121.183449,30.434458],[121.092906,30.515952],[121.058413,30.563888],[121.148956,30.599953],[121.188992,30.632916],[121.239499,30.648878],[121.274608,30.677191],[121.362071,30.679764],[121.426129,30.730192],[121.517288,30.775451],[121.601056,30.805269],[121.681128,30.818633],[121.904714,30.814007],[121.943518,30.776993],[121.968156,30.688514],[121.997105,30.658659],[122.087032,30.602014],[122.133227,30.595317],[122.075329,30.647848],[122.011271,30.66947],[121.992793,30.695204],[121.987866,30.753338],[121.970004,30.789333],[121.954605,30.825828],[121.994025,30.862823],[121.990945,30.96859],[121.977395,31.016301],[121.946598,31.066039],[121.809859,31.196669],[121.722396,31.3036],[121.599208,31.37465],[121.520984,31.394575],[121.404571,31.479337],[121.343593,31.511996],[121.371926,31.553314],[121.395332,31.585437],[121.434136,31.590535],[121.547469,31.531382],[121.625693,31.501792],[121.682976,31.491075],[121.819098,31.437987],[121.890547,31.428795],[121.981706,31.464024],[121.995873,31.493117],[121.974931,31.61704],[121.970004,31.718911],[121.889315,31.866425],[121.856055,31.955328],[121.772287,32.032984],[121.759352,32.059362],[121.525295,32.136423],[121.542542,32.152132],[121.458774,32.177462],[121.499426,32.211394],[121.493882,32.263533],[121.450151,32.282256],[121.425513,32.430885],[121.390405,32.460682],[121.352216,32.474315],[121.269681,32.483402],[121.153268,32.52933],[121.076892,32.576243],[121.020225,32.605489],[120.961711,32.612042],[120.979573,32.636236],[120.963559,32.68259],[120.916131,32.701225],[120.953088,32.714318],[120.972182,32.761134],[120.981421,32.85972],[120.957399,32.893395],[120.932762,33.005887],[120.917979,33.02596],[120.871784,33.047032],[120.874247,33.093672],[120.843451,33.209915],[120.819429,33.237951],[120.833595,33.274984],[120.813885,33.303499],[120.769538,33.307],[120.741205,33.337505],[120.717183,33.436945],[120.680227,33.520306],[120.622944,33.615051],[120.611241,33.627012],[120.583524,33.668362],[120.534249,33.782346],[120.500372,33.818152],[120.48559,33.859411],[120.367329,34.091674],[120.347619,34.179352],[120.314359,34.255563],[120.311895,34.306991],[120.103707,34.391481],[119.962657,34.459112],[119.811752,34.485754],[119.781571,34.515839],[119.641137,34.569078],[119.610956,34.592729],[119.569072,34.615389],[119.465594,34.672994],[119.525956,34.73351],[119.456971,34.748264],[119.381827,34.752198],[119.494543,34.754656],[119.497007,34.754164],[119.439725,34.785136],[119.440957,34.769406],[119.378747,34.764489],[119.312841,34.774813],[119.272189,34.797914],[119.238313,34.799388],[119.217371,34.827886],[119.202588,34.890253],[119.214907,34.925589],[119.211211,34.981507],[119.238313,35.048657],[119.285124,35.068252],[119.291899,35.028567],[119.307298,35.032977],[119.292515,35.068742],[119.306066,35.076578],[119.354109,35.080007],[119.373819,35.078538],[119.428022,35.121136],[119.397841,35.137777],[119.411392,35.231689],[119.450812,35.285443],[119.493312,35.318655],[119.538275,35.296678],[119.543819,35.347949],[119.590014,35.37284],[119.579543,35.406504],[119.618963,35.459655],[119.663311,35.562931],[119.662079,35.589215],[119.718129,35.615492],[119.75139,35.617924],[119.772332,35.578995],[119.780339,35.584835],[119.792658,35.615492],[119.824071,35.646136],[119.83023,35.620357],[119.868419,35.60868],[119.925085,35.637382],[119.91215,35.660725],[119.950339,35.729741],[119.920157,35.739943],[119.926317,35.759856],[119.958346,35.760342],[120.01378,35.714193],[120.049505,35.786562],[120.032258,35.812288],[120.064287,35.873414],[120.112331,35.885052],[120.125265,35.906868],[120.152983,35.907353],[120.207801,35.947575],[120.169613,35.888446],[120.202258,35.89184],[120.209033,35.917531],[120.265699,35.966468],[120.30512,35.971796],[120.316206,36.002304],[120.289721,36.017311],[120.285409,36.01247],[120.249069,35.992136],[120.257076,36.025055],[120.198562,35.995525],[120.234902,36.030863],[120.239214,36.062316],[120.181316,36.066669],[120.152367,36.095206],[120.116642,36.102943],[120.108635,36.127599],[120.142512,36.143549],[120.140664,36.173507],[120.181316,36.203936],[120.22012,36.209248],[120.224432,36.19138],[120.260772,36.198624],[120.263236,36.182202],[120.310047,36.185101],[120.297112,36.225664],[120.319902,36.232423],[120.362402,36.196209],[120.35809,36.174956],[120.286025,36.047317],[120.337764,36.055058],[120.429539,36.056994],[120.468959,36.087952],[120.546568,36.091821],[120.546568,36.107778],[120.593995,36.100525],[120.615553,36.120348],[120.64327,36.114547],[120.672835,36.130016],[120.712255,36.126632],[120.696857,36.15563],[120.696857,36.203936],[120.680843,36.238698],[120.686386,36.279234],[120.657437,36.276339],[120.66298,36.331803],[120.744284,36.327946],[120.694393,36.390118],[120.759683,36.46283],[120.828668,36.46668],[120.837291,36.459942],[120.858849,36.424797],[120.848994,36.403124],[120.871784,36.36699],[120.911204,36.412276],[120.917979,36.417573],[120.90874,36.450315],[120.938305,36.447908],[120.965407,36.466199],[120.95432,36.507578],[120.983269,36.546051],[120.962327,36.562877],[120.909972,36.568645],[120.884718,36.601323],[120.847146,36.618617],[120.882255,36.627262],[120.926602,36.611892],[120.955551,36.575855],[121.028848,36.572971],[121.078123,36.607568],[121.161275,36.651273],[121.251818,36.671436],[121.29863,36.702151],[121.31218,36.702151],[121.35776,36.713186],[121.400876,36.701191],[121.3941,36.738129],[121.454462,36.752515],[121.496962,36.795179],[121.506817,36.803805],[121.565331,36.830635],[121.548701,36.807638],[121.485259,36.786073],[121.532071,36.73621],[121.575186,36.740047],[121.556092,36.764502],[121.651563,36.723739],[121.631853,36.80093],[121.6762,36.819137],[121.726092,36.826323],[121.762432,36.84644],[121.767975,36.874691],[121.927504,36.932597],[121.965076,36.938337],[122.008808,36.96225],[122.042684,36.871819],[122.051923,36.904846],[122.093191,36.913938],[122.115981,36.94025],[122.124604,36.944077],[122.141235,36.938337],[122.119677,36.891924],[122.175727,36.894317],[122.188662,36.866073],[122.174495,36.842609],[122.220691,36.848835],[122.275509,36.83734],[122.280437,36.835904],[122.344495,36.828239],[122.378371,36.844525],[122.383915,36.865595],[122.415944,36.85937],[122.454748,36.879],[122.452284,36.88618],[122.434422,36.914416],[122.483081,36.913938],[122.48924,36.886659],[122.532356,36.901496],[122.55761,36.968467],[122.544675,37.004797],[122.583479,37.037289],[122.575472,37.054485],[122.494168,37.033945],[122.467067,37.037289],[122.478769,37.058784],[122.484313,37.128956],[122.533588,37.153286],[122.581015,37.147562],[122.573624,37.176178],[122.624131,37.190959],[122.592718,37.261485],[122.567465,37.25958],[122.573624,37.296247],[122.611196,37.339558],[122.607501,37.364296],[122.650616,37.388551],[122.6925,37.373809],[122.714058,37.392355],[122.701739,37.418501],[122.67587,37.413273],[122.641377,37.428482],[122.553914,37.407093],[122.4954,37.413748],[122.487393,37.43466],[122.41656,37.414699],[122.337103,37.414223],[122.281053,37.430858],[122.287212,37.445114],[122.25272,37.467917],[122.194205,37.456041],[122.166488,37.438937],[122.131996,37.49926],[122.163408,37.519199],[122.150474,37.557163],[122.08888,37.554316],[122.075329,37.540556],[122.017431,37.531065],[121.997721,37.494512],[121.923808,37.473142],[121.772903,37.466492],[121.66573,37.473617],[121.635548,37.494037],[121.575802,37.460317],[121.571491,37.441313],[121.477252,37.475992],[121.460006,37.522522],[121.400876,37.557638],[121.395948,37.589891],[121.435368,37.592737],[121.391021,37.625449],[121.349137,37.635403],[121.358376,37.597479],[121.304789,37.582778],[121.217326,37.582778],[121.17421,37.597479],[121.148956,37.626397],[121.161891,37.646302],[121.142797,37.661464],[121.160043,37.698882],[121.136022,37.723501],[121.037471,37.718767],[120.994356,37.759468],[120.943233,37.785486],[120.940769,37.819533],[120.874863,37.833241],[120.845298,37.826623],[120.839139,37.82426],[120.733197,37.833714],[120.656821,37.793054],[120.634031,37.796364],[120.590915,37.7642],[120.517619,37.750005],[120.454793,37.757576],[120.367945,37.697935],[120.227511,37.693673],[120.22012,37.671886],[120.269395,37.658622],[120.272475,37.636824],[120.215192,37.621183],[120.208417,37.588469],[120.246605,37.556689],[120.222584,37.532963],[120.144359,37.481691],[120.086461,37.465067],[120.064903,37.448915],[120.010085,37.442263],[119.949723,37.419927],[119.926933,37.386649],[119.843781,37.376662],[119.837006,37.346695],[119.883201,37.311004],[119.89244,37.263866],[119.865339,37.233854],[119.83023,37.225754],[119.808057,37.196203],[119.740303,37.133727],[119.698419,37.127047],[119.687332,37.143746],[119.678709,37.158056],[119.576463,37.127524],[119.489616,37.134681],[119.428022,37.125616],[119.361501,37.125616],[119.327624,37.115595],[119.301138,37.139452],[119.298675,37.197156],[119.2069,37.223371],[119.190885,37.25958],[119.204436,37.280058],[119.136683,37.230995],[119.12806,37.254816],[119.091103,37.257674],[119.084328,37.239572],[119.054147,37.254816],[119.03998,37.30434],[119.001176,37.31862],[118.942662,37.497361],[118.939582,37.527268],[118.988857,37.620709],[119.02027,37.6572],[119.080016,37.696514],[119.133603,37.705511],[119.246936,37.698409],[119.275885,37.717347],[119.275269,37.739594],[119.225378,37.752844],[119.217371,37.810077],[119.154545,37.806294],[119.12806,37.814332],[119.12806,37.847892],[119.110813,37.921577],[119.001792,37.99613],[118.974075,38.094162],[118.908169,38.139362],[118.811467,38.157717],[118.703677,38.151129],[118.626069,38.138421],[118.607591,38.129006],[118.597736,38.079088],[118.552156,38.05553],[118.534294,38.063541],[118.517048,38.088509],[118.504729,38.11394],[118.44991,38.124299],[118.431432,38.106406],[118.404331,38.121003],[118.331034,38.12524],[118.217085,38.146893],[118.177665,38.186417],[118.112376,38.210403],[118.045238,38.214165],[118.018753,38.202409],[117.896797,38.279495],[117.895565,38.301572],[117.948536,38.346644],[117.957775,38.376208],[117.937449,38.387936],[117.84629,38.368232],[117.781,38.373862],[117.730493,38.424985],[117.72495,38.457328],[117.678754,38.477008],[117.644878,38.52759],[117.68553,38.539293],[117.638102,38.54491],[117.639334,38.626776],[117.65658,38.66043],[117.729261,38.680055],[117.740964,38.700141],[117.740964,38.753833],[117.671363,38.772032],[117.646725,38.788827],[117.64611,38.828933],[117.752051,38.847579],[117.778536,38.869016],[117.847522,38.855502],[117.875855,38.920252],[117.898029,38.948649],[117.855529,38.957492],[117.837667,39.057011],[117.871543,39.122506],[117.96455,39.172631],[117.977485,39.206028],[118.032919,39.219939],[118.070492,39.213911],[118.077883,39.201854],[118.12531,39.182838],[118.162883,39.136433],[118.1906,39.080708],[118.225092,39.034701],[118.319331,39.009594],[118.366143,39.016104],[118.377845,38.971917],[118.491178,38.909077],[118.539837,38.910008],[118.604511,38.971452],[118.570634,38.999363],[118.533062,39.090928],[118.588497,39.107648],[118.578642,39.130863],[118.637156,39.157319],[118.76096,39.133648],[118.814546,39.138754],[118.857662,39.162888],[118.897082,39.151286],[118.920488,39.171703],[118.951285,39.178662],[118.896466,39.139683],[118.890307,39.118792],[118.926031,39.123435],[118.97777,39.163352],[119.023966,39.187012],[119.038132,39.211593],[119.096031,39.24219],[119.121284,39.281576],[119.185342,39.342234],[119.272805,39.363521],[119.317153,39.4107],[119.316537,39.437051],[119.269726,39.498497],[119.366428,39.734996],[119.474217,39.813189],[119.536427,39.809052],[119.520413,39.840306],[119.540739,39.888079],[119.588166,39.910576],[119.620195,39.904609],[119.642369,39.925264],[119.681789,39.922511],[119.726137,39.940867],[119.787115,39.950502],[119.820375,39.979399],[119.842549,39.956007],[119.872114,39.960594],[119.854252,39.98857],[119.91831,39.989946],[119.941715,40.009659],[119.947259,40.040364],[120.092005,40.077466],[120.134504,40.074719],[120.161606,40.096239],[120.273091,40.127362],[120.371641,40.174478],[120.451097,40.177679],[120.491749,40.20008],[120.523778,40.256737],[120.52193,40.304676],[120.537329,40.325211],[120.602618,40.36079],[120.596459,40.399084],[120.617401,40.41959],[120.616169,40.444645],[120.619249,40.460128],[120.666676,40.467413],[120.693777,40.505647],[120.72211,40.515657],[120.72827,40.539311],[120.822509,40.59432],[120.837291,40.644289],[120.8299,40.671076],[120.861313,40.684692],[120.939537,40.686507],[120.983269,40.712822],[121.032544,40.709193],[121.028848,40.746382],[120.991276,40.744115],[120.980189,40.766329],[120.994356,40.790801],[120.971566,40.805751],[121.00729,40.807563],[121.010986,40.784457],[121.086747,40.79805],[121.076892,40.815716],[121.096602,40.839717],[121.126167,40.86914],[121.177906,40.873665],[121.23642,40.851035],[121.251202,40.880453],[121.355296,40.892217],[121.440296,40.88181],[121.499426,40.880001],[121.526527,40.85194],[121.55486,40.849677],[121.553013,40.817528],[121.576418,40.837906],[121.626309,40.844244],[121.682976,40.829755],[121.732251,40.846961],[121.735331,40.862351],[121.778446,40.886787],[121.816019,40.894931],[121.84312,40.831567],[121.883772,40.802127],[121.934279,40.79805],[121.936127,40.711462],[121.951525,40.680607],[122.025438,40.674253],[122.06609,40.64883],[122.122141,40.657457],[122.148626,40.671983],[122.133843,40.614313],[122.150474,40.588413],[122.245944,40.519752],[122.231162,40.505192],[122.265038,40.48016],[122.240401,40.461039],[122.250872,40.445555],[122.229314,40.424146],[122.186814,40.422779],[122.198517,40.382219],[122.152322,40.357597],[122.135691,40.374925],[122.111054,40.348932],[122.138155,40.338897],[122.110438,40.315629],[122.079641,40.332967],[122.040221,40.322017],[122.039605,40.260391],[122.02667,40.244862],[121.940438,40.242121],[121.950293,40.204194],[121.98109,40.173106],[122.003264,40.172191],[121.995257,40.128277],[121.956453,40.133311],[121.910257,40.072887],[121.824642,40.025701],[121.796309,39.999116],[121.779062,39.942702],[121.76428,39.933525],[121.699606,39.937196],[121.626925,39.882569],[121.572107,39.865116],[121.541926,39.874302],[121.530223,39.851334],[121.472325,39.802155],[121.487107,39.760303],[121.45939,39.747881],[121.502506,39.703233],[121.482796,39.659478],[121.451999,39.658095],[121.450151,39.624914],[121.325731,39.601402],[121.299246,39.606013],[121.263521,39.589873],[121.226565,39.554814],[121.224717,39.519275],[121.268449,39.482794],[121.286927,39.507271],[121.301709,39.476327],[121.270296,39.434277],[121.246891,39.421334],[121.245659,39.389427],[121.270296,39.374162],[121.307869,39.391277],[121.324499,39.371386],[121.35468,39.377863],[121.432904,39.357506],[121.435984,39.329736],[121.466781,39.320014],[121.474788,39.296398],[121.508665,39.29223],[121.51544,39.286672],[121.562252,39.322792],[121.621382,39.326033],[121.72486,39.364447],[121.711925,39.33992],[121.7187,39.320477],[121.667577,39.310754],[121.672505,39.275554],[121.623846,39.285745],[121.589353,39.263044],[121.631237,39.22643],[121.591201,39.228748],[121.586889,39.193506],[121.604136,39.166136],[121.639244,39.166136],[121.68236,39.117863],[121.631853,39.077921],[121.605983,39.080708],[121.642324,39.11972],[121.590585,39.154999],[121.562252,39.127149],[121.599208,39.098824],[121.581962,39.075598],[121.508049,39.034237],[121.431057,39.027263],[121.370695,39.060264],[121.317108,39.012384],[121.341129,38.980757],[121.275224,38.971917],[121.204391,38.941202],[121.180369,38.959819],[121.128014,38.958888],[121.08921,38.922115],[121.094138,38.894173],[121.129862,38.879266],[121.110768,38.862026],[121.12863,38.799089],[121.112,38.776231],[121.13787,38.723023],[121.198848,38.721623],[121.259825,38.786495],[121.280767,38.786961],[121.288775,38.78976],[121.315876,38.793958],[121.359608,38.822406],[121.399028,38.812613],[121.509897,38.817743],[121.564715,38.874607],[121.618302,38.862492],[121.675585,38.86156],[121.708845,38.872744],[121.719316,38.920252],[121.655874,38.946788],[121.618918,38.950046],[121.66265,38.966333],[121.671273,39.010059],[121.73841,38.998898],[121.756889,39.025869],[121.790149,39.022614],[121.804932,38.970986],[121.863446,38.942598],[121.920728,38.969591],[121.905946,38.997503],[121.852975,39.035631],[121.8887,39.027263],[121.929352,39.024939],[121.907178,39.055617],[121.923192,39.053758],[121.963228,39.030053],[122.013735,39.073275],[122.061778,39.060264],[122.071634,39.074204],[122.048228,39.101146],[122.088264,39.112291],[122.127684,39.144788],[122.167104,39.158711],[122.123988,39.172631],[122.117213,39.213911],[122.160329,39.238019],[122.242865,39.267678],[122.274893,39.322329],[122.30877,39.346399],[122.366053,39.370461],[122.366668,39.390815],[122.412864,39.411625],[122.455364,39.408388],[122.467682,39.403301],[122.51203,39.413474],[122.532972,39.419947],[122.581631,39.464316],[122.637066,39.488799],[122.649385,39.516505],[122.682645,39.514658],[122.808913,39.559889],[122.847101,39.581571],[122.860652,39.604629],[122.941956,39.604629],[122.972753,39.594946],[122.978912,39.616156],[123.021412,39.64335],[123.010941,39.655331],[123.103332,39.676983],[123.146448,39.647037],[123.166774,39.674219],[123.212969,39.665928],[123.215433,39.696786],[123.253005,39.689879],[123.286882,39.704154],[123.270251,39.714743],[123.274563,39.753862],[123.350939,39.750641],[123.389744,39.763984],[123.388512,39.74742],[123.392823,39.723949],[123.477823,39.74696],[123.521555,39.772724],[123.534489,39.788361],[123.546808,39.756163],[123.579453,39.781002],[123.612714,39.775023],[123.642279,39.796178],[123.645358,39.823761],[123.674924,39.826979],[123.687858,39.808132],[123.795032,39.822842],[123.812278,39.831115],[123.95148,39.817786],[124.002603,39.800316],[124.103001,39.823302],[124.099306,39.777323],[124.151045,39.74558],[124.173218,39.841225],[124.214486,39.865116],[124.215102,39.883487],[124.21695,39.894049],[124.218182,39.895885],[124.219414,39.899099],[124.241588,39.928477],[124.286551,39.931689],[124.288399,39.962888],[124.349377,39.989029],[124.372167,40.021576],[124.336442,40.049985],[124.346913,40.079756],[124.428217,40.144291],[124.457782,40.177679],[124.490427,40.18408],[124.513833,40.218362],[124.515065,40.22019]]],[[[114.031778,22.503923],[114.000981,22.491206],[113.977575,22.45692],[113.918445,22.418199],[113.920293,22.367845],[113.951706,22.355116],[113.956633,22.359543],[113.980039,22.366185],[114.026234,22.34792],[113.955401,22.298649],[113.969568,22.321349],[113.898119,22.308615],[113.889496,22.271514],[113.8433,22.229418],[113.84946,22.191188],[113.899351,22.215568],[113.935691,22.205041],[113.981271,22.229972],[113.996669,22.206149],[114.026234,22.229418],[114.004676,22.239389],[114.02993,22.263207],[114.034857,22.300864],[114.069966,22.326885],[114.121089,22.320795],[114.145726,22.300864],[114.120473,22.272068],[114.164821,22.226648],[114.200545,22.232188],[114.203009,22.206703],[114.265835,22.200608],[114.248588,22.274837],[114.262139,22.294773],[114.284929,22.263761],[114.313262,22.264315],[114.315726,22.299203],[114.315726,22.299756],[114.278153,22.328546],[114.283081,22.386661],[114.322501,22.385554],[114.323117,22.385554],[114.323733,22.385001],[114.323733,22.384447],[114.356994,22.340171],[114.394566,22.361757],[114.385327,22.41156],[114.406269,22.432582],[114.406269,22.433688],[114.376088,22.436454],[114.325581,22.479041],[114.278769,22.435901],[114.220255,22.427603],[114.205473,22.449729],[114.23319,22.466875],[114.2529,22.445304],[114.340979,22.50337],[114.309566,22.497288],[114.28924,22.52272],[114.263987,22.541515],[114.263371,22.541515],[114.260291,22.547595],[114.232574,22.528801],[114.232574,22.539857],[114.222719,22.553122],[114.166052,22.559201],[114.156813,22.543726],[114.095219,22.534329],[114.082285,22.512216],[114.031778,22.503923]]],[[[122.63953,39.286209],[122.593334,39.278334],[122.539131,39.308439],[122.50895,39.290377],[122.57732,39.269994],[122.67895,39.268605],[122.673406,39.269531],[122.662935,39.273701],[122.655544,39.277407],[122.640761,39.288061],[122.63953,39.286209]]],[[[122.318625,39.170775],[122.345111,39.144788],[122.366053,39.174951],[122.398697,39.16196],[122.383299,39.190723],[122.393154,39.213448],[122.343263,39.203246],[122.322321,39.177271],[122.322937,39.174487],[122.319241,39.172167],[122.318625,39.170775]]],[[[122.691884,39.23292],[122.696812,39.206492],[122.751631,39.229675],[122.740544,39.248679],[122.635834,39.241727],[122.628443,39.231993],[122.690037,39.234774],[122.691268,39.23431],[122.691884,39.23292]]],[[[122.738696,39.034701],[122.704819,39.044463],[122.733152,39.014244],[122.75779,39.009594],[122.739312,39.036561],[122.738696,39.034701]]],[[[110.106396,20.026812],[110.042339,19.991384],[109.997375,19.980136],[109.965346,19.993634],[109.898825,19.994196],[109.855093,19.984073],[109.814441,19.993072],[109.76147,19.981261],[109.712195,20.017253],[109.657993,20.01163],[109.585312,19.98801],[109.526797,19.943573],[109.498464,19.873236],[109.411001,19.895184],[109.349407,19.898561],[109.300748,19.917693],[109.25948,19.898561],[109.255784,19.867045],[109.231147,19.863105],[109.159082,19.79048],[109.169553,19.736411],[109.147379,19.704863],[109.093792,19.68965],[109.048829,19.619764],[108.993394,19.587065],[108.92872,19.524468],[108.855424,19.469182],[108.806148,19.450561],[108.765496,19.400894],[108.694047,19.387346],[108.644772,19.349518],[108.609048,19.276661],[108.591186,19.141592],[108.598577,19.055633],[108.630606,19.003017],[108.637997,18.924346],[108.595497,18.872256],[108.593033,18.809386],[108.65278,18.740258],[108.663866,18.67337],[108.641077,18.565614],[108.644772,18.486738],[108.68912,18.447571],[108.776583,18.441894],[108.881293,18.416344],[108.905315,18.389087],[108.944735,18.314107],[109.006329,18.323198],[109.108575,18.323766],[109.138756,18.268081],[109.17448,18.260125],[109.287813,18.264671],[109.355566,18.215221],[109.441182,18.199303],[109.467051,18.173718],[109.527413,18.169169],[109.584696,18.143579],[109.661688,18.175424],[109.726362,18.177698],[109.749767,18.193618],[109.785492,18.339672],[109.919767,18.375457],[110.022629,18.360121],[110.070672,18.376025],[110.090382,18.399309],[110.116867,18.506602],[110.214186,18.578662],[110.246215,18.609859],[110.329366,18.642185],[110.367555,18.631977],[110.499366,18.651824],[110.499366,18.751592],[110.578206,18.784458],[110.590525,18.838841],[110.585597,18.88075],[110.619474,19.152334],[110.676756,19.286264],[110.706321,19.320153],[110.729727,19.378878],[110.787009,19.399765],[110.844292,19.449996],[110.888023,19.518827],[110.920668,19.552668],[111.008747,19.60398],[111.061718,19.612436],[111.071573,19.628784],[111.043856,19.763448],[111.013675,19.850159],[110.966248,20.018377],[110.940994,20.028499],[110.871393,20.01163],[110.808567,20.035808],[110.778386,20.068415],[110.744509,20.074036],[110.717408,20.148778],[110.687843,20.163947],[110.655814,20.134169],[110.562191,20.110006],[110.526467,20.07516],[110.495054,20.077408],[110.387265,20.113378],[110.318279,20.108882],[110.28933,20.056047],[110.243135,20.077408],[110.144585,20.074598],[110.106396,20.026812]]],[[[120.443706,22.441432],[120.517619,22.408793],[120.569973,22.361757],[120.640806,22.241605],[120.659285,22.154056],[120.661748,22.067007],[120.651277,22.033171],[120.667908,21.983235],[120.701784,21.927174],[120.743052,21.915515],[120.781857,21.923843],[120.854537,21.883309],[120.873016,21.897191],[120.86624,21.984345],[120.907508,22.033171],[120.912436,22.086418],[120.903197,22.12634],[120.914899,22.302525],[120.981421,22.528248],[121.014682,22.584069],[121.03316,22.650914],[121.078739,22.669691],[121.170514,22.723247],[121.21055,22.770711],[121.237652,22.836362],[121.276456,22.877171],[121.324499,22.945526],[121.35468,23.00999],[121.370695,23.084334],[121.409499,23.1025],[121.430441,23.137175],[121.415042,23.196047],[121.440296,23.271937],[121.479716,23.322507],[121.497578,23.419744],[121.5216,23.483431],[121.522832,23.538858],[121.587505,23.760878],[121.621382,23.920718],[121.65957,24.007125],[121.63986,24.064514],[121.643556,24.097843],[121.678048,24.133895],[121.689135,24.174303],[121.809243,24.339083],[121.82649,24.423572],[121.867758,24.47914],[121.88562,24.529784],[121.892395,24.617953],[121.86283,24.671261],[121.841272,24.734329],[121.844968,24.836476],[121.933047,24.938539],[122.012503,25.001471],[121.98109,25.030757],[121.947214,25.031841],[121.917033,25.138076],[121.841888,25.135367],[121.782142,25.160287],[121.745186,25.161912],[121.707613,25.191701],[121.700222,25.226896],[121.655259,25.242054],[121.62323,25.29455],[121.585041,25.309159],[121.53515,25.307535],[121.444607,25.27074],[121.413194,25.238806],[121.371926,25.159746],[121.319572,25.140785],[121.209318,25.12724],[121.132942,25.078466],[121.102145,25.075214],[121.024537,25.040517],[121.009754,24.993878],[120.961095,24.940167],[120.914899,24.864715],[120.89211,24.767482],[120.82374,24.688118],[120.762147,24.658208],[120.68885,24.600542],[120.642654,24.490033],[120.589068,24.43229],[120.546568,24.370159],[120.520698,24.311816],[120.470807,24.242533],[120.451713,24.182493],[120.391967,24.118055],[120.316206,23.984708],[120.278018,23.92783],[120.245989,23.840276],[120.175156,23.807427],[120.102476,23.701162],[120.095084,23.58768],[120.12157,23.504836],[120.108019,23.341191],[120.081534,23.291728],[120.018708,23.073322],[120.029795,23.048544],[120.133272,23.000625],[120.149287,22.896468],[120.20041,22.721039],[120.274323,22.560307],[120.297112,22.531565],[120.443706,22.441432]]],[[[117.024627,23.437865],[116.982743,23.460924],[116.944555,23.440061],[116.951946,23.419744],[117.027091,23.41535],[117.050496,23.400522],[117.081909,23.409309],[117.124409,23.389537],[117.142887,23.400522],[117.142887,23.459826],[117.129336,23.483431],[117.093612,23.459277],[117.058503,23.47355],[117.029554,23.443356],[117.024627,23.437865]]],[[[122.163408,29.988137],[122.239785,29.962735],[122.279205,29.937326],[122.322321,29.940438],[122.341415,29.976733],[122.343879,30.020269],[122.310002,30.039958],[122.290908,30.074663],[122.301379,30.086574],[122.293988,30.100554],[122.152938,30.113497],[122.095655,30.158008],[122.048844,30.147141],[121.955221,30.183878],[121.934895,30.161631],[121.983554,30.100554],[121.989714,30.077252],[121.978011,30.059125],[122.027902,29.991247],[122.106742,30.005759],[122.118445,29.986582],[122.163408,29.988137]]],[[[118.412338,24.514538],[118.374766,24.458986],[118.318715,24.486765],[118.298389,24.477506],[118.31194,24.424661],[118.282375,24.413218],[118.329802,24.382152],[118.353208,24.415398],[118.405563,24.427931],[118.457918,24.412128],[118.477012,24.437738],[118.451758,24.506915],[118.412338,24.514538]]],[[[122.213915,30.186464],[122.178807,30.199396],[122.152938,30.19112],[122.143698,30.163183],[122.168336,30.138343],[122.213915,30.186464]]],[[[122.229314,29.711995],[122.210836,29.700559],[122.269966,29.685482],[122.231162,29.710435],[122.229314,29.711995]]],[[[122.427646,30.738422],[122.427031,30.697777],[122.532972,30.696748],[122.528045,30.725047],[122.475074,30.714243],[122.445509,30.745109],[122.427646,30.738422]]],[[[124.542782,25.903886],[124.584666,25.908731],[124.566804,25.941563],[124.542782,25.903886]]],[[[122.162793,30.329654],[122.058083,30.291938],[122.154169,30.244903],[122.231778,30.234562],[122.247176,30.30124],[122.228082,30.329654],[122.191126,30.329654],[122.176343,30.351863],[122.162793,30.329654]]],[[[112.853486,21.740515],[112.876275,21.772753],[112.840551,21.776644],[112.782653,21.739959],[112.724138,21.719945],[112.70566,21.679354],[112.734609,21.666562],[112.780189,21.671568],[112.730914,21.613715],[112.775261,21.564189],[112.817145,21.590345],[112.798667,21.610933],[112.821457,21.655994],[112.804826,21.686583],[112.83316,21.736624],[112.853486,21.740515]]],[[[122.317393,30.249556],[122.277973,30.242835],[122.358661,30.236113],[122.365437,30.255242],[122.417175,30.238699],[122.40732,30.272817],[122.333408,30.272817],[122.317393,30.249556]]],[[[112.530733,21.583667],[112.563378,21.591458],[112.571385,21.619835],[112.621277,21.606482],[112.665624,21.642644],[112.639139,21.67268],[112.66624,21.683803],[112.663776,21.714386],[112.592327,21.693256],[112.560299,21.666562],[112.57077,21.645982],[112.535045,21.628737],[112.530733,21.583667]]],[[[122.026054,29.178333],[122.013119,29.151681],[122.056851,29.158476],[122.075945,29.176243],[122.036525,29.20759],[122.026054,29.178333]]],[[[112.208597,3.876129],[112.241858,3.845677],[112.280046,3.86777],[112.260336,3.917925],[112.219068,3.908969],[112.208597,3.876129]]],[[[123.445178,25.726102],[123.469816,25.712623],[123.50862,25.722867],[123.512316,25.755212],[123.479055,25.768687],[123.445794,25.749822],[123.445178,25.726102]]],[[[122.372212,29.893234],[122.386379,29.834069],[122.415944,29.828877],[122.401777,29.869884],[122.433806,29.883376],[122.43319,29.919173],[122.411632,29.951846],[122.398081,29.9394],[122.351886,29.959105],[122.330944,29.937845],[122.338951,29.911911],[122.353734,29.89946],[122.362973,29.894272],[122.372212,29.893234]]],[[[119.646064,23.550928],[119.691028,23.547087],[119.678093,23.600294],[119.61034,23.604132],[119.601717,23.575613],[119.566608,23.584937],[119.562297,23.530627],[119.578927,23.502641],[119.609108,23.503738],[119.646064,23.550928]]],[[[123.666916,25.914114],[123.706952,25.91519],[123.689706,25.939949],[123.666916,25.914114]]],[[[119.471138,25.197116],[119.507478,25.183036],[119.52534,25.157579],[119.549362,25.161912],[119.566608,25.210112],[119.540739,25.20199],[119.501319,25.21715],[119.473601,25.259916],[119.44342,25.238806],[119.444036,25.20199],[119.471138,25.197116]]],[[[122.43011,30.408655],[122.432574,30.445294],[122.37406,30.461802],[122.277973,30.471603],[122.281669,30.418461],[122.318625,30.407106],[122.352502,30.422074],[122.43011,30.408655]]],[[[114.142647,22.213906],[114.123553,22.238836],[114.120473,22.177888],[114.154965,22.177888],[114.166668,22.205041],[114.142647,22.213906]]],[[[123.022644,39.546507],[122.96105,39.551122],[122.945035,39.520198],[122.995542,39.495264],[123.036194,39.533123],[123.022644,39.546507]]],[[[121.837577,28.770484],[121.86283,28.782024],[121.861598,28.814016],[121.837577,28.770484]]],[[[114.305871,22.372273],[114.313878,22.340724],[114.332972,22.353455],[114.305255,22.372826],[114.305871,22.372273]]],[[[119.580159,25.627398],[119.611572,25.669479],[119.580775,25.650059],[119.580159,25.627398]]],[[[120.729502,37.947065],[120.721495,37.917328],[120.76461,37.895134],[120.76461,37.923937],[120.729502,37.947065]]],[[[122.265038,29.84549],[122.221307,29.832512],[122.248408,29.804473],[122.310002,29.766557],[122.325401,29.781621],[122.299531,29.819532],[122.319241,29.829397],[122.265038,29.84549]]],[[[119.506246,23.625518],[119.506246,23.577259],[119.47237,23.556962],[119.519181,23.559705],[119.52534,23.62497],[119.506246,23.625518]]],[[[119.976824,26.191005],[120.016244,26.217316],[119.998998,26.235569],[119.970665,26.217852],[119.976824,26.191005]]],[[[114.231342,22.016528],[114.311414,22.041493],[114.302791,22.050368],[114.239965,22.03539],[114.231342,22.016528]]],[[[121.201311,27.623328],[121.197616,27.618025],[121.198848,27.616964],[121.203775,27.625979],[121.201311,27.623328]]],[[[121.790765,29.082144],[121.832649,29.050236],[121.84312,29.082144],[121.82033,29.099402],[121.790765,29.082144]]],[[[110.43346,21.171276],[110.489511,21.138904],[110.508605,21.140579],[110.544945,21.083633],[110.582517,21.094801],[110.632409,21.210893],[110.589293,21.194713],[110.525235,21.190249],[110.499366,21.213125],[110.445163,21.184669],[110.431612,21.180763],[110.43346,21.171276]]],[[[112.435263,21.663781],[112.456205,21.648763],[112.458669,21.68992],[112.435263,21.663781]]],[[[120.692545,37.983867],[120.732581,37.961694],[120.724574,37.987641],[120.692545,37.983867]]],[[[110.517844,21.079166],[110.459946,21.062971],[110.398352,21.096476],[110.352772,21.079724],[110.305961,21.0881],[110.27578,21.033369],[110.211106,20.986999],[110.201251,20.938378],[110.309656,20.963529],[110.347845,20.984763],[110.407591,20.990351],[110.47288,20.983087],[110.511684,20.916578],[110.535706,20.922727],[110.539402,20.987557],[110.560344,21.061295],[110.517844,21.079166]]],[[[122.503407,39.241263],[122.502175,39.224112],[122.547755,39.229211],[122.503407,39.241263]]],[[[118.230636,24.401228],[118.273752,24.441007],[118.233716,24.445911],[118.230636,24.401228]]],[[[121.889315,28.471569],[121.918881,28.497344],[121.881924,28.502603],[121.889315,28.471569]]],[[[122.182503,29.650642],[122.211452,29.692241],[122.200365,29.712515],[122.146778,29.749412],[122.13138,29.788893],[122.083952,29.78318],[122.047612,29.719791],[122.074097,29.701599],[122.095655,29.716673],[122.138155,29.662083],[122.182503,29.650642]]],[[[113.554425,22.107489],[113.6037,22.132438],[113.575983,22.194513],[113.558736,22.212244],[113.53841,22.209473],[113.534715,22.174009],[113.554425,22.142416],[113.554425,22.107489]]],[[[119.906607,26.68989],[119.926933,26.664756],[119.950954,26.692563],[119.906607,26.68989]]],[[[121.795693,31.330186],[121.792613,31.363408],[121.742106,31.407345],[121.585657,31.454836],[121.567179,31.48342],[121.520984,31.494137],[121.509897,31.4824],[121.572107,31.435944],[121.727939,31.35472],[121.76428,31.31536],[121.785222,31.31127],[121.795693,31.330186]]],[[[122.461523,29.944068],[122.459675,29.944586],[122.460291,29.947179],[122.451668,29.943031],[122.451052,29.940956],[122.450436,29.940956],[122.449204,29.9394],[122.4529,29.936807],[122.452284,29.935252],[122.45598,29.926435],[122.457827,29.927472],[122.462755,29.927991],[122.467067,29.928509],[122.459059,29.938882],[122.461523,29.944068]]],[[[118.204151,24.504737],[118.191832,24.536861],[118.14502,24.560814],[118.093281,24.540672],[118.068644,24.463344],[118.084042,24.435559],[118.143173,24.420847],[118.19368,24.463344],[118.204151,24.504737]]],[[[122.570544,30.644244],[122.559457,30.679764],[122.546523,30.651967],[122.570544,30.644244]]],[[[120.786784,40.473787],[120.83298,40.491995],[120.8299,40.516112],[120.805262,40.525666],[120.774465,40.48016],[120.786784,40.473787]]],[[[119.642985,26.129231],[119.665159,26.155556],[119.62697,26.173282],[119.606028,26.15287],[119.642985,26.129231]]],[[[119.929397,26.134067],[119.960194,26.146961],[119.919542,26.172208],[119.929397,26.134067]]],[[[121.869605,28.423685],[121.910873,28.44],[121.889931,28.45105],[121.869605,28.423685]]],[[[119.497623,23.38679],[119.495159,23.349982],[119.516717,23.349982],[119.497623,23.38679]]],[[[123.086702,39.426881],[123.090397,39.450915],[123.054057,39.457847],[123.086702,39.426881]]],[[[113.765076,21.962145],[113.774315,21.998218],[113.74167,21.991559],[113.765076,21.962145]]],[[[121.850511,29.977251],[121.874533,29.964809],[121.933047,29.994875],[121.924424,30.052391],[121.88562,30.094859],[121.848663,30.101072],[121.84004,30.047211],[121.844968,29.982953],[121.850511,29.977251]]],[[[113.266165,8.125929],[113.311129,8.177469],[113.343157,8.193463],[113.288955,8.119412],[113.349933,8.172137],[113.386273,8.238479],[113.386273,8.289412],[113.354244,8.304217],[113.353628,8.237887],[113.293882,8.176284],[113.266165,8.125929]]],[[[122.065474,30.179739],[122.055619,30.200431],[122.017431,30.186464],[122.025438,30.161631],[122.065474,30.179739]]],[[[122.391306,29.970512],[122.411632,30.025969],[122.378371,30.023896],[122.3679,29.980361],[122.391306,29.970512]]],[[[119.557369,23.666634],[119.608492,23.620035],[119.615268,23.661153],[119.586318,23.675952],[119.557369,23.666634]]],[[[113.723192,21.922177],[113.742902,21.950489],[113.71888,21.951599],[113.723192,21.922177]]],[[[121.066421,27.478475],[121.066421,27.461483],[121.107073,27.443958],[121.067036,27.478475],[121.066421,27.478475]]],[[[121.952141,29.187738],[121.979243,29.160043],[121.976779,29.191918],[121.952141,29.187738]]],[[[113.142977,21.831653],[113.162071,21.853873],[113.203955,21.861093],[113.167615,21.876644],[113.136818,21.868869],[113.142977,21.831653]]],[[[120.034106,26.488667],[120.066751,26.498308],[120.071679,26.521336],[120.035954,26.515981],[120.034106,26.488667]]],[[[122.038373,29.759284],[122.011271,29.746294],[122.02975,29.716673],[122.038373,29.759284]]],[[[119.662079,25.646822],[119.673782,25.632794],[119.718745,25.634952],[119.716898,25.664624],[119.662079,25.646822]]],[[[121.957685,30.287804],[122.0008,30.308473],[121.989098,30.339985],[121.94167,30.33327],[121.921344,30.30744],[121.957685,30.287804]]],[[[121.940438,30.114533],[121.910257,30.089163],[121.945982,30.064304],[121.962612,30.106249],[121.940438,30.114533]]],[[[111.99733,3.848065],[112.015192,3.823583],[112.064467,3.830152],[112.073707,3.865979],[112.03367,3.892251],[111.99733,3.848065]]],[[[121.801852,31.356765],[121.8037,31.328652],[121.840656,31.295418],[121.932431,31.283144],[122.016199,31.282121],[122.097503,31.255522],[122.122756,31.307179],[122.116597,31.320984],[122.040837,31.324051],[121.951525,31.337343],[121.845584,31.37465],[121.792613,31.377715],[121.801852,31.356765]]],[[[111.463311,17.077491],[111.536607,17.104949],[111.4861,17.058039],[111.559397,17.087788],[111.542151,17.11982],[111.452224,17.092936],[111.463311,17.077491]]],[[[113.819894,22.396068],[113.813735,22.419858],[113.786634,22.413773],[113.819894,22.396068]]],[[[122.192974,29.965327],[122.163408,29.988137],[122.152322,29.97103],[122.154169,29.97103],[122.155401,29.970512],[122.18435,29.955476],[122.192974,29.965327]]],[[[114.190074,21.986564],[114.229494,21.995443],[114.180835,22.00987],[114.190074,21.986564]]],[[[117.708319,15.182712],[117.712631,15.118592],[117.726798,15.105303],[117.827812,15.111659],[117.72495,15.131302],[117.720638,15.195418],[117.74466,15.217941],[117.784696,15.16885],[117.838899,15.15903],[117.782848,15.187333],[117.748355,15.230068],[117.715095,15.222561],[117.708319,15.182712]]],[[[122.066706,25.6247],[122.087032,25.61067],[122.092575,25.639268],[122.066706,25.6247]]],[[[120.150519,26.798916],[120.140048,26.795176],[120.163454,26.798381],[120.161606,26.803189],[120.150519,26.798916]]],[[[120.990044,36.413239],[120.978341,36.428649],[120.950624,36.414684],[120.990044,36.413239]]],[[[114.153734,21.97491],[114.171596,22.000437],[114.124169,21.985455],[114.153734,21.97491]]],[[[119.760629,26.613402],[119.776644,26.600025],[119.818527,26.616613],[119.796354,26.630523],[119.760629,26.613402]]],[[[122.760254,30.141966],[122.784275,30.130062],[122.781196,30.13265],[122.778116,30.13679],[122.770725,30.138861],[122.763333,30.141966],[122.762101,30.142484],[122.760254,30.141966]]],[[[121.468013,22.67687],[121.474788,22.643734],[121.513592,22.631582],[121.514824,22.676318],[121.468013,22.67687]]],[[[122.287828,29.723949],[122.301379,29.748373],[122.258263,29.753569],[122.241633,29.784738],[122.2133,29.771752],[122.251488,29.731225],[122.287828,29.723949]]],[[[121.510513,22.086972],[121.507433,22.048704],[121.533918,22.022076],[121.594281,21.995443],[121.604752,22.022631],[121.575186,22.037055],[121.575802,22.0842],[121.510513,22.086972]]],[[[123.160614,39.025404],[123.205578,39.057011],[123.20065,39.077921],[123.145832,39.091857],[123.143984,39.038885],[123.160614,39.025404]]],[[[112.241858,3.942404],[112.292365,3.946583],[112.288053,3.97345],[112.254177,3.97942],[112.241858,3.942404]]],[[[116.769628,20.771721],[116.761005,20.750456],[116.87249,20.738143],[116.889736,20.683284],[116.849084,20.628405],[116.749302,20.600958],[116.796113,20.582471],[116.862635,20.588633],[116.905135,20.619443],[116.934084,20.676565],[116.925461,20.726949],[116.88604,20.775638],[116.820135,20.780674],[116.769628,20.771721]]],[[[121.134174,27.787051],[121.134174,27.785992],[121.13479,27.787051],[121.134174,27.787051]]],[[[111.734324,16.19732],[111.779903,16.19732],[111.81686,16.224329],[111.813164,16.261676],[111.782367,16.273741],[111.716462,16.249036],[111.789758,16.250186],[111.790374,16.220307],[111.734324,16.19732]]],[[[113.025333,21.847762],[113.045659,21.882753],[113.007471,21.869424],[113.025333,21.847762]]],[[[122.097503,25.499987],[122.110438,25.465952],[122.122141,25.495666],[122.097503,25.499987]]],[[[122.454132,29.956513],[122.447972,29.955994],[122.445509,29.952365],[122.446741,29.951327],[122.447972,29.947698],[122.459059,29.950809],[122.458443,29.951846],[122.455364,29.955994],[122.454132,29.956513]]],[[[111.649324,16.255931],[111.577875,16.208239],[111.56802,16.162834],[111.611136,16.156511],[111.690592,16.211112],[111.606825,16.177779],[111.598817,16.198469],[111.681353,16.262251],[111.649324,16.255931]]],[[[113.896887,7.607204],[113.919677,7.566865],[113.98743,7.536014],[114.058879,7.537794],[114.157429,7.561525],[114.289856,7.617288],[114.368696,7.638642],[114.407501,7.683126],[114.419819,7.765557],[114.464167,7.814771],[114.540543,7.862201],[114.555326,7.891249],[114.540543,7.945783],[114.511594,7.966527],[114.47279,7.968898],[114.414892,7.952895],[114.268298,7.870501],[114.211632,7.786904],[114.095219,7.721082],[114.029314,7.670078],[113.921524,7.639235],[113.896887,7.607204]]],[[[122.282901,29.860542],[122.30877,29.849642],[122.343263,29.860542],[122.343263,29.882857],[122.301379,29.883895],[122.282901,29.860542]]],[[[122.264423,30.269716],[122.253952,30.237147],[122.315545,30.250073],[122.300147,30.271266],[122.264423,30.269716]]],[[[113.976959,8.872888],[114.013299,8.836817],[114.035473,8.783591],[114.060111,8.816119],[114.041017,8.843913],[113.989894,8.878801],[113.976959,8.872888]]],[[[120.135736,26.550784],[120.167149,26.571661],[120.153598,26.604841],[120.117874,26.568984],[120.135736,26.550784]]],[[[122.781196,30.694175],[122.799674,30.716301],[122.778732,30.729677],[122.757174,30.713728],[122.781196,30.694175]]],[[[113.956017,8.840365],[113.975111,8.793054],[114.012068,8.798376],[113.977575,8.841548],[113.956017,8.840365]]],[[[121.098449,27.937311],[121.152652,27.961629],[121.120623,27.986471],[121.0695,27.984357],[121.038087,27.948942],[121.098449,27.937311]]],[[[109.088249,21.014934],[109.11227,21.02499],[109.117814,21.017727],[109.144299,21.041189],[109.138756,21.067439],[109.09256,21.057386],[109.088865,21.031134],[109.088249,21.014934]]],[[[110.405127,20.678245],[110.437772,20.677685],[110.414366,20.710157],[110.405127,20.678245]]],[[[111.97454,16.323715],[112.002258,16.306484],[112.07617,16.323715],[112.074938,16.349558],[112.047221,16.360469],[112.002874,16.350707],[111.97454,16.323715]]],[[[111.739251,16.452898],[111.766969,16.470116],[111.786679,16.520039],[111.759577,16.545857],[111.765737,16.495366],[111.739251,16.452898]]],[[[120.750444,38.150188],[120.7874,38.158658],[120.742436,38.199116],[120.750444,38.150188]]],[[[112.216604,8.866383],[112.206133,8.88767],[112.180264,8.862244],[112.216604,8.866383]]],[[[113.792177,7.373422],[113.828518,7.362145],[113.829134,7.383511],[113.792177,7.373422]]],[[[120.159142,35.765198],[120.169613,35.740428],[120.193019,35.756942],[120.172077,35.785591],[120.159142,35.765198]]],[[[120.918595,38.345236],[120.914899,38.373393],[120.895189,38.36307],[120.918595,38.345236]]],[[[114.194386,8.764664],[114.201161,8.727991],[114.248588,8.724442],[114.222103,8.784773],[114.194386,8.764664]]],[[[112.232619,16.996239],[112.207981,16.987081],[112.222764,16.960751],[112.292981,16.96762],[112.266496,16.993949],[112.232619,16.996239]]],[[[121.185913,27.963215],[121.237652,27.988056],[121.197616,28.000739],[121.17113,27.978543],[121.185913,27.963215]]],[[[123.716807,39.74512],[123.756843,39.754322],[123.719887,39.763063],[123.716807,39.74512]]],[[[119.421247,23.216949],[119.436029,23.186146],[119.453275,23.216399],[119.421247,23.216949]]],[[[114.689601,10.345648],[114.702536,10.312677],[114.725941,10.319154],[114.747499,10.37214],[114.717318,10.380381],[114.689601,10.345648]]],[[[115.837712,9.709775],[115.861117,9.694438],[115.867277,9.650191],[115.901153,9.67084],[115.925791,9.781734],[115.901153,9.795888],[115.870972,9.778785],[115.837712,9.709775]]],[[[114.617536,9.965688],[114.642173,9.917351],[114.672355,9.927963],[114.685905,9.979245],[114.617536,9.965688]]],[[[113.769387,7.636862],[113.773699,7.601865],[113.814967,7.603051],[113.831597,7.644573],[113.769387,7.636862]]],[[[109.463972,7.344339],[109.463972,7.315254],[109.513247,7.320002],[109.571761,7.373422],[109.654297,7.479648],[109.709115,7.511095],[109.791651,7.524742],[109.938861,7.504569],[109.948716,7.522962],[109.904984,7.55144],[109.816289,7.572797],[109.72205,7.575763],[109.653065,7.559745],[109.536037,7.448792],[109.463972,7.344339]]],[[[120.62664,37.94565],[120.631567,37.981037],[120.602002,37.978678],[120.62664,37.94565]]],[[[120.360554,26.916909],[120.394431,26.933984],[120.363018,26.967592],[120.327909,26.963858],[120.319286,26.944654],[120.360554,26.916909]]],[[[122.836014,30.698806],[122.831087,30.728648],[122.807681,30.714243],[122.836014,30.698806]]],[[[116.273181,8.879392],[116.294123,8.858105],[116.332311,8.901269],[116.305826,8.917233],[116.273181,8.879392]]],[[[112.476531,16.001247],[112.570154,16.011027],[112.612037,16.039212],[112.588016,16.070844],[112.462364,16.043813],[112.448814,16.005274],[112.476531,16.001247]]],[[[110.644727,20.935584],[110.584365,20.948998],[110.548641,20.908752],[110.562807,20.861224],[110.611467,20.860106],[110.646575,20.917137],[110.644727,20.935584]]],[[[112.537509,8.846278],[112.57077,8.815527],[112.639755,8.818484],[112.598487,8.859288],[112.537509,8.846278]]],[[[120.802183,38.284193],[120.848378,38.305799],[120.816349,38.318008],[120.802183,38.284193]]],[[[114.469095,10.836261],[114.475254,10.814512],[114.513442,10.848605],[114.565181,10.836261],[114.593514,10.856245],[114.587355,10.909138],[114.55471,10.900911],[114.469095,10.836261]]],[[[121.489571,37.577086],[121.489571,37.577561],[121.489571,37.578509],[121.488955,37.578035],[121.489571,37.577086]]],[[[119.668238,26.628383],[119.720593,26.635873],[119.758781,26.659408],[119.748926,26.681334],[119.712586,26.6685],[119.673782,26.680799],[119.651608,26.657269],[119.668238,26.628383]]],[[[122.200365,29.969475],[122.233626,29.946661],[122.273662,29.93214],[122.239785,29.960142],[122.200365,29.969475]]],[[[112.409393,16.294996],[112.383524,16.265698],[112.411241,16.2634],[112.475915,16.288677],[112.531349,16.285805],[112.536893,16.312228],[112.509176,16.317397],[112.409393,16.294996]]],[[[121.487723,37.578509],[121.487723,37.577561],[121.488955,37.578035],[121.488955,37.578509],[121.488339,37.578509],[121.487723,37.578509]]],[[[121.485875,37.578509],[121.487723,37.578035],[121.487723,37.578509],[121.485875,37.578509]]],[[[122.471378,29.927472],[122.470762,29.925916],[122.473226,29.925397],[122.47261,29.927472],[122.471378,29.927472]]],[[[121.626925,31.445135],[121.631853,31.456878],[121.579498,31.479848],[121.626925,31.445135]]],[[[114.320037,22.381127],[114.323733,22.384447],[114.323733,22.385001],[114.323117,22.385554],[114.322501,22.385554],[114.319421,22.382234],[114.320037,22.38168],[114.320037,22.381127]]],[[[110.556648,20.32734],[110.593604,20.360447],[110.586213,20.381205],[110.556648,20.32734]]],[[[116.48876,10.395686],[116.461658,10.34918],[116.467202,10.309144],[116.511549,10.297957],[116.566368,10.304434],[116.644592,10.335051],[116.637817,10.365076],[116.514629,10.34918],[116.542346,10.41982],[116.526332,10.426883],[116.48876,10.395686]]],[[[111.500267,16.45175],[111.49534,16.4374],[111.545847,16.43453],[111.538455,16.461507],[111.500267,16.45175]]],[[[121.943518,31.215608],[121.959533,31.159291],[121.995873,31.160828],[122.008808,31.221238],[121.950909,31.228915],[121.943518,31.215608]]],[[[112.349031,16.912088],[112.360734,16.925257],[112.334249,16.962469],[112.30222,16.963041],[112.349031,16.912088]]],[[[122.029134,29.954957],[122.043916,29.930584],[122.058699,29.955994],[122.029134,29.954957]]],[[[115.500177,9.897897],[115.54822,9.869007],[115.585177,9.896128],[115.581481,9.917351],[115.518039,9.933857],[115.500177,9.897897]]],[[[121.044247,27.979072],[121.089826,27.998625],[121.073812,28.007608],[121.044247,27.979072]]],[[[118.869365,39.142932],[118.82009,39.108576],[118.857662,39.098824],[118.869365,39.142932]]],[[[114.669891,8.210048],[114.691449,8.18517],[114.74134,8.189316],[114.726557,8.21064],[114.669891,8.210048]]],[[[114.507899,8.120004],[114.530073,8.103415],[114.595978,8.120596],[114.624311,8.149626],[114.595978,8.15792],[114.507899,8.120004]]],[[[113.895039,8.00505],[113.904894,7.963564],[113.9708,7.944597],[113.969568,7.974825],[113.940003,8.018088],[113.895039,8.00505]]],[[[115.16757,8.386523],[115.18112,8.345668],[115.235939,8.321982],[115.285214,8.314876],[115.315395,8.356326],[115.299381,8.370537],[115.202678,8.395403],[115.16757,8.386523]]],[[[115.436119,9.393447],[115.450286,9.345028],[115.469996,9.3592],[115.456445,9.417064],[115.436119,9.393447]]],[[[120.355011,22.327439],[120.395663,22.342385],[120.383344,22.355669],[120.355011,22.327439]]],[[[116.457347,9.174326],[116.477057,9.137103],[116.500462,9.164282],[116.457347,9.174326]]],[[[113.638192,8.976942],[113.654823,8.962163],[113.730583,9.004133],[113.719496,9.020092],[113.644968,8.989355],[113.638192,8.976942]]],[[[114.696992,11.004322],[114.710543,11.001972],[114.793079,11.07657],[114.799854,11.10476],[114.766593,11.110045],[114.710543,11.039567],[114.696992,11.004322]]],[[[122.152322,29.97103],[122.155401,29.970512],[122.154169,29.97103],[122.152322,29.97103]]],[[[114.62,11.432264],[114.652644,11.436957],[114.661884,11.522584],[114.621232,11.518479],[114.62,11.432264]]],[[[114.910723,10.863298],[114.931049,10.841551],[114.959998,10.902087],[114.934129,10.902674],[114.910723,10.863298]]],[[[111.572948,16.470116],[111.578491,16.447158],[111.614216,16.44027],[111.592658,16.490775],[111.572948,16.470116]]],[[[113.939387,8.875253],[113.912285,8.888853],[113.893807,8.862836],[113.916597,8.837999],[113.939387,8.875253]]],[[[109.936397,7.848566],[109.936397,7.823665],[109.988136,7.8124],[110.050346,7.846194],[110.082991,7.896584],[110.078063,7.949339],[110.0331,7.944597],[109.953027,7.888878],[109.936397,7.848566]]],[[[116.727128,11.501473],[116.765316,11.430504],[116.772092,11.445755],[116.738215,11.514961],[116.727128,11.501473]]],[[[111.690592,16.587731],[111.724469,16.560198],[111.717078,16.59404],[111.690592,16.587731]]],[[[121.88254,31.240684],[121.909026,31.195133],[121.923808,31.234032],[121.88254,31.240684]]],[[[112.507328,16.466098],[112.586784,16.525777],[112.575081,16.537251],[112.499321,16.493645],[112.507328,16.466098]]],[[[111.761425,16.061642],[111.791606,16.028859],[111.828563,16.049565],[111.829795,16.070844],[111.761425,16.061642]]],[[[113.845764,10.018733],[113.865474,10.00341],[113.872249,10.123029],[113.856851,10.12185],[113.845764,10.018733]]],[[[114.791847,8.160882],[114.777064,8.114079],[114.812173,8.110524],[114.818332,8.141332],[114.791847,8.160882]]],[[[116.557129,9.745167],[116.566368,9.718623],[116.593469,9.723932],[116.557129,9.745167]]],[[[115.28275,10.191951],[115.288294,10.172513],[115.333257,10.200198],[115.28891,10.211388],[115.28275,10.191951]]],[[[116.832454,10.476908],[116.855243,10.468669],[116.868794,10.495739],[116.832454,10.476908]]],[[[114.703151,16.170307],[114.816484,16.198469],[114.802934,16.215135],[114.704383,16.199044],[114.703151,16.170307]]],[[[115.97753,9.321997],[115.926407,9.311366],[115.943037,9.269433],[115.976298,9.268252],[115.999088,9.293649],[115.97753,9.321997]]],[[[113.660366,9.231039],[113.676997,9.202683],[113.697323,9.225722],[113.660366,9.231039]]],[[[114.665579,7.590001],[114.671739,7.563898],[114.72163,7.59178],[114.703767,7.614915],[114.665579,7.590001]]],[[[117.770529,10.773361],[117.798862,10.753371],[117.835819,10.803931],[117.831507,10.838612],[117.801942,10.839788],[117.775457,10.809222],[117.770529,10.773361]]],[[[114.493116,10.717504],[114.513442,10.722208],[114.562717,10.778064],[114.539312,10.793349],[114.493116,10.717504]]],[[[114.688985,11.469217],[114.722246,11.429331],[114.737644,11.463938],[114.720398,11.49209],[114.688985,11.469217]]],[[[114.242429,10.242014],[114.263371,10.239658],[114.326197,10.284414],[114.312646,10.300901],[114.265219,10.275581],[114.242429,10.242014]]],[[[116.638433,10.503977],[116.653215,10.491031],[116.70865,10.492797],[116.699411,10.517511],[116.638433,10.503977]]],[[[110.459946,8.116449],[110.471032,8.072012],[110.554184,8.093935],[110.599764,8.156735],[110.568351,8.17273],[110.461793,8.128298],[110.459946,8.116449]]],[[[111.463311,8.52504],[111.497187,8.523857],[111.509506,8.550489],[111.463311,8.52504]]],[[[115.258113,8.509652],[115.271048,8.477098],[115.296301,8.510836],[115.258113,8.509652]]],[[[113.221817,8.073789],[113.235984,8.068456],[113.283411,8.111117],[113.269861,8.120004],[113.221817,8.073789]]],[[[114.305871,22.369506],[114.305871,22.372273],[114.305255,22.372826],[114.305871,22.369506]]],[[[114.074893,10.929118],[114.064422,10.904437],[114.110002,10.918541],[114.096451,10.947921],[114.074893,10.929118]]],[[[117.258068,10.320331],[117.299336,10.313855],[117.299952,10.343293],[117.274698,10.358011],[117.258068,10.320331]]],[[[115.943037,21.097592],[115.953508,21.064088],[115.989233,21.035603],[116.040356,21.02052],[116.067457,21.04063],[116.044051,21.110434],[116.024341,21.12439],[115.965211,21.123832],[115.943037,21.097592]]],[[[114.212864,16.040937],[114.31203,16.034611],[114.306487,16.057616],[114.268914,16.059342],[114.212864,16.040937]]],[[[110.609003,8.010976],[110.642879,7.989049],[110.641648,8.031125],[110.622553,8.041199],[110.609003,8.010976]]],[[[115.509416,8.490712],[115.521735,8.460523],[115.55438,8.461115],[115.569162,8.49012],[115.558691,8.523265],[115.514344,8.519122],[115.509416,8.490712]]],[[[111.539071,7.54432],[111.542767,7.524742],[111.583419,7.543134],[111.612368,7.592374],[111.566788,7.606017],[111.539071,7.54432]]],[[[111.657947,8.672974],[111.665955,8.622683],[111.717694,8.6499],[111.697368,8.67889],[111.657947,8.672974]]],[[[110.460561,7.799948],[110.487663,7.783346],[110.511684,7.805878],[110.485199,7.827815],[110.460561,7.799948]]],[[[112.345952,8.926101],[112.392763,8.919598],[112.384756,8.946793],[112.345952,8.926101]]],[[[111.925265,8.070827],[111.949287,8.05068],[111.994866,8.047125],[112.018888,8.065494],[112.013344,8.093342],[111.95483,8.106377],[111.925265,8.070827]]],[[[116.469665,9.810041],[116.47952,9.785272],[116.50847,9.79117],[116.490607,9.821246],[116.469665,9.810041]]],[[[115.926407,20.981411],[115.939342,20.945644],[115.970139,20.919373],[115.999088,20.922727],[116.000936,20.948439],[115.954124,20.99985],[115.926407,20.981411]]],[[[114.985252,11.078332],[115.013585,11.063062],[115.021592,11.085967],[114.985252,11.078332]]],[[[114.457392,15.599305],[114.466631,15.576823],[114.491884,15.59354],[114.457392,15.599305]]],[[[116.045283,10.095338],[116.067457,10.065876],[116.09579,10.09357],[116.070537,10.12892],[116.045283,10.095338]]],[[[114.10569,16.004124],[114.110618,15.978235],[114.132176,16.007575],[114.10569,16.004124]]],[[[117.266691,10.69163],[117.348611,10.672811],[117.404661,10.671047],[117.418212,10.702803],[117.369553,10.7422],[117.293176,10.735144],[117.266691,10.69163]]],[[[114.854057,7.244611],[114.819564,7.192957],[114.869455,7.198895],[114.854057,7.244611]]],[[[112.207981,8.835634],[112.235699,8.827355],[112.241242,8.852783],[112.207981,8.835634]]],[[[111.670266,7.651098],[111.707223,7.648725],[111.749722,7.703884],[111.726317,7.729977],[111.691208,7.711593],[111.670266,7.651098]]],[[[112.823305,8.910729],[112.859645,8.889444],[112.873196,8.908364],[112.823305,8.910729]]],[[[112.527654,5.79444],[112.531965,5.766455],[112.562762,5.75931],[112.562146,5.820637],[112.527654,5.79444]]],[[[114.599058,8.846278],[114.645869,8.844504],[114.68221,8.881166],[114.665579,8.900087],[114.61692,8.881166],[114.599058,8.846278]]],[[[114.868223,7.983715],[114.907643,7.951117],[114.914419,8.00742],[114.883006,8.011569],[114.868223,7.983715]]],[[[112.945261,8.410204],[112.985297,8.429149],[112.949572,8.432701],[112.945261,8.410204]]],[[[113.600004,6.961929],[113.580294,6.920344],[113.62341,6.942325],[113.600004,6.961929]]],[[[117.347995,10.090624],[117.354154,10.06293],[117.385567,10.063519],[117.373864,10.106532],[117.347995,10.090624]]],[[[116.695099,16.345538],[116.708034,16.299591],[116.738831,16.303612],[116.747454,16.360469],[116.717889,16.373676],[116.695099,16.345538]]],[[[115.834632,22.722695],[115.834632,22.722143],[115.835248,22.722695],[115.834632,22.722695]]],[[[114.315726,22.299203],[114.316958,22.298649],[114.316342,22.30031],[114.315726,22.299756],[114.315726,22.299203]]],[[[112.993304,19.472003],[113.038883,19.480466],[113.048123,19.506417],[113.029028,19.52898],[112.993304,19.52616],[112.980369,19.496263],[112.993304,19.472003]]],[[[114.448153,16.034035],[114.485109,16.034611],[114.521449,16.056466],[114.465399,16.067393],[114.448153,16.034035]]],[[[113.832213,19.158552],[113.874097,19.151203],[113.914749,19.172119],[113.920293,19.223551],[113.875945,19.237113],[113.80696,19.222986],[113.799568,19.19925],[113.832213,19.158552]]],[[[112.650842,5.106941],[112.655769,5.055676],[112.682871,5.048522],[112.719211,5.075944],[112.678559,5.121247],[112.650842,5.106941]]],[[[111.638853,7.907254],[111.665339,7.887099],[111.712766,7.887099],[111.713382,7.927408],[111.651788,7.932743],[111.638853,7.907254]]],[[[112.244322,8.874662],[112.281278,8.855148],[112.288669,8.885896],[112.244322,8.874662]]],[[[112.89229,7.844416],[112.929862,7.827815],[112.93171,7.867537],[112.89229,7.844416]]],[[[112.583088,5.56159],[112.606494,5.51751],[112.614501,5.465683],[112.642834,5.489512],[112.616349,5.568737],[112.583088,5.56159]]],[[[112.523342,5.656289],[112.5449,5.616386],[112.565842,5.63068],[112.56153,5.677133],[112.528886,5.687257],[112.523342,5.656289]]],[[[113.596924,10.240836],[113.617866,10.22199],[113.638192,10.243192],[113.596924,10.240836]]],[[[115.361591,13.948985],[115.397315,13.92517],[115.438583,13.943757],[115.423185,13.977443],[115.377605,13.968732],[115.361591,13.948985]]],[[[113.860546,15.477068],[113.893807,15.463802],[113.890112,15.490909],[113.860546,15.477068]]],[[[114.319421,22.382234],[114.320037,22.381127],[114.320037,22.38168],[114.319421,22.382234]]],[[[115.834632,22.723247],[115.834632,22.722695],[115.835248,22.722695],[115.834632,22.723247]]],[[[112.907072,4.993079],[112.943413,4.991887],[112.952652,5.047926],[112.910768,5.038388],[112.907072,4.993079]]],[[[112.557219,5.109326],[112.568922,5.071771],[112.610806,5.091443],[112.601567,5.120055],[112.557219,5.109326]]],[[[112.350263,5.621747],[112.385988,5.615791],[112.385372,5.643187],[112.350263,5.621747]]],[[[112.226459,16.759147],[112.254177,16.751698],[112.262184,16.778057],[112.211061,16.795819],[112.226459,16.759147]]],[[[112.233851,15.69612],[112.25972,15.734718],[112.240626,15.741055],[112.20367,15.71398],[112.233851,15.69612]]],[[[114.372392,22.32301],[114.373008,22.323564],[114.372392,22.323564],[114.372392,22.32301]]],[[[112.472219,5.73966],[112.496857,5.736683],[112.498089,5.775387],[112.472219,5.73966]]],[[[112.612037,5.367973],[112.640371,5.347715],[112.685334,5.371548],[112.690878,5.406702],[112.62374,5.401935],[112.612037,5.367973]]],[[[113.217506,6.306249],[113.230441,6.285429],[113.243991,6.325878],[113.217506,6.306249]]],[[[116.152457,9.579384],[116.189413,9.565221],[116.187565,9.595317],[116.152457,9.579384]]],[[[114.948911,7.508722],[114.960614,7.484988],[115.012353,7.484988],[115.013585,7.525928],[114.948911,7.508722]]],[[[111.553854,7.807656],[111.585267,7.771487],[111.619759,7.840265],[111.603745,7.861608],[111.553854,7.807656]]],[[[113.938771,15.8355],[113.973263,15.805558],[113.9708,15.83953],[113.938771,15.8355]]],[[[114.926122,16.036911],[114.895325,16.036336],[114.910723,16.001823],[114.926122,16.036911]]],[[[114.323733,22.297541],[114.324349,22.297541],[114.323733,22.298095],[114.323733,22.297541]]],[[[116.749302,9.056736],[116.699411,9.049053],[116.70865,9.024229],[116.740679,9.028367],[116.749302,9.056736]]],[[[112.64653,16.385733],[112.681639,16.400661],[112.660081,16.426494],[112.64653,16.385733]]],[[[115.758256,10.461018],[115.776118,10.434534],[115.801987,10.463372],[115.758256,10.461018]]],[[[111.203384,19.92557],[111.203384,19.925007],[111.204,19.92557],[111.204,19.926132],[111.203384,19.92557]]],[[[117.21372,10.735144],[117.187235,10.741612],[117.206945,10.707507],[117.21372,10.735144]]],[[[115.782277,10.541046],[115.795212,10.499858],[115.805067,10.524571],[115.782277,10.541046]]],[[[112.671784,16.331755],[112.701349,16.331755],[112.677943,16.35932],[112.671784,16.331755]]],[[[113.586453,22.201162],[113.575983,22.201162],[113.575983,22.194513],[113.586453,22.201162]]],[[[112.512255,9.544566],[112.50856,9.525679],[112.568922,9.516826],[112.567074,9.554008],[112.512255,9.544566]]],[[[114.610145,15.649447],[114.581195,15.625242],[114.610761,15.615444],[114.610145,15.649447]]],[[[117.299336,11.077745],[117.264227,11.063062],[117.284553,11.02547],[117.304263,11.027232],[117.299336,11.077745]]],[[[117.691073,11.048965],[117.653501,11.046029],[117.655965,11.024882],[117.690457,11.016658],[117.691073,11.048965]]],[[[114.166668,9.38459],[114.175291,9.342075],[114.195617,9.350933],[114.194386,9.391676],[114.166668,9.38459]]],[[[114.714854,9.736909],[114.693296,9.741038],[114.680978,9.707416],[114.704999,9.700337],[114.714854,9.736909]]],[[[112.554139,5.97839],[112.553523,5.942676],[112.575697,5.971247],[112.554139,5.97839]]],[[[122.51865306,23.46078502],[122.79861399,24.57367379],[122.79889322,24.57678999],[122.79819583,24.57983997],[122.79659008,24.58252516],[122.79423315,24.58458272],[122.79135575,24.58581125],[122.78823955,24.58609049],[122.78518957,24.5853931],[122.78250438,24.58378734],[122.78044682,24.58143041],[122.77921829,24.57855302],[122.49925737,23.46566424],[122.49897813,23.46254804],[122.49967552,23.45949807],[122.50128127,23.45681287],[122.5036382,23.45475531],[122.5065156,23.45352678],[122.50963181,23.45324755],[122.51268178,23.45394494],[122.51536697,23.45555069],[122.51742454,23.45790762],[122.51865306,23.46078502]]],[[[121.17202617,20.8054593],[121.90938804,21.68743347],[121.9109946,21.69011818],[121.91169291,21.69316794],[121.91141462,21.69628423],[121.91018696,21.699162],[121.9081301,21.70151955],[121.9054454,21.70312611],[121.90239563,21.70382443],[121.89927934,21.70354613],[121.89640158,21.70231847],[121.89404403,21.70026162],[121.15668216,20.81828744],[121.1550756,20.81560273],[121.15437729,20.81255297],[121.15465558,20.80943668],[121.15588324,20.80655891],[121.1579401,20.80420136],[121.1606248,20.8025948],[121.16367457,20.80189649],[121.16679085,20.80217478],[121.16966862,20.80340244],[121.17202617,20.8054593]]],[[[119.47366172,18.00707291],[120.02569734,19.02403788],[120.02674143,19.02698721],[120.02682302,19.03011484],[120.02593412,19.0331146],[120.02416175,19.03569286],[120.02167941,19.03759723],[120.01873007,19.03864132],[120.01560245,19.03872291],[120.01260269,19.03783401],[120.01002443,19.03606165],[120.00812005,19.0335793],[119.45608443,18.01661433],[119.45504035,18.01366499],[119.45495876,18.01053737],[119.45584765,18.00753761],[119.45762002,18.00495935],[119.46010237,18.00305497],[119.4630517,18.00201089],[119.46617933,18.0019293],[119.46917909,18.0028182],[119.47175735,18.00459056],[119.47366172,18.00707291]]],[[[119.0726757,15.04098494],[119.0726757,16.04388528],[119.07218626,16.04697545],[119.07076587,16.04976313],[119.06855355,16.05197545],[119.06576587,16.05339584],[119.0626757,16.05388528],[119.05958553,16.05339584],[119.05679784,16.05197545],[119.05458553,16.04976313],[119.05316513,16.04697545],[119.0526757,16.04388528],[119.0526757,15.04105889],[119.0521839,15.00781004],[119.05262758,15.00471297],[119.05400659,15.00190458],[119.05618595,14.99965979],[119.05895232,14.99819832],[119.06203491,14.99766324],[119.06513198,14.99810691],[119.06794036,14.99948592],[119.07018516,15.00166528],[119.07164663,15.00443165],[119.07218171,15.00751424],[119.0726746,15.04083704],[119.0726757,15.04098494]]],[[[118.68646749,11.18959191],[118.52518702,10.91547751],[118.52404181,10.91256595],[118.52385237,10.909443],[118.52463726,10.90641436],[118.52631962,10.9037765],[118.5287348,10.90178762],[118.53164636,10.90064241],[118.53476931,10.90045298],[118.53779795,10.90123786],[118.54043581,10.90292022],[118.54242469,10.9053354],[118.70409227,11.18010771],[118.70476212,11.18147468],[118.87431591,11.606662],[118.87459939,11.60747236],[118.98894963,11.98573108],[118.98937534,11.98883067],[118.9888224,11.99191011],[118.98734492,11.99466796],[118.98508753,11.99683427],[118.98227119,11.99819697],[118.9791716,11.99862269],[118.97609216,11.99806975],[118.97333431,11.99659227],[118.97116801,11.99433487],[118.9698053,11.99151854],[118.85557939,11.6136711],[118.68646749,11.18959191]]],[[[115.54466883,7.14672265],[116.2504858,7.979279],[116.25211077,7.98195261],[116.25283001,7.9849975],[116.25257312,7.98811563],[116.25136525,7.99100176],[116.24932463,7.99337338],[116.24665102,7.99499834],[116.24360613,7.99571758],[116.240488,7.99546069],[116.23760187,7.99425282],[116.23523025,7.99221221],[115.52941328,7.15965587],[115.52778832,7.15698226],[115.52706908,7.15393736],[115.52732596,7.15081924],[115.52853383,7.1479331],[115.53057445,7.14556148],[115.53324806,7.14393652],[115.53629295,7.14321728],[115.53941108,7.14347417],[115.54229721,7.14468204],[115.54466883,7.14672265]]],[[[112.30705249,3.53487257],[111.78690114,3.41687263],[111.78399583,3.41571167],[111.78159146,3.41370973],[111.77992341,3.41106279],[111.77915495,3.40802995],[111.77936129,3.40490807],[111.78052226,3.40200275],[111.78252419,3.39959839],[111.78517113,3.39793033],[111.78820398,3.39716187],[111.79132585,3.39736822],[112.31181658,3.51544515],[112.31248917,3.51562254],[112.52147408,3.5785908],[112.52281386,3.57910186],[112.85206367,3.73256867],[112.85465776,3.7343178],[112.85658437,3.73678292],[112.85765492,3.73972276],[112.85776462,3.74284952],[112.85690272,3.74585715],[112.8551536,3.74845124],[112.85268847,3.75037785],[112.84974864,3.7514484],[112.84662187,3.75155809],[112.84361424,3.7506962],[112.51501594,3.59753306],[112.30705249,3.53487257]]],[[[108.26055972,6.08912451],[108.29013305,6.01266273],[108.29170425,6.00995718],[108.29403462,6.00786957],[108.29689603,6.00660426],[108.3000084,6.00628511],[108.30306706,6.00694335],[108.30577262,6.00851455],[108.30786022,6.01084492],[108.30912553,6.01370633],[108.30944469,6.0168187],[108.30878645,6.01987736],[108.279563,6.09543449],[108.25611734,6.22752625],[108.21679964,6.53816468],[108.21876335,6.94964057],[108.24419535,7.07390742],[108.24433543,7.07703297],[108.24350281,7.08004883],[108.24177899,7.0826598],[108.2393327,7.08461028],[108.23640341,7.08570936],[108.23327786,7.08584944],[108.230262,7.08501682],[108.22765103,7.083293],[108.22570055,7.08084671],[108.22460147,7.07791743],[108.19897125,6.95268198],[108.1987683,6.95072469],[108.19679674,6.53760583],[108.19687578,6.53630242],[108.23630689,6.22476797],[108.23638164,6.22427602],[108.26004031,6.09098419],[108.26055972,6.08912451]]],[[[110.12822847,11.36894451],[110.05553696,11.25335394],[110.05430621,11.25047749],[110.05402458,11.2473615],[110.05471962,11.24431099],[110.05632331,11.24162456],[110.05867865,11.23956519],[110.0615551,11.23833444],[110.06467109,11.23805281],[110.0677216,11.23874785],[110.07040803,11.24035153],[110.07246741,11.24270688],[110.14541497,11.35870461],[110.14588682,11.35954163],[110.20700505,11.48128846],[110.20728377,11.48189306],[110.25854422,11.60358735],[110.25901765,11.60499559],[110.30436343,11.7826124],[110.30456934,11.78364161],[110.32822801,11.94571326],[110.32832827,11.94685414],[110.33424294,12.14159753],[110.33424553,12.14210167],[110.33227398,12.24038351],[110.33172267,12.24346324],[110.33024665,12.24622187],[110.3279904,12.24838938],[110.32517479,12.24975358],[110.32207543,12.25018094],[110.3189957,12.24962962],[110.31623706,12.2481536],[110.31406956,12.24589736],[110.31270536,12.24308175],[110.312278,12.23998238],[110.3142445,12.14195265],[110.3083549,11.94803461],[110.28485499,11.78705054],[110.23982347,11.61066468],[110.18898148,11.48996382],[110.12822847,11.36894451]]],[[[109.82951587,15.22896754],[109.84522534,15.15316562],[109.84633168,15.15023907],[109.84828823,15.14779763],[109.85090347,15.14608029],[109.85392139,15.14525516],[109.85704658,15.145403],[109.85997314,15.14650935],[109.86241457,15.1484659],[109.86413191,15.15108113],[109.86495704,15.15409906],[109.8648092,15.15722425],[109.84903675,15.23333003],[109.84889209,15.23393326],[109.78974541,15.45068337],[109.7892391,15.45210582],[109.69066131,15.67432448],[109.6900529,15.67548445],[109.59147511,15.83677407],[109.59116145,15.8372556],[109.53201478,15.92259221],[109.53166592,15.92306523],[109.30888011,16.20725797],[109.30658844,16.20938798],[109.30375073,16.21070558],[109.30064474,16.21108179],[109.29757451,16.21047978],[109.29484059,16.20895848],[109.29271057,16.20666681],[109.29139298,16.2038291],[109.29101677,16.20072311],[109.29161878,16.19765288],[109.29314007,16.19491896],[109.51574449,15.91095759],[109.57455994,15.82609887],[109.67264555,15.66561455],[109.77065019,15.44468789],[109.82951587,15.22896754]]]]}}]}
